uid,e1_value,e2_value,e3_value,r1_prompt,r1_expected_aliases,r1_response,r1_matched_alias,r2_prompt,r2_expected_aliases,r2_response,r2_matched_alias,fact_comp_type,category
4,The Republic,Plato,Classical Athens,The author of the novel The Republic is,Plato|Platon|Aristocles|Plátōn,Plato.,Plato,Plato was born in the city of,Classical Athens|Ancient Athens|Athens|Athens (Samian Ware Discovery Site),Athens.,Athens,birthcity of novel's author,novel-author-birthcity
13,Gulliver's Travels,Jonathan Swift,Dublin,The author of the novel Gulliver's Travels is,Jonathan Swift|Isaac Bickerstaff|M. B. Drapier|Lemuel Gulliver|Simon Wagstaff,Jonathan Swift,Jonathan Swift,Jonathan Swift was born in the city of,"Dublin|Dublin city|City of Dublin|Baile Átha Cliath|Dublin, Ireland",Dublin,Dublin,birthcity of novel's author,novel-author-birthcity
28,The Satanic Verses,Salman Rushdie,Mumbai,The author of the novel The Satanic Verses is,Salman Rushdie|Rushdie|Joseph Anton|Sir Ahmed Salman Rushdie|Ahmed Salman Rushdie,Salman Rushdie,Salman Rushdie,Salman Rushdie was born in the city of,Mumbai|Bombay,Mumbai.,Mumbai,birthcity of novel's author,novel-author-birthcity
29,The Canterbury Tales,Geoffrey Chaucer,London,The author of the novel The Canterbury Tales is,Geoffrey Chaucer|Chaucer,Geoffrey Chaucer,Geoffrey Chaucer,Geoffrey Chaucer was born in the city of,"London|London, UK|London, United Kingdom|London, England|London UK|London U.K.|Greater London|Londinium|Loñ|Lundenwic|Londinio|Londini|Londiniensium|Augusta|Trinovantum|Kaerlud|Karelundein|Lunden|Big Smoke|the Big Smoke|Lundenburh|Lundenburgh|Llyn Dain|Llan Dian|Londinion|Loniniensi|Lon.|Loñ.|Lond.|LDN",London.,London,birthcity of novel's author,novel-author-birthcity
31,Gone with the Wind,Margaret Mitchell,Atlanta,The author of the novel Gone with the Wind is,Margaret Mitchell|Margaret Munnerlyn Mitchell,Margaret Mitchell,Margaret Mitchell,Margaret Mitchell was born in the city of,"Atlanta|Terminus|Atlanta, Georgia|The Big Peach|Hotlanta|The ATL|The A|Atlanta, GA|Marthasville, Georgia|Marthasville",Atlanta.,Atlanta,birthcity of novel's author,novel-author-birthcity
32,The Grapes of Wrath,John Steinbeck,Salinas,The author of the novel The Grapes of Wrath is,"John Steinbeck|John Ernst Steinbeck, Jr.|John Ernst Steinbeck|John Ernest Steinbeck|John Ernst Steinbeck Jr|Steinbeck",John Steinbeck,John Steinbeck,John Steinbeck was born in the city of,"Salinas|Salinas, California|Salinas, CA",Salinas.,Salinas,birthcity of novel's author,novel-author-birthcity
36,Strange Case of Dr Jekyll and Mr Hyde,Robert Louis Stevenson,Edinburgh,The author of the novel Strange Case of Dr Jekyll and Mr Hyde is,Robert Louis Stevenson|Robert Lewis Balfour Stevenson|Robert Luis Stivensoni|Shih-ti-wen-sheng|Stivenson|Robert Loui Sitivensin|Robert Louis Balfour Stevenson|Robert Lui Stivenson|RL Stivenson|RL Stevenson|RLS|R. L. Stevenson,Robert Louis Stevenson,Robert Louis Stevenson,Robert Louis Stevenson was born in the city of,"Edinburgh|Edinburg|Edinburgh, Scotland|City of Edinburgh|Edina|Modern Athens|Dùn Èideann|Auld Reekie|Athens of the North",Edinburgh.,Edinburgh,birthcity of novel's author,novel-author-birthcity
37,The Good Soldier Švejk,Jaroslav Hašek,Prague,The author of the novel The Good Soldier Švejk is,Jaroslav Hašek|I︠A︡. Gashek|I︠A︡roslav Khashek|Jaroslaw Haschek|I︠A︡roslav Gashek|I︠A︡roslav Hashek|Yaroslav Hasheḳ|Jarosław Haszek|Jaroslav Hasek,Jaroslav Hašek,Jaroslav Hašek,Jaroslav Hašek was born in the city of,Prague|Praha|Hlavní město Praha|City of Prague,Prague,Prague,birthcity of novel's author,novel-author-birthcity
38,Doctor Zhivago,Boris Pasternak,Moscow,The author of the novel Doctor Zhivago is,Boris Pasternak|Boris Leonidovich Pasternak,Boris Pasternak,Boris Pasternak,Boris Pasternak was born in the city of,"Moscow|Moskva|Moscow, Russia|Moskva Federal City, Russia|Moscow, USSR|Moskva, Russia|City of Moscow|Moscow, Russian Federation|Moscow, Soviet Union|Moscow, Russian SFSR|Москва|Moskva, Rossiya|Mosky|Moskovĭ|Moskvi|Moskve|Moskvë",Moscow.,Moscow,birthcity of novel's author,novel-author-birthcity
40,The Godfather,Mario Puzo,New York City,The author of the novel The Godfather is,Mario Puzo|Mario Cleri|Mario Gianluigi Puzo|Mario Francis Puzo,Mario Puzo,Mario Puzo,Mario Puzo was born in the city of,"New York City|NYC|the five boroughs|Big Apple|City of New York|NY City|New York, New York|New York City, New York|New York, NY|New York City, NY|Caput Mundi|The City So Nice They Named It Twice|Capital of the World|New York|New York City (NYC)|New York (city)|Center of the Universe",New York City.,New York City,birthcity of novel's author,novel-author-birthcity
42,The Call of the Wild,Jack London,San Francisco,The author of the novel The Call of the Wild is,"Jack London|John Griffith Chaney|John Griffith ""Jack"" London|John Griffith Chaney London|John Griffith ""Jack London"" Chaney",Jack London,Jack London,Jack London was born in the city of,"San Francisco|San Francisco, California|The City by the Bay|SF|SFO|The Golden City|Paris of the West|Baghdad by the Bay|San Francisco County|San Francisco County, California|San Fran|Frisco|City and County of San Francisco|San Francisco, CA",San Francisco.,San Francisco,birthcity of novel's author,novel-author-birthcity
43,It,Stephen King,Portland,The author of the novel It is,Stephen King|Stephen Edwin King|Richard Bachman|John Swithen|Richard Richard,Stephen King,Stephen King,Stephen King was born in the city of,"Portland|Portland, Maine|Portland Maine|Portland, ME","Portland, Maine.",Portland,birthcity of novel's author,novel-author-birthcity
53,The Magic Mountain,Thomas Mann,Lübeck,The author of the novel The Magic Mountain is,Thomas Mann|Paul Thomas Mann,Thomas Mann,Thomas Mann,Thomas Mann was born in the city of,Lübeck|Hanseatic City of Lübeck|Lubeck|Lybeck|Kreisfreie Stadt Lübeck,Lübeck,Lübeck,birthcity of novel's author,novel-author-birthcity
77,Mrs Dalloway,Virginia Woolf,London,The author of the novel Mrs Dalloway is,"Virginia Woolf|Virxhinia Ulf|Virginia yo ""juanito"" Adeline Woolf|Virg̔inyah Vold|Virdžiniâ Vulf|Virdzhiniia Vulf|Virzhinia Ulf|Virginia Stephen|Virzhin︠iia Ulf|Adeline Virginia Stephen|Virginyah Volf|Adeline Virginia Woolf|Virginia Adeline Woolf|Adeline Virginia Stephen Woolf|Birtzinia Gulph|Virginia Stephen Woolf|Woolf, Virginia, 1882-1941",Virginia Woolf.,Virginia Woolf,Virginia Woolf was born in the city of,"London|London, UK|London, United Kingdom|London, England|London UK|London U.K.|Greater London|Londinium|Loñ|Lundenwic|Londinio|Londini|Londiniensium|Augusta|Trinovantum|Kaerlud|Karelundein|Lunden|Big Smoke|the Big Smoke|Lundenburh|Lundenburgh|Llyn Dain|Llan Dian|Londinion|Loniniensi|Lon.|Loñ.|Lond.|LDN",London.,London,birthcity of novel's author,novel-author-birthcity
81,Misery,Stephen King,Portland,The author of the novel Misery is,Stephen King|Stephen Edwin King|Richard Bachman|John Swithen|Richard Richard,Stephen King.,Stephen King,Stephen King was born in the city of,"Portland|Portland, Maine|Portland Maine|Portland, ME","Portland, Maine.",Portland,birthcity of novel's author,novel-author-birthcity
123,Where the Wild Things Are,Maurice Sendak,New York City,The author of the novel Where the Wild Things Are is,Maurice Sendak|Maurice Bernard Sendak,Maurice Sendak,Maurice Sendak,Maurice Sendak was born in the city of,"New York City|NYC|the five boroughs|Big Apple|City of New York|NY City|New York, New York|New York City, New York|New York, NY|New York City, NY|Caput Mundi|The City So Nice They Named It Twice|Capital of the World|New York|New York City (NYC)|New York (city)|Center of the Universe",New York City.,New York City,birthcity of novel's author,novel-author-birthcity
125,The Dead Zone,Stephen King,Portland,The author of the novel The Dead Zone is,Stephen King|Stephen Edwin King|Richard Bachman|John Swithen|Richard Richard,Stephen King,Stephen King,Stephen King was born in the city of,"Portland|Portland, Maine|Portland Maine|Portland, ME","Portland, Maine.",Portland,birthcity of novel's author,novel-author-birthcity
129,Firestarter,Stephen King,Portland,The author of the novel Firestarter is,Stephen King|Stephen Edwin King|Richard Bachman|John Swithen|Richard Richard,Stephen King,Stephen King,Stephen King was born in the city of,"Portland|Portland, Maine|Portland Maine|Portland, ME","Portland, Maine.",Portland,birthcity of novel's author,novel-author-birthcity
134,Metro 2033,Dmitry Glukhovsky,Moscow,The author of the novel Metro 2033 is,Dmitry Glukhovsky|Dmitry Alekseyevich Glukhovsky|Dmitry Alexeevich Glukhovsky,Dmitry Glukhovsky,Dmitry Glukhovsky,Dmitry Glukhovsky was born in the city of,"Moscow|Moskva|Moscow, Russia|Moskva Federal City, Russia|Moscow, USSR|Moskva, Russia|City of Moscow|Moscow, Russian Federation|Moscow, Soviet Union|Moscow, Russian SFSR|Москва|Moskva, Rossiya|Mosky|Moskovĭ|Moskvi|Moskve|Moskvë",Moscow.,Moscow,birthcity of novel's author,novel-author-birthcity
137,Cujo,Stephen King,Portland,The author of the novel Cujo is,Stephen King|Stephen Edwin King|Richard Bachman|John Swithen|Richard Richard,Stephen King,Stephen King,Stephen King was born in the city of,"Portland|Portland, Maine|Portland Maine|Portland, ME","Portland, Maine.",Portland,birthcity of novel's author,novel-author-birthcity
149,Bag of Bones,Stephen King,Portland,The author of the novel Bag of Bones is,Stephen King|Stephen Edwin King|Richard Bachman|John Swithen|Richard Richard,Stephen King,Stephen King,Stephen King was born in the city of,"Portland|Portland, Maine|Portland Maine|Portland, ME","Portland, Maine.",Portland,birthcity of novel's author,novel-author-birthcity
166,Dreamcatcher,Stephen King,Portland,The author of the novel Dreamcatcher is,Stephen King|Stephen Edwin King|Richard Bachman|John Swithen|Richard Richard,Stephen King,Stephen King,Stephen King was born in the city of,"Portland|Portland, Maine|Portland Maine|Portland, ME","Portland, Maine.",Portland,birthcity of novel's author,novel-author-birthcity
170,Holes,Louis Sachar,New York City,The author of the novel Holes is,Louis Sachar,Louis Sachar,Louis Sachar,Louis Sachar was born in the city of,"New York City|NYC|the five boroughs|Big Apple|City of New York|NY City|New York, New York|New York City, New York|New York, NY|New York City, NY|Caput Mundi|The City So Nice They Named It Twice|Capital of the World|New York|New York City (NYC)|New York (city)|Center of the Universe",New York City.,New York City,birthcity of novel's author,novel-author-birthcity
171,The Song of Hiawatha,Henry Wadsworth Longfellow,Portland,The author of the novel The Song of Hiawatha is,Henry Wadsworth Longfellow|Henry W. Longfellow|H. W. Longfellow|Longfellow,Henry Wadsworth Longfellow,Henry Wadsworth Longfellow,Henry Wadsworth Longfellow was born in the city of,"Portland|Portland, Maine|Portland Maine|Portland, ME","Portland, Maine.",Portland,birthcity of novel's author,novel-author-birthcity
178,Dolores Claiborne,Stephen King,Portland,The author of the novel Dolores Claiborne is,Stephen King|Stephen Edwin King|Richard Bachman|John Swithen|Richard Richard,Stephen King,Stephen King,Stephen King was born in the city of,"Portland|Portland, Maine|Portland Maine|Portland, ME","Portland, Maine.",Portland,birthcity of novel's author,novel-author-birthcity
193,Desperation,Stephen King,Portland,The author of the novel Desperation is,Stephen King|Stephen Edwin King|Richard Bachman|John Swithen|Richard Richard,Stephen King,Stephen King,Stephen King was born in the city of,"Portland|Portland, Maine|Portland Maine|Portland, ME","Portland, Maine.",Portland,birthcity of novel's author,novel-author-birthcity
220,A Passage to India,E. M. Forster,London,The author of the novel A Passage to India is,E. M. Forster|EM Forster|E Forster|Edward Morgan Forster,E.M. Forster,E. M. Forster,E. M. Forster was born in the city of,"London|London, UK|London, United Kingdom|London, England|London UK|London U.K.|Greater London|Londinium|Loñ|Lundenwic|Londinio|Londini|Londiniensium|Augusta|Trinovantum|Kaerlud|Karelundein|Lunden|Big Smoke|the Big Smoke|Lundenburh|Lundenburgh|Llyn Dain|Llan Dian|Londinion|Loniniensi|Lon.|Loñ.|Lond.|LDN",London,London,birthcity of novel's author,novel-author-birthcity
225,The Crucible,Arthur Miller,New York City,The author of the novel The Crucible is,Arthur Miller|Arthur Asher Miller,Arthur Miller,Arthur Miller,Arthur Miller was born in the city of,"New York City|NYC|the five boroughs|Big Apple|City of New York|NY City|New York, New York|New York City, New York|New York, NY|New York City, NY|Caput Mundi|The City So Nice They Named It Twice|Capital of the World|New York|New York City (NYC)|New York (city)|Center of the Universe",New York City.,New York City,birthcity of novel's author,novel-author-birthcity
233,The Dark Tower IV: Wizard and Glass,Stephen King,Portland,The author of the novel The Dark Tower IV: Wizard and Glass is,Stephen King|Stephen Edwin King|Richard Bachman|John Swithen|Richard Richard,Stephen King,Stephen King,Stephen King was born in the city of,"Portland|Portland, Maine|Portland Maine|Portland, ME","Portland, Maine.",Portland,birthcity of novel's author,novel-author-birthcity
236,The Age of Innocence,Edith Wharton,New York City,The author of the novel The Age of Innocence is,Edith Wharton|Edith Newbold Jones|Edith Newbold Jones Wharton|Edith Jones,Edith Wharton,Edith Wharton,Edith Wharton was born in the city of,"New York City|NYC|the five boroughs|Big Apple|City of New York|NY City|New York, New York|New York City, New York|New York, NY|New York City, NY|Caput Mundi|The City So Nice They Named It Twice|Capital of the World|New York|New York City (NYC)|New York (city)|Center of the Universe",New York City.,New York City,birthcity of novel's author,novel-author-birthcity
245,The Dark Tower V: Wolves of the Calla,Stephen King,Portland,The author of the novel The Dark Tower V: Wolves of the Calla is,Stephen King|Stephen Edwin King|Richard Bachman|John Swithen|Richard Richard,Stephen King,Stephen King,Stephen King was born in the city of,"Portland|Portland, Maine|Portland Maine|Portland, ME","Portland, Maine.",Portland,birthcity of novel's author,novel-author-birthcity
264,Psycho,Robert Bloch,Chicago,The author of the novel Psycho is,Robert Bloch|Tarleton Fiske|Will Folke|Nathan Hindin|E. K. Jarvis|Floyd Scriltch|Wilson Kane|John Sheldon|Collier Young|Robert Albert Bloch,Robert Bloch.,Robert Bloch,Robert Bloch was born in the city of,"Chicago|Chicago, Illinois|The Windy City|City by the Lake|The Queen of the West|Chi-Town|Chitown|The Second City|City of Chicago|City of Broad Shoulders|Chi-Raq|Chicago, IL",Chicago.,Chicago,birthcity of novel's author,novel-author-birthcity
318,The Mist,Stephen King,Portland,The author of the novel The Mist is,Stephen King|Stephen Edwin King|Richard Bachman|John Swithen|Richard Richard,Stephen King,Stephen King,Stephen King was born in the city of,"Portland|Portland, Maine|Portland Maine|Portland, ME","Portland, Maine.",Portland,birthcity of novel's author,novel-author-birthcity
341,Like Water for Chocolate,Laura Esquivel,Mexico City,The author of the novel Like Water for Chocolate is,Laura Esquivel|Laura Beatriz Esquivel Valdés,Laura Esquivel,Laura Esquivel,Laura Esquivel was born in the city of,"Mexico City|Mexico D.F.|Ciudad de México|City of Mexico|Mexico City, Mexico|CDMX|Mexico",Mexico City.,Mexico City,birthcity of novel's author,novel-author-birthcity
435,The House of Mirth,Edith Wharton,New York City,The author of the novel The House of Mirth is,Edith Wharton|Edith Newbold Jones|Edith Newbold Jones Wharton|Edith Jones,Edith Wharton,Edith Wharton,Edith Wharton was born in the city of,"New York City|NYC|the five boroughs|Big Apple|City of New York|NY City|New York, New York|New York City, New York|New York, NY|New York City, NY|Caput Mundi|The City So Nice They Named It Twice|Capital of the World|New York|New York City (NYC)|New York (city)|Center of the Universe",New York City.,New York City,birthcity of novel's author,novel-author-birthcity
445,House of Leaves,Mark Z. Danielewski,New York City,The author of the novel House of Leaves is,Mark Z. Danielewski,Mark Z. Danielewski,Mark Z. Danielewski,Mark Z. Danielewski was born in the city of,"New York City|NYC|the five boroughs|Big Apple|City of New York|NY City|New York, New York|New York City, New York|New York, NY|New York City, NY|Caput Mundi|The City So Nice They Named It Twice|Capital of the World|New York|New York City (NYC)|New York (city)|Center of the Universe",New York City.,New York City,birthcity of novel's author,novel-author-birthcity
477,Big Little Lies,Liane Moriarty,Sydney,The author of the novel Big Little Lies is,Liane Moriarty|Lian Moriarty,Liane Moriarty,Liane Moriarty,Liane Moriarty was born in the city of,"Sydney|Sydney, Australia|Sydney, New South Wales, Australia|Sydney, New South Wales|Sydney, NSW, Australia|Sydney, NSW|Emerald City|Harbour City|Port Jackson|Greater Sydney|Sydney, N.S.W.|Gadi|Eora|Sydney, N. S. W.","Sydney, Australia.",Sydney,birthcity of novel's author,novel-author-birthcity
573,Elegia di Madonna Fiammetta,Giovanni Boccaccio,Florence,The author of the novel Elegia di Madonna Fiammetta is,Giovanni Boccaccio|Giovanni Boccace|Boccaccio|Boccace|Joanni B. de Certaldo,Giovanni Boccaccio,Giovanni Boccaccio,Giovanni Boccaccio was born in the city of,"Florence|Firenze|Florence, Italy|Florence, Tuscany|Florencia|Florentia|Florenz|Firenca|Florencie|Fiuränza|Florentzia|Firense|Firenz|Firenzi|Florence Municipality",Florence.,Florence,birthcity of novel's author,novel-author-birthcity
749,Nine Perfect Strangers,Liane Moriarty,Sydney,The author of the novel Nine Perfect Strangers is,Liane Moriarty|Lian Moriarty,Liane Moriarty,Liane Moriarty,Liane Moriarty was born in the city of,"Sydney|Sydney, Australia|Sydney, New South Wales, Australia|Sydney, New South Wales|Sydney, NSW, Australia|Sydney, NSW|Emerald City|Harbour City|Port Jackson|Greater Sydney|Sydney, N.S.W.|Gadi|Eora|Sydney, N. S. W.","Sydney, Australia",Sydney,birthcity of novel's author,novel-author-birthcity
923,Corbaccio,Giovanni Boccaccio,Florence,The author of the novel Corbaccio is,Giovanni Boccaccio|Giovanni Boccace|Boccaccio|Boccace|Joanni B. de Certaldo,Giovanni Boccaccio,Giovanni Boccaccio,Giovanni Boccaccio was born in the city of,"Florence|Firenze|Florence, Italy|Florence, Tuscany|Florencia|Florentia|Florenz|Firenca|Florencie|Fiuränza|Florentzia|Firense|Firenz|Firenzi|Florence Municipality",Florence.,Florence,birthcity of novel's author,novel-author-birthcity
972,In the Time of the Butterflies,Julia Alvarez,New York City,The author of the novel In the Time of the Butterflies is,Julia Alvarez,Julia Alvarez.,Julia Alvarez,Julia Alvarez was born in the city of,"New York City|NYC|the five boroughs|Big Apple|City of New York|NY City|New York, New York|New York City, New York|New York, NY|New York City, NY|Caput Mundi|The City So Nice They Named It Twice|Capital of the World|New York|New York City (NYC)|New York (city)|Center of the Universe",New York City.,New York City,birthcity of novel's author,novel-author-birthcity
1065,On Earth We're Briefly Gorgeous,Ocean Vuong,Ho Chi Minh City,The author of the novel On Earth We're Briefly Gorgeous is,Ocean Vuong|Vương Quốc Vinh,Ocean Vuong,Ocean Vuong,Ocean Vuong was born in the city of,Ho Chi Minh City|Ho Chi Minh|Sài Gòn|Saïgon|HCMC|Sai Gon|Saigon|Thành-Phô Hồ Chí Minh|Hôchiminh Ville|Thành Phố Hồ Chí Minh|Prey Nokor|Gia Định,Saigon (now Ho Chi Minh City).,Ho Chi Minh City,birthcity of novel's author,novel-author-birthcity
1195,Zami: A New Spelling of My Name,Audre Lorde,New York City,The author of the novel Zami: A New Spelling of My Name is,Audre Lorde|Audre Geraldine Lorde,Audre Lorde,Audre Lorde,Audre Lorde was born in the city of,"New York City|NYC|the five boroughs|Big Apple|City of New York|NY City|New York, New York|New York City, New York|New York, NY|New York City, NY|Caput Mundi|The City So Nice They Named It Twice|Capital of the World|New York|New York City (NYC)|New York (city)|Center of the Universe",New York City.,New York City,birthcity of novel's author,novel-author-birthcity
1327,Kabuliwala,Rabindranath Tagore,Kolkata,The author of the novel Kabuliwala is,"Rabindranath Tagore|Rabīndranātha Thākur|Kabiguru|Tagore|Bishwakabi|R. Tagore|Rabindranat Tagor|Bhanu Singha Thakur|Gurudev|Biswakabi|Nyi Wang Gönpo|Tagore, rabindranath",Rabindranath Tagore,Rabindranath Tagore,Rabindranath Tagore was born in the city of,Kolkata|Calcutta|City of Palaces|City of Processions|City of Joy,Calcutta (now Kolkata).,Kolkata,birthcity of novel's author,novel-author-birthcity
1617,The Autobiography of an Ex-Colored Man,James Weldon Johnson,Jacksonville,The author of the novel The Autobiography of an Ex-Colored Man is,James Weldon Johnson|J. W. Johnson,James Weldon Johnson,James Weldon Johnson,James Weldon Johnson was born in the city of,"Jacksonville|Jacksonville, Florida|Jacksonville, FL",Jacksonville.,Jacksonville,birthcity of novel's author,novel-author-birthcity
1858,Such a Fun Age,Kiley Reid,Los Angeles,The author of the novel Such a Fun Age is,Kiley Reid,Kiley Reid,Kiley Reid,Kiley Reid was born in the city of,"Los Angeles|Los Angeles, California|Pink City|The town of Our Lady the Queen of the Angels of the Little Portion|La La Land|Tinsel Town|City of Angels|City of Los Angeles|LA, California|L.A.|LA|Double Dubuque|Los Ángeles|Los Angeles, CA",Los Angeles.,Los Angeles,birthcity of novel's author,novel-author-birthcity
2324,The Years of Lyndon Johnson,Robert Caro,New York City,The author of the novel The Years of Lyndon Johnson is,Robert Caro|Robert Allan Caro|Robert A. Caro,Robert Caro,Robert Caro,Robert Caro was born in the city of,"New York City|NYC|the five boroughs|Big Apple|City of New York|NY City|New York, New York|New York City, New York|New York, NY|New York City, NY|Caput Mundi|The City So Nice They Named It Twice|Capital of the World|New York|New York City (NYC)|New York (city)|Center of the Universe",New York City.,New York City,birthcity of novel's author,novel-author-birthcity
2360,The Robber Bridegroom,Eudora Welty,Jackson,The author of the novel The Robber Bridegroom is,Eudora Welty|Eudora Alice Welty,Eudora Welty,Eudora Welty,Eudora Welty was born in the city of,"Jackson|Jackson, Mississippi|City of Jackson|Jackson, MS","Jackson, Mississippi",Jackson,birthcity of novel's author,novel-author-birthcity
27163,Crime and Punishment,Fyodor Dostoyevsky,Russia,The author of the novel Crime and Punishment is,Fyodor Dostoyevsky|Dostoievski|Fyodor Dostoievski|Fyodor Mikhaylovich Dostoievski|Fyodor Mikhaylovich Dostoyevsky|Fyodor Mikhailovich Dostoevsky|F.M. Dostoiewski|Fyodor Dostoevsky,Fyodor Dostoevsky,Fyodor Dostoevsky,Fyodor Dostoyevsky was born in the country of,Russia|Rossiya|Rossija|RU|RUS|Rossijskaja Federatsija|Russian Federation|Rossiyskaya Federatsiya|RF|Российская Федерация|Россия|Federation of Russia,Russia,Russia,birthcntry of novel's author,novel-author-birthcntry
27165,The Alchemist,Paulo Coelho,Brazil,The author of the novel The Alchemist is,Paulo Coelho|Paulo Coelho de Souza,Paulo Coelho,Paulo Coelho,Paulo Coelho was born in the country of,Brazil|Federative Republic of Brazil|BR|BRA|🇧🇷|Brasil,Brazil,Brazil,birthcntry of novel's author,novel-author-birthcntry
27164,The Brothers Karamazov,Fyodor Dostoyevsky,Russia,The author of the novel The Brothers Karamazov is,Fyodor Dostoyevsky|Dostoievski|Fyodor Dostoievski|Fyodor Mikhaylovich Dostoievski|Fyodor Mikhaylovich Dostoyevsky|Fyodor Mikhailovich Dostoevsky|F.M. Dostoiewski|Fyodor Dostoevsky,Fyodor Dostoevsky,Fyodor Dostoevsky,Fyodor Dostoyevsky was born in the country of,Russia|Rossiya|Rossija|RU|RUS|Rossijskaja Federatsija|Russian Federation|Rossiyskaya Federatsiya|RF|Российская Федерация|Россия|Federation of Russia,Russia,Russia,birthcntry of novel's author,novel-author-birthcntry
27169,Faust,Johann Wolfgang von Goethe,Germany,The author of the novel Faust is,Johann Wolfgang von Goethe|Goethe|joh. wolfg. von goethe|j. w. von goethe,Goethe,Goethe,Johann Wolfgang von Goethe was born in the country of,Germany|Federal Republic of Germany|Deutschland|GER|BR Deutschland|DE|BRD|Bundesrepublik Deutschland|GFR,Germany,Germany,birthcntry of novel's author,novel-author-birthcntry
27170,The Little Mermaid,Hans Christian Andersen,Denmark,The author of the novel The Little Mermaid is,Hans Christian Andersen|H.C. Andersen|Hans Andersen|H.Ch. Andersen,Hans Christian Andersen,Hans Christian Andersen,Hans Christian Andersen was born in the country of,Denmark|DK|Danmark|DNK|DEK|🇩🇰|DEN|TAN|Denmark proper|metropolitan Denmark,Denmark,Denmark,birthcntry of novel's author,novel-author-birthcntry
27171,The Catcher in the Rye,J. D. Salinger,United States of America,The author of the novel The Catcher in the Rye is,J. D. Salinger|Jerome David Salinger|Jerome Salinger,J.D. Salinger,J. D. Salinger,J. D. Salinger was born in the country of,United States of America|the United States of America|America|U.S.A.|USA|U.S.|US|the US|the USA|US of A|the United States|U. S. A.|U. S.|the States|the U.S.|United States|US of America|the U.S.A.|the US of America|the US of A|the U.S. of A|the U.S. of America|U.S. of America|Merica,United States,United States,birthcntry of novel's author,novel-author-birthcntry
27172,Gulliver's Travels,Jonathan Swift,Republic of Ireland,The author of the novel Gulliver's Travels is,Jonathan Swift|Isaac Bickerstaff|M. B. Drapier|Lemuel Gulliver|Simon Wagstaff,Jonathan Swift,Jonathan Swift,Jonathan Swift was born in the country of,"Republic of Ireland|Éire|IE|IRL|Hibernia|Ireland, Republic of|🇮🇪|Eire|Southern Ireland|Ireland (state)|Ireland",Ireland,Ireland,birthcntry of novel's author,novel-author-birthcntry
27173,The Great Gatsby,F. Scott Fitzgerald,United States of America,The author of the novel The Great Gatsby is,F. Scott Fitzgerald|Francis Scott Fitzgerald|Francis Scott Key Fitzgerald,F. Scott Fitzgerald.,F. Scott Fitzgerald,F. Scott Fitzgerald was born in the country of,United States of America|the United States of America|America|U.S.A.|USA|U.S.|US|the US|the USA|US of A|the United States|U. S. A.|U. S.|the States|the U.S.|United States|US of America|the U.S.A.|the US of America|the US of A|the U.S. of A|the U.S. of America|U.S. of America|Merica,United States,United States,birthcntry of novel's author,novel-author-birthcntry
27175,The Master and Margarita,Mikhail Bulgakov,Ukraine,The author of the novel The Master and Margarita is,Mikhail Bulgakov|Mikhael Bulgakov|Mikhail Afanasyevich Bulgakov|Mihail A. Bulgakov,Mikhail Bulgakov,Mikhail Bulgakov,Mikhail Bulgakov was born in the country of,Ukraine|UA|UKR|Ukrainia|🇺🇦|Ukr.|Ukraina|the Ukraine|Ukraïna|Urkrain,Ukraine,Ukraine,birthcntry of novel's author,novel-author-birthcntry
27176,Journey to the West,Wu Cheng'en,People's Republic of China,The author of the novel Journey to the West is,Wu Cheng'en|Sheyang Shanren|Ruzhong|Wu Chengen,Wu Cheng'en,Wu Cheng'en,Wu Cheng'en was born in the country of,People's Republic of China|China|CN|PR China|PRC|CHN|🇨🇳|China PR|Mainland China|RPC,China,China,birthcntry of novel's author,novel-author-birthcntry
27177,Twenty Thousand Leagues Under the Sea,Jules Verne,France,The author of the novel Twenty Thousand Leagues Under the Sea is,Jules Verne|Jules Gabriel Verne|Julius Verne,Jules Verne,Jules Verne,Jules Verne was born in the country of,France|fr|Republic of France|French Republic|FRA|the Hexagon,France,France,birthcntry of novel's author,novel-author-birthcntry
27178,Around the World in Eighty Days,Jules Verne,France,The author of the novel Around the World in Eighty Days is,Jules Verne|Jules Gabriel Verne|Julius Verne,Jules Verne,Jules Verne,Jules Verne was born in the country of,France|fr|Republic of France|French Republic|FRA|the Hexagon,France,France,birthcntry of novel's author,novel-author-birthcntry
27179,The Hunchback of Notre Dame,Victor Hugo,France,The author of the novel The Hunchback of Notre Dame is,"Victor Hugo|Victor Marie Hugo|Victor-Marie Hugo|Victor Marie, Comte Hugo",Victor Hugo,Victor Hugo,Victor Hugo was born in the country of,France|fr|Republic of France|French Republic|FRA|the Hexagon,France,France,birthcntry of novel's author,novel-author-birthcntry
27182,Fahrenheit 451,Ray Bradbury,United States of America,The author of the novel Fahrenheit 451 is,Ray Bradbury|Ray Douglas Bradbury|Raymond Douglas Bradbury,Ray Bradbury,Ray Bradbury,Ray Bradbury was born in the country of,United States of America|the United States of America|America|U.S.A.|USA|U.S.|US|the US|the USA|US of A|the United States|U. S. A.|U. S.|the States|the U.S.|United States|US of America|the U.S.A.|the US of America|the US of A|the U.S. of A|the U.S. of America|U.S. of America|Merica,United States,United States,birthcntry of novel's author,novel-author-birthcntry
27184,The sorrows of young Werther,Johann Wolfgang von Goethe,Germany,The author of the novel The sorrows of young Werther is,Johann Wolfgang von Goethe|Goethe|joh. wolfg. von goethe|j. w. von goethe,Johann Wolfgang von Goethe,Johann Wolfgang von Goethe,Johann Wolfgang von Goethe was born in the country of,Germany|Federal Republic of Germany|Deutschland|GER|BR Deutschland|DE|BRD|Bundesrepublik Deutschland|GFR,Germany,Germany,birthcntry of novel's author,novel-author-birthcntry
27186,Candide,Voltaire,France,The author of the novel Candide is,Voltaire|François-Marie Arouet|Francois Marie Arouet de Voltaire|Francois Marie Arouet|Dictator of Letters,Voltaire.,Voltaire,Voltaire was born in the country of,France|fr|Republic of France|French Republic|FRA|the Hexagon,France,France,birthcntry of novel's author,novel-author-birthcntry
27187,The Satanic Verses,Salman Rushdie,India,The author of the novel The Satanic Verses is,Salman Rushdie|Rushdie|Joseph Anton|Sir Ahmed Salman Rushdie|Ahmed Salman Rushdie,Salman Rushdie,Salman Rushdie,Salman Rushdie was born in the country of,India|Republic of India|Bharat|Bharatvarsh|Hindustan|IN|IND|🇮🇳|Bharata|Hindoostan|Indostan|Bharat Ganarajya,India,India,birthcntry of novel's author,novel-author-birthcntry
27192,The Grapes of Wrath,John Steinbeck,United States of America,The author of the novel The Grapes of Wrath is,"John Steinbeck|John Ernst Steinbeck, Jr.|John Ernst Steinbeck|John Ernest Steinbeck|John Ernst Steinbeck Jr|Steinbeck",John Steinbeck,John Steinbeck,John Steinbeck was born in the country of,United States of America|the United States of America|America|U.S.A.|USA|U.S.|US|the US|the USA|US of A|the United States|U. S. A.|U. S.|the States|the U.S.|United States|US of America|the U.S.A.|the US of America|the US of A|the U.S. of A|the U.S. of America|U.S. of America|Merica,United States,United States,birthcntry of novel's author,novel-author-birthcntry
27200,The Little Match Girl,Hans Christian Andersen,Denmark,The author of the novel The Little Match Girl is,Hans Christian Andersen|H.C. Andersen|Hans Andersen|H.Ch. Andersen,Hans Christian Andersen,Hans Christian Andersen,Hans Christian Andersen was born in the country of,Denmark|DK|Danmark|DNK|DEK|🇩🇰|DEN|TAN|Denmark proper|metropolitan Denmark,Denmark,Denmark,birthcntry of novel's author,novel-author-birthcntry
27201,It,Stephen King,United States of America,The author of the novel It is,Stephen King|Stephen Edwin King|Richard Bachman|John Swithen|Richard Richard,Stephen King,Stephen King,Stephen King was born in the country of,United States of America|the United States of America|America|U.S.A.|USA|U.S.|US|the US|the USA|US of A|the United States|U. S. A.|U. S.|the States|the U.S.|United States|US of America|the U.S.A.|the US of America|the US of A|the U.S. of A|the U.S. of America|U.S. of America|Merica,United States,United States,birthcntry of novel's author,novel-author-birthcntry
27202,The Call of the Wild,Jack London,United States of America,The author of the novel The Call of the Wild is,"Jack London|John Griffith Chaney|John Griffith ""Jack"" London|John Griffith Chaney London|John Griffith ""Jack London"" Chaney",Jack London,Jack London,Jack London was born in the country of,United States of America|the United States of America|America|U.S.A.|USA|U.S.|US|the US|the USA|US of A|the United States|U. S. A.|U. S.|the States|the U.S.|United States|US of America|the U.S.A.|the US of America|the US of A|the U.S. of A|the U.S. of America|U.S. of America|Merica,United States,United States,birthcntry of novel's author,novel-author-birthcntry
27203,The Red and the Black,Stendhal,France,The author of the novel The Red and the Black is,Stendhal|Marie-Henri Beyle|Henri Beyle|Marie Henri Beyle,Stendhal,Stendhal,Stendhal was born in the country of,France|fr|Republic of France|French Republic|FRA|the Hexagon,France.,France,birthcntry of novel's author,novel-author-birthcntry
27209,On the Road,Jack Kerouac,United States of America,The author of the novel On the Road is,Jack Kerouac|Jean-Louis Lebris de Kérouac|Jean-Louis Lebris de Kerouac|Kerouac|Jean-Louis Kerouac,Jack Kerouac,Jack Kerouac,Jack Kerouac was born in the country of,United States of America|the United States of America|America|U.S.A.|USA|U.S.|US|the US|the USA|US of A|the United States|U. S. A.|U. S.|the States|the U.S.|United States|US of America|the U.S.A.|the US of America|the US of A|the U.S. of A|the U.S. of America|U.S. of America|Merica,United States,United States,birthcntry of novel's author,novel-author-birthcntry
27211,The Handmaid's Tale,Margaret Atwood,Canada,The author of the novel The Handmaid's Tale is,Margaret Atwood|Margaret Eleanor Atwood,Margaret Atwood.,Margaret Atwood,Margaret Atwood was born in the country of,Canada|CAN|CA,Canada.,Canada,birthcntry of novel's author,novel-author-birthcntry
27212,The Magic Mountain,Thomas Mann,Germany,The author of the novel The Magic Mountain is,Thomas Mann|Paul Thomas Mann,Thomas Mann,Thomas Mann,Thomas Mann was born in the country of,Germany|Federal Republic of Germany|Deutschland|GER|BR Deutschland|DE|BRD|Bundesrepublik Deutschland|GFR,Germany,Germany,birthcntry of novel's author,novel-author-birthcntry
27217,The Fountainhead,Ayn Rand,Russia,The author of the novel The Fountainhead is,Ayn Rand|Alisa Zinov'yevna Rosenbaum,Ayn Rand,Ayn Rand,Ayn Rand was born in the country of,Russia|Rossiya|Rossija|RU|RUS|Rossijskaja Federatsija|Russian Federation|Rossiyskaya Federatsiya|RF|Российская Федерация|Россия|Federation of Russia,Russia,Russia,birthcntry of novel's author,novel-author-birthcntry
27216,Do Androids Dream of Electric Sheep?,Philip K. Dick,United States of America,The author of the novel Do Androids Dream of Electric Sheep? is,Philip K. Dick|PKD|Philip Kindred Dick|Philip Dick|Richard Phillips|Jack Dowland|Filip K. Dik,Philip K. Dick.,Philip K. Dick,Philip K. Dick was born in the country of,United States of America|the United States of America|America|U.S.A.|USA|U.S.|US|the US|the USA|US of A|the United States|U. S. A.|U. S.|the States|the U.S.|United States|US of America|the U.S.A.|the US of America|the US of A|the U.S. of A|the U.S. of America|U.S. of America|Merica,United States,United States,birthcntry of novel's author,novel-author-birthcntry
27218,Kafka on the Shore,Haruki Murakami,Japan,The author of the novel Kafka on the Shore is,Haruki Murakami|Murakami Haruki,Haruki Murakami,Haruki Murakami,Haruki Murakami was born in the country of,Japan|State of Japan|Land of the Rising Sun|Nihon|Nippon|JP|Nippon-koku|Nihon-koku|JPN|JAP|JA|🇯🇵|Iapan|Iapon|Land of Rising Sun,Japan,Japan,birthcntry of novel's author,novel-author-birthcntry
27219,A Thousand Splendid Suns,Khaled Hosseini,Afghanistan,The author of the novel A Thousand Splendid Suns is,Khaled Hosseini,Khaled Hosseini,Khaled Hosseini,Khaled Hosseini was born in the country of,Afghanistan|🇦🇫|AFG|af,Afghanistan.,Afghanistan,birthcntry of novel's author,novel-author-birthcntry
27222,1Q84,Haruki Murakami,Japan,The author of the novel 1Q84 is,Haruki Murakami|Murakami Haruki,Haruki Murakami.,Haruki Murakami,Haruki Murakami was born in the country of,Japan|State of Japan|Land of the Rising Sun|Nihon|Nippon|JP|Nippon-koku|Nihon-koku|JPN|JAP|JA|🇯🇵|Iapan|Iapon|Land of Rising Sun,Japan,Japan,birthcntry of novel's author,novel-author-birthcntry
27239,Misery,Stephen King,United States of America,The author of the novel Misery is,Stephen King|Stephen Edwin King|Richard Bachman|John Swithen|Richard Richard,Stephen King.,Stephen King,Stephen King was born in the country of,United States of America|the United States of America|America|U.S.A.|USA|U.S.|US|the US|the USA|US of A|the United States|U. S. A.|U. S.|the States|the U.S.|United States|US of America|the U.S.A.|the US of America|the US of A|the U.S. of A|the U.S. of America|U.S. of America|Merica,United States,United States,birthcntry of novel's author,novel-author-birthcntry
27257,Stranger in a Strange Land,Robert A. Heinlein,United States of America,The author of the novel Stranger in a Strange Land is,Robert A. Heinlein|Robert Anson Heinlein|Anson MacDonald|Lyle Monroe|John Riverside|Caleb Saunders|Simon York|Robert Heinlein,Robert A. Heinlein,Robert A. Heinlein,Robert A. Heinlein was born in the country of,United States of America|the United States of America|America|U.S.A.|USA|U.S.|US|the US|the USA|US of A|the United States|U. S. A.|U. S.|the States|the U.S.|United States|US of America|the U.S.A.|the US of America|the US of A|the U.S. of A|the U.S. of America|U.S. of America|Merica,United States,United States,birthcntry of novel's author,novel-author-birthcntry
27262,The God of Small Things,Arundhati Roy,India,The author of the novel The God of Small Things is,Arundhati Roy|Suzanna Arundhati Roy,Arundhati Roy,Arundhati Roy,Arundhati Roy was born in the country of,India|Republic of India|Bharat|Bharatvarsh|Hindustan|IN|IND|🇮🇳|Bharata|Hindoostan|Indostan|Bharat Ganarajya,India,India,birthcntry of novel's author,novel-author-birthcntry
27266,Oblomov,Ivan Goncharov,Russia,The author of the novel Oblomov is,Ivan Goncharov|Ivan Alexandrovich Goncharov,A. Ivan Goncharov,Ivan Goncharov,Ivan Goncharov was born in the country of,Russia|Rossiya|Rossija|RU|RUS|Rossijskaja Federatsija|Russian Federation|Rossiyskaya Federatsiya|RF|Российская Федерация|Россия|Federation of Russia,Russia,Russia,birthcntry of novel's author,novel-author-birthcntry
27274,The Call of Cthulhu,H. P. Lovecraft,United States of America,The author of the novel The Call of Cthulhu is,H. P. Lovecraft|Howard Phillips Lovecraft|Lovecraft|Howard P. Lovecraft|HPL|E'ch-Pi-El|Grandpa Theobald|Ward Phillips,H.P. Lovecraft,H. P. Lovecraft,H. P. Lovecraft was born in the country of,United States of America|the United States of America|America|U.S.A.|USA|U.S.|US|the US|the USA|US of A|the United States|U. S. A.|U. S.|the States|the U.S.|United States|US of America|the U.S.A.|the US of America|the US of A|the U.S. of A|the U.S. of America|U.S. of America|Merica,United States,United States,birthcntry of novel's author,novel-author-birthcntry
27275,Cyrano de Bergerac,Edmond Rostand,France,The author of the novel Cyrano de Bergerac is,Edmond Rostand|Edmond Eugène Alexis Rostand,Edmond Rostand,Edmond Rostand,Edmond Rostand was born in the country of,France|fr|Republic of France|French Republic|FRA|the Hexagon,France,France,birthcntry of novel's author,novel-author-birthcntry
27283,The Host,Stephenie Meyer,United States of America,The author of the novel The Host is,Stephenie Meyer|Stephenie Morgan Meyer|Stephenie Morgan,Stephenie Meyer,Stephenie Meyer,Stephenie Meyer was born in the country of,United States of America|the United States of America|America|U.S.A.|USA|U.S.|US|the US|the USA|US of A|the United States|U. S. A.|U. S.|the States|the U.S.|United States|US of America|the U.S.A.|the US of America|the US of A|the U.S. of A|the U.S. of America|U.S. of America|Merica,United States,United States,birthcntry of novel's author,novel-author-birthcntry
27284,The Dead Zone,Stephen King,United States of America,The author of the novel The Dead Zone is,Stephen King|Stephen Edwin King|Richard Bachman|John Swithen|Richard Richard,Stephen King,Stephen King,Stephen King was born in the country of,United States of America|the United States of America|America|U.S.A.|USA|U.S.|US|the US|the USA|US of A|the United States|U. S. A.|U. S.|the States|the U.S.|United States|US of America|the U.S.A.|the US of America|the US of A|the U.S. of A|the U.S. of America|U.S. of America|Merica,United States,United States,birthcntry of novel's author,novel-author-birthcntry
27292,Firestarter,Stephen King,United States of America,The author of the novel Firestarter is,Stephen King|Stephen Edwin King|Richard Bachman|John Swithen|Richard Richard,Stephen King,Stephen King,Stephen King was born in the country of,United States of America|the United States of America|America|U.S.A.|USA|U.S.|US|the US|the USA|US of A|the United States|U. S. A.|U. S.|the States|the U.S.|United States|US of America|the U.S.A.|the US of America|the US of A|the U.S. of A|the U.S. of America|U.S. of America|Merica,United States,United States,birthcntry of novel's author,novel-author-birthcntry
27295,In Cold Blood,Truman Capote @,United States of America,The author of the novel In Cold Blood is,Truman Capote|Truman Streckfus Persons|Truman Garcia Capote,Truman Capote,Truman Capote,Truman Capote @ was born in the country of,United States of America|the United States of America|America|U.S.A.|USA|U.S.|US|the US|the USA|US of A|the United States|U. S. A.|U. S.|the States|the U.S.|United States|US of America|the U.S.A.|the US of America|the US of A|the U.S. of A|the U.S. of America|U.S. of America|Merica,United States,United States,birthcntry of novel's author,novel-author-birthcntry
27302,Carmilla,Sheridan Le Fanu,Republic of Ireland,The author of the novel Carmilla is,"Sheridan Le Fanu|Joseph Thomas Sheridan Le Fanu|Joseph Sheridan Le Fanu|J. Sheridan Le Fanu|Charles de Cresserons Francis Purcell, Reverend",Joseph Sheridan Le Fanu,Sheridan Le Fanu,Sheridan Le Fanu was born in the country of,"Republic of Ireland|Éire|IE|IRL|Hibernia|Ireland, Republic of|🇮🇪|Eire|Southern Ireland|Ireland (state)|Ireland",Ireland,Ireland,birthcntry of novel's author,novel-author-birthcntry
27306,Bag of Bones,Stephen King,United States of America,The author of the novel Bag of Bones is,Stephen King|Stephen Edwin King|Richard Bachman|John Swithen|Richard Richard,Stephen King,Stephen King,Stephen King was born in the country of,United States of America|the United States of America|America|U.S.A.|USA|U.S.|US|the US|the USA|US of A|the United States|U. S. A.|U. S.|the States|the U.S.|United States|US of America|the U.S.A.|the US of America|the US of A|the U.S. of A|the U.S. of America|U.S. of America|Merica,United States,United States,birthcntry of novel's author,novel-author-birthcntry
27322,The Lovely Bones,Alice Sebold,United States of America,The author of the novel The Lovely Bones is,Alice Sebold,Alice Sebold,Alice Sebold,Alice Sebold was born in the country of,United States of America|the United States of America|America|U.S.A.|USA|U.S.|US|the US|the USA|US of A|the United States|U. S. A.|U. S.|the States|the U.S.|United States|US of America|the U.S.A.|the US of America|the US of A|the U.S. of A|the U.S. of America|U.S. of America|Merica,United States,United States,birthcntry of novel's author,novel-author-birthcntry
27324,Dreamcatcher,Stephen King,United States of America,The author of the novel Dreamcatcher is,Stephen King|Stephen Edwin King|Richard Bachman|John Swithen|Richard Richard,Stephen King,Stephen King,Stephen King was born in the country of,United States of America|the United States of America|America|U.S.A.|USA|U.S.|US|the US|the USA|US of A|the United States|U. S. A.|U. S.|the States|the U.S.|United States|US of America|the U.S.A.|the US of America|the US of A|the U.S. of A|the U.S. of America|U.S. of America|Merica,United States,United States,birthcntry of novel's author,novel-author-birthcntry
27328,Holes,Louis Sachar,United States of America,The author of the novel Holes is,Louis Sachar,Louis Sachar,Louis Sachar,Louis Sachar was born in the country of,United States of America|the United States of America|America|U.S.A.|USA|U.S.|US|the US|the USA|US of A|the United States|U. S. A.|U. S.|the States|the U.S.|United States|US of America|the U.S.A.|the US of America|the US of A|the U.S. of A|the U.S. of America|U.S. of America|Merica,United States,United States,birthcntry of novel's author,novel-author-birthcntry
27329,The Song of Hiawatha,Henry Wadsworth Longfellow,United States of America,The author of the novel The Song of Hiawatha is,Henry Wadsworth Longfellow|Henry W. Longfellow|H. W. Longfellow|Longfellow,Henry Wadsworth Longfellow,Henry Wadsworth Longfellow,Henry Wadsworth Longfellow was born in the country of,United States of America|the United States of America|America|U.S.A.|USA|U.S.|US|the US|the USA|US of A|the United States|U. S. A.|U. S.|the States|the U.S.|United States|US of America|the U.S.A.|the US of America|the US of A|the U.S. of A|the U.S. of America|U.S. of America|Merica,United States,United States,birthcntry of novel's author,novel-author-birthcntry
27332,Dolores Claiborne,Stephen King,United States of America,The author of the novel Dolores Claiborne is,Stephen King|Stephen Edwin King|Richard Bachman|John Swithen|Richard Richard,Stephen King,Stephen King,Stephen King was born in the country of,United States of America|the United States of America|America|U.S.A.|USA|U.S.|US|the US|the USA|US of A|the United States|U. S. A.|U. S.|the States|the U.S.|United States|US of America|the U.S.A.|the US of America|the US of A|the U.S. of A|the U.S. of America|U.S. of America|Merica,United States,United States,birthcntry of novel's author,novel-author-birthcntry
27346,At the Mountains of Madness,H. P. Lovecraft,United States of America,The author of the novel At the Mountains of Madness is,H. P. Lovecraft|Howard Phillips Lovecraft|Lovecraft|Howard P. Lovecraft|HPL|E'ch-Pi-El|Grandpa Theobald|Ward Phillips,H.P. Lovecraft,H. P. Lovecraft,H. P. Lovecraft was born in the country of,United States of America|the United States of America|America|U.S.A.|USA|U.S.|US|the US|the USA|US of A|the United States|U. S. A.|U. S.|the States|the U.S.|United States|US of America|the U.S.A.|the US of America|the US of A|the U.S. of A|the U.S. of America|U.S. of America|Merica,United States,United States,birthcntry of novel's author,novel-author-birthcntry
27351,Desperation,Stephen King,United States of America,The author of the novel Desperation is,Stephen King|Stephen Edwin King|Richard Bachman|John Swithen|Richard Richard,Stephen King,Stephen King,Stephen King was born in the country of,United States of America|the United States of America|America|U.S.A.|USA|U.S.|US|the US|the USA|US of A|the United States|U. S. A.|U. S.|the States|the U.S.|United States|US of America|the U.S.A.|the US of America|the US of A|the U.S. of A|the U.S. of America|U.S. of America|Merica,United States,United States,birthcntry of novel's author,novel-author-birthcntry
27375,Zadig or Destiny,Voltaire,France,The author of the novel Zadig or Destiny is,Voltaire|François-Marie Arouet|Francois Marie Arouet de Voltaire|Francois Marie Arouet|Dictator of Letters,Voltaire,Voltaire,Voltaire was born in the country of,France|fr|Republic of France|French Republic|FRA|the Hexagon,France,France,birthcntry of novel's author,novel-author-birthcntry
27391,The Dark Tower IV: Wizard and Glass,Stephen King,United States of America,The author of the novel The Dark Tower IV: Wizard and Glass is,Stephen King|Stephen Edwin King|Richard Bachman|John Swithen|Richard Richard,Stephen King,Stephen King,Stephen King was born in the country of,United States of America|the United States of America|America|U.S.A.|USA|U.S.|US|the US|the USA|US of A|the United States|U. S. A.|U. S.|the States|the U.S.|United States|US of America|the U.S.A.|the US of America|the US of A|the U.S. of A|the U.S. of America|U.S. of America|Merica,United States,United States,birthcntry of novel's author,novel-author-birthcntry
27395,The Age of Innocence,Edith Wharton,United States of America,The author of the novel The Age of Innocence is,Edith Wharton|Edith Newbold Jones|Edith Newbold Jones Wharton|Edith Jones,Edith Wharton,Edith Wharton,Edith Wharton was born in the country of,United States of America|the United States of America|America|U.S.A.|USA|U.S.|US|the US|the USA|US of A|the United States|U. S. A.|U. S.|the States|the U.S.|United States|US of America|the U.S.A.|the US of America|the US of A|the U.S. of A|the U.S. of America|U.S. of America|Merica,United States,United States,birthcntry of novel's author,novel-author-birthcntry
27404,The Dark Tower V: Wolves of the Calla,Stephen King,United States of America,The author of the novel The Dark Tower V: Wolves of the Calla is,Stephen King|Stephen Edwin King|Richard Bachman|John Swithen|Richard Richard,Stephen King,Stephen King,Stephen King was born in the country of,United States of America|the United States of America|America|U.S.A.|USA|U.S.|US|the US|the USA|US of A|the United States|U. S. A.|U. S.|the States|the U.S.|United States|US of America|the U.S.A.|the US of America|the US of A|the U.S. of A|the U.S. of America|U.S. of America|Merica,United States,United States,birthcntry of novel's author,novel-author-birthcntry
27427,Elements of the Philosophy of Right,Georg Wilhelm Friedrich Hegel,Germany,The author of the novel Elements of the Philosophy of Right is,Georg Wilhelm Friedrich Hegel|G. W. F. Hegel|Hegel|George William Frederick Hegel,Georg Wilhelm Friedrich Hegel,Georg Wilhelm Friedrich Hegel,Georg Wilhelm Friedrich Hegel was born in the country of,Germany|Federal Republic of Germany|Deutschland|GER|BR Deutschland|DE|BRD|Bundesrepublik Deutschland|GFR,Germany,Germany,birthcntry of novel's author,novel-author-birthcntry
27430,We the Living,Ayn Rand,Russia,The author of the novel We the Living is,Ayn Rand|Alisa Zinov'yevna Rosenbaum,Alisa Zinov'yevna Rosenbaum,Alisa Zinov'yevna Rosenbaum,Ayn Rand was born in the country of,Russia|Rossiya|Rossija|RU|RUS|Rossijskaja Federatsija|Russian Federation|Rossiyskaya Federatsiya|RF|Российская Федерация|Россия|Federation of Russia,Russia,Russia,birthcntry of novel's author,novel-author-birthcntry
27440,The Yiddish Policemen's Union,Michael Chabon,United States of America,The author of the novel The Yiddish Policemen's Union is,Michael Chabon|Leon Chaim Bach|Malachi B. Cohen|August Van Zorn,Michael Chabon,Michael Chabon,Michael Chabon was born in the country of,United States of America|the United States of America|America|U.S.A.|USA|U.S.|US|the US|the USA|US of A|the United States|U. S. A.|U. S.|the States|the U.S.|United States|US of America|the U.S.A.|the US of America|the US of A|the U.S. of A|the U.S. of America|U.S. of America|Merica,United States,United States,birthcntry of novel's author,novel-author-birthcntry
27477,The Mist,Stephen King,United States of America,The author of the novel The Mist is,Stephen King|Stephen Edwin King|Richard Bachman|John Swithen|Richard Richard,Stephen King,Stephen King,Stephen King was born in the country of,United States of America|the United States of America|America|U.S.A.|USA|U.S.|US|the US|the USA|US of A|the United States|U. S. A.|U. S.|the States|the U.S.|United States|US of America|the U.S.A.|the US of America|the US of A|the U.S. of A|the U.S. of America|U.S. of America|Merica,United States,United States,birthcntry of novel's author,novel-author-birthcntry
27490,The Mote in God's Eye,Larry Niven,United States of America,The author of the novel The Mote in God's Eye is,Larry Niven|Laurence van Cott Niven,Larry Niven,Larry Niven,Larry Niven was born in the country of,United States of America|the United States of America|America|U.S.A.|USA|U.S.|US|the US|the USA|US of A|the United States|U. S. A.|U. S.|the States|the U.S.|United States|US of America|the U.S.A.|the US of America|the US of A|the U.S. of A|the U.S. of America|U.S. of America|Merica,United States,United States,birthcntry of novel's author,novel-author-birthcntry
27495,Like Water for Chocolate,Laura Esquivel,Mexico,The author of the novel Like Water for Chocolate is,Laura Esquivel|Laura Beatriz Esquivel Valdés,Laura Esquivel,Laura Esquivel,Laura Esquivel was born in the country of,Mexico|MX|United Mexican States|Mexican Republic|MEX|🇲🇽|US of M|MXN,Mexico,Mexico,birthcntry of novel's author,novel-author-birthcntry
27497,Infinite Jest,David Foster Wallace,United States of America,The author of the novel Infinite Jest is,David Foster Wallace|David Wallace,David Foster Wallace,David Foster Wallace,David Foster Wallace was born in the country of,United States of America|the United States of America|America|U.S.A.|USA|U.S.|US|the US|the USA|US of A|the United States|U. S. A.|U. S.|the States|the U.S.|United States|US of America|the U.S.A.|the US of America|the US of A|the U.S. of A|the U.S. of America|U.S. of America|Merica,United States,United States,birthcntry of novel's author,novel-author-birthcntry
27504,The Long Goodbye,Raymond Chandler,United States of America,The author of the novel The Long Goodbye is,Raymond Chandler|Raymond Thornton Chandler,Raymond Chandler,Raymond Chandler,Raymond Chandler was born in the country of,United States of America|the United States of America|America|U.S.A.|USA|U.S.|US|the US|the USA|US of A|the United States|U. S. A.|U. S.|the States|the U.S.|United States|US of America|the U.S.A.|the US of America|the US of A|the U.S. of A|the U.S. of America|U.S. of America|Merica,United States,United States,birthcntry of novel's author,novel-author-birthcntry
27533,The Shack,William P. Young,Canada,The author of the novel The Shack is,William P. Young|William Young|William Paul Young,William P. Young,William P. Young,William P. Young was born in the country of,Canada|CAN|CA,I don't have information on a person named William P. Young. Can you provide more context or details about who he is?,CAN,birthcntry of novel's author,novel-author-birthcntry
27591,The House of Mirth,Edith Wharton,United States of America,The author of the novel The House of Mirth is,Edith Wharton|Edith Newbold Jones|Edith Newbold Jones Wharton|Edith Jones,Edith Wharton,Edith Wharton,Edith Wharton was born in the country of,United States of America|the United States of America|America|U.S.A.|USA|U.S.|US|the US|the USA|US of A|the United States|U. S. A.|U. S.|the States|the U.S.|United States|US of America|the U.S.A.|the US of America|the US of A|the U.S. of A|the U.S. of America|U.S. of America|Merica,United States,United States,birthcntry of novel's author,novel-author-birthcntry
27632,Big Little Lies,Liane Moriarty,Australia,The author of the novel Big Little Lies is,Liane Moriarty|Lian Moriarty,Liane Moriarty,Liane Moriarty,Liane Moriarty was born in the country of,Australia|Commonwealth of Australia|AU|AUS|🇦🇺|Straya|Aussieland|Oz|Stralia|New Holland|New Hollandia|Nova Hollandia|Down Under,Australia,Australia,birthcntry of novel's author,novel-author-birthcntry
27670,The Year of the Flood,Margaret Atwood,Canada,The author of the novel The Year of the Flood is,Margaret Atwood|Margaret Eleanor Atwood,Margaret Atwood.,Margaret Atwood,Margaret Atwood was born in the country of,Canada|CAN|CA,Canada.,Canada,birthcntry of novel's author,novel-author-birthcntry
27704,The Inheritance of Loss,Kiran Desai,India,The author of the novel The Inheritance of Loss is,Kiran Desai,Kiran Desai,Kiran Desai,Kiran Desai was born in the country of,India|Republic of India|Bharat|Bharatvarsh|Hindustan|IN|IND|🇮🇳|Bharata|Hindoostan|Indostan|Bharat Ganarajya,India,India,birthcntry of novel's author,novel-author-birthcntry
27724,Elegia di Madonna Fiammetta,Giovanni Boccaccio,Italy,The author of the novel Elegia di Madonna Fiammetta is,Giovanni Boccaccio|Giovanni Boccace|Boccaccio|Boccace|Joanni B. de Certaldo,Giovanni Boccaccio,Giovanni Boccaccio,Giovanni Boccaccio was born in the country of,Italy|Italia|Italian Republic|IT|🇮🇹|ITA|Republic of Italy|Repubblica Italiana,Italy,Italy,birthcntry of novel's author,novel-author-birthcntry
27815,The Palm-Wine Drinkard,Amos Tutuola,Nigeria,The author of the novel The Palm-Wine Drinkard is,Amos Tutuola,Amos Tutuola,Amos Tutuola,Amos Tutuola was born in the country of,Nigeria|Federal Republic of Nigeria|🇳🇬|NG|FRN|NGA|NGR|Naija,Nigeria,Nigeria,birthcntry of novel's author,novel-author-birthcntry
27818,The Witches of Eastwick,John Updike,United States of America,The author of the novel The Witches of Eastwick is,John Updike|John Hoyer Updike,John Updike,John Updike,John Updike was born in the country of,United States of America|the United States of America|America|U.S.A.|USA|U.S.|US|the US|the USA|US of A|the United States|U. S. A.|U. S.|the States|the U.S.|United States|US of America|the U.S.A.|the US of America|the US of A|the U.S. of A|the U.S. of America|U.S. of America|Merica,United States,United States,birthcntry of novel's author,novel-author-birthcntry
27903,Nine Perfect Strangers,Liane Moriarty,Australia,The author of the novel Nine Perfect Strangers is,Liane Moriarty|Lian Moriarty,Liane Moriarty,Liane Moriarty,Liane Moriarty was born in the country of,Australia|Commonwealth of Australia|AU|AUS|🇦🇺|Straya|Aussieland|Oz|Stralia|New Holland|New Hollandia|Nova Hollandia|Down Under,Australia,Australia,birthcntry of novel's author,novel-author-birthcntry
27970,"Look Homeward, Angel",Thomas Wolfe,United States of America,"The author of the novel Look Homeward, Angel is",Thomas Wolfe|Thomas Clayton Wolfe,Thomas Wolfe,Thomas Wolfe,Thomas Wolfe was born in the country of,United States of America|the United States of America|America|U.S.A.|USA|U.S.|US|the US|the USA|US of A|the United States|U. S. A.|U. S.|the States|the U.S.|United States|US of America|the U.S.A.|the US of America|the US of A|the U.S. of A|the U.S. of America|U.S. of America|Merica,United States,United States,birthcntry of novel's author,novel-author-birthcntry
28074,Corbaccio,Giovanni Boccaccio,Italy,The author of the novel Corbaccio is,Giovanni Boccaccio|Giovanni Boccace|Boccaccio|Boccace|Joanni B. de Certaldo,Giovanni Boccaccio,Giovanni Boccaccio,Giovanni Boccaccio was born in the country of,Italy|Italia|Italian Republic|IT|🇮🇹|ITA|Republic of Italy|Repubblica Italiana,Italy,Italy,birthcntry of novel's author,novel-author-birthcntry
28408,Cimarron,Edna Ferber,United States of America,The author of the novel Cimarron is,Edna Ferber,Edna Ferber,Edna Ferber,Edna Ferber was born in the country of,United States of America|the United States of America|America|U.S.A.|USA|U.S.|US|the US|the USA|US of A|the United States|U. S. A.|U. S.|the States|the U.S.|United States|US of America|the U.S.A.|the US of America|the US of A|the U.S. of A|the U.S. of America|U.S. of America|Merica,United States,United States,birthcntry of novel's author,novel-author-birthcntry
28479,Kabuliwala,Rabindranath Tagore,India,The author of the novel Kabuliwala is,"Rabindranath Tagore|Rabīndranātha Thākur|Kabiguru|Tagore|Bishwakabi|R. Tagore|Rabindranat Tagor|Bhanu Singha Thakur|Gurudev|Biswakabi|Nyi Wang Gönpo|Tagore, rabindranath",Rabindranath Tagore,Rabindranath Tagore,Rabindranath Tagore was born in the country of,India|Republic of India|Bharat|Bharatvarsh|Hindustan|IN|IND|🇮🇳|Bharata|Hindoostan|Indostan|Bharat Ganarajya,India,India,birthcntry of novel's author,novel-author-birthcntry
28667,Tales of the South Pacific,James A. Michener,United States of America,The author of the novel Tales of the South Pacific is,James A. Michener|James Albert Michener|James Michener,James Michener,James Michener,James A. Michener was born in the country of,United States of America|the United States of America|America|U.S.A.|USA|U.S.|US|the US|the USA|US of A|the United States|U. S. A.|U. S.|the States|the U.S.|United States|US of America|the U.S.A.|the US of America|the US of A|the U.S. of A|the U.S. of America|U.S. of America|Merica,United States,United States,birthcntry of novel's author,novel-author-birthcntry
28690,The Autobiography of an Ex-Colored Man,James Weldon Johnson,United States of America,The author of the novel The Autobiography of an Ex-Colored Man is,James Weldon Johnson|J. W. Johnson,James Weldon Johnson,James Weldon Johnson,James Weldon Johnson was born in the country of,United States of America|the United States of America|America|U.S.A.|USA|U.S.|US|the US|the USA|US of A|the United States|U. S. A.|U. S.|the States|the U.S.|United States|US of America|the U.S.A.|the US of America|the US of A|the U.S. of A|the U.S. of America|U.S. of America|Merica,United States,United States,birthcntry of novel's author,novel-author-birthcntry
28752,The Watsons Go to Birmingham – 1963,Christopher Paul Curtis,United States of America,The author of the novel The Watsons Go to Birmingham – 1963 is,Christopher Paul Curtis,Christopher Paul Curtis,Christopher Paul Curtis,Christopher Paul Curtis was born in the country of,United States of America|the United States of America|America|U.S.A.|USA|U.S.|US|the US|the USA|US of A|the United States|U. S. A.|U. S.|the States|the U.S.|United States|US of America|the U.S.A.|the US of America|the US of A|the U.S. of A|the U.S. of America|U.S. of America|Merica,United States,United States,birthcntry of novel's author,novel-author-birthcntry
29447,The Witch of Blackbird Pond,Elizabeth George Speare,United States of America,The author of the novel The Witch of Blackbird Pond is,Elizabeth George Speare,Elizabeth George Speare,Elizabeth George Speare,Elizabeth George Speare was born in the country of,United States of America|the United States of America|America|U.S.A.|USA|U.S.|US|the US|the USA|US of A|the United States|U. S. A.|U. S.|the States|the U.S.|United States|US of America|the U.S.A.|the US of America|the US of A|the U.S. of A|the U.S. of America|U.S. of America|Merica,United States,United States,birthcntry of novel's author,novel-author-birthcntry
54175,"Frankenstein; or, The Modern Prometheus",Mary Shelley,William Godwin,"The author of the novel Frankenstein; or, The Modern Prometheus is",Mary Shelley|Mary Wollstonecraft Godwin|Mary Wollstonecraft Shelley|Mary Godwin,Mary Shelley,Mary Shelley,The father of Mary Shelley is named,William Godwin,William Godwin,William Godwin,father of novel's author,novel-author-father
54185,Oliver Twist,Charles Dickens,John Dickens,The author of the novel Oliver Twist is,Charles Dickens|Dickens|Charles John Huffam Dickens|Boz|C. Dickens,Charles Dickens,Charles Dickens,The father of Charles Dickens is named,John Dickens,John Dickens,John Dickens,father of novel's author,novel-author-father
54197,The Raven,Edgar Allan Poe,"David Poe, Jr.",The author of the novel The Raven is,Edgar Allan Poe|Poe|Edgar Poe|E. A. Poe|Edgar A. Poe|Quarles,Edgar Allan Poe,Edgar Allan Poe,The father of Edgar Allan Poe is named,"David Poe, Jr.|Note(s): According to one rumor, After his disappearence he moved to a house at Norfolk, Virginia, U.S.A., And, he contracted pulmonary tuberculosis, there, and, David died on December 11, 1811, from the deadly cause.",David Poe Jr.,"David Poe, Jr.",father of novel's author,novel-author-father
54209,Great Expectations,Charles Dickens,John Dickens,The author of the novel Great Expectations is,Charles Dickens|Dickens|Charles John Huffam Dickens|Boz|C. Dickens,Charles Dickens.,Charles Dickens,The father of Charles Dickens is named,John Dickens,John Dickens,John Dickens,father of novel's author,novel-author-father
54212,The Canterbury Tales,Geoffrey Chaucer,John Chaucer,The author of the novel The Canterbury Tales is,Geoffrey Chaucer|Chaucer,Geoffrey Chaucer.,Geoffrey Chaucer,The father of Geoffrey Chaucer is named,John Chaucer,John Chaucer,John Chaucer,father of novel's author,novel-author-father
54216,A Tale of Two Cities,Charles Dickens,John Dickens,The author of the novel A Tale of Two Cities is,Charles Dickens|Dickens|Charles John Huffam Dickens|Boz|C. Dickens,Charles Dickens,Charles Dickens,The father of Charles Dickens is named,John Dickens,John Dickens,John Dickens,father of novel's author,novel-author-father
54246,Little Women,Louisa May Alcott,Amos Bronson Alcott,The author of the novel Little Women is,Louisa May Alcott|A. M. Barnard|Flora Fairfield|Flora Fairchild|Louisa Alcott|Louisa M. Alcott|Louisa Mary Alcott,Louisa May Alcott,Louisa May Alcott,The father of Louisa May Alcott is named,Amos Bronson Alcott|Bronson Alcott,Amos Bronson Alcott,Amos Bronson Alcott,father of novel's author,novel-author-father
54252,The Tenant of Wildfell Hall,Anne Brontë,Patrick Brontë,The author of the novel The Tenant of Wildfell Hall is,Anne Brontë|Acton Bell|Ann Brontë|Anne Bronte|Ann Bronte|Annie Bronte,Anne Bronte,Anne Brontë,The father of Anne Brontë is named,Patrick Brontë,Patrick Brontë,Patrick Brontë,father of novel's author,novel-author-father
54261,The Tell-Tale Heart,Edgar Allan Poe,"David Poe, Jr.",The author of the novel The Tell-Tale Heart is,Edgar Allan Poe|Poe|Edgar Poe|E. A. Poe|Edgar A. Poe|Quarles,Edgar Allan Poe,Edgar Allan Poe,The father of Edgar Allan Poe is named,"David Poe, Jr.|Note(s): According to one rumor, After his disappearence he moved to a house at Norfolk, Virginia, U.S.A., And, he contracted pulmonary tuberculosis, there, and, David died on December 11, 1811, from the deadly cause.",David Poe Jr.,"David Poe, Jr.",father of novel's author,novel-author-father
54287,The Murders in the Rue Morgue,Edgar Allan Poe,"David Poe, Jr.",The author of the novel The Murders in the Rue Morgue is,Edgar Allan Poe|Poe|Edgar Poe|E. A. Poe|Edgar A. Poe|Quarles,Edgar Allan Poe,Edgar Allan Poe,The father of Edgar Allan Poe is named,"David Poe, Jr.|Note(s): According to one rumor, After his disappearence he moved to a house at Norfolk, Virginia, U.S.A., And, he contracted pulmonary tuberculosis, there, and, David died on December 11, 1811, from the deadly cause.",David Poe Jr.,"David Poe, Jr.",father of novel's author,novel-author-father
54315,The Rime of the Ancient Mariner,Samuel Taylor Coleridge,John Coleridge,The author of the novel The Rime of the Ancient Mariner is,Samuel Taylor Coleridge|S. T. Coleridge,Samuel Taylor Coleridge,Samuel Taylor Coleridge,The father of Samuel Taylor Coleridge is named,John Coleridge,John Coleridge,John Coleridge,father of novel's author,novel-author-father
54330,Bleak House,Charles Dickens,John Dickens,The author of the novel Bleak House is,Charles Dickens|Dickens|Charles John Huffam Dickens|Boz|C. Dickens,Charles Dickens,Charles Dickens,The father of Charles Dickens is named,John Dickens,John Dickens,John Dickens,father of novel's author,novel-author-father
54360,The Pit and the Pendulum,Edgar Allan Poe,"David Poe, Jr.",The author of the novel The Pit and the Pendulum is,Edgar Allan Poe|Poe|Edgar Poe|E. A. Poe|Edgar A. Poe|Quarles,Edgar Allan Poe,Edgar Allan Poe,The father of Edgar Allan Poe is named,"David Poe, Jr.|Note(s): According to one rumor, After his disappearence he moved to a house at Norfolk, Virginia, U.S.A., And, he contracted pulmonary tuberculosis, there, and, David died on December 11, 1811, from the deadly cause.",David Poe Jr.,"David Poe, Jr.",father of novel's author,novel-author-father
54377,Nicholas Nickleby,Charles Dickens,John Dickens,The author of the novel Nicholas Nickleby is,Charles Dickens|Dickens|Charles John Huffam Dickens|Boz|C. Dickens,Charles Dickens,Charles Dickens,The father of Charles Dickens is named,John Dickens,John Dickens,John Dickens,father of novel's author,novel-author-father
54396,The Fall of the House of Usher,Edgar Allan Poe,"David Poe, Jr.",The author of the novel The Fall of the House of Usher is,Edgar Allan Poe|Poe|Edgar Poe|E. A. Poe|Edgar A. Poe|Quarles,Edgar Allan Poe,Edgar Allan Poe,The father of Edgar Allan Poe is named,"David Poe, Jr.|Note(s): According to one rumor, After his disappearence he moved to a house at Norfolk, Virginia, U.S.A., And, he contracted pulmonary tuberculosis, there, and, David died on December 11, 1811, from the deadly cause.",David Poe Jr.,"David Poe, Jr.",father of novel's author,novel-author-father
54416,The Portrait of a Lady,Henry James,"Henry James, Sr.",The author of the novel The Portrait of a Lady is,Henry James|Henricus James,Henry James.,Henry James,The father of Henry James is named,"Henry James, Sr.|Henry James",William Henry James,Henry James,father of novel's author,novel-author-father
54478,Hard Times: For These Times,Charles Dickens,John Dickens,The author of the novel Hard Times: For These Times is,Charles Dickens|Dickens|Charles John Huffam Dickens|Boz|C. Dickens,Charles Dickens,Charles Dickens,The father of Charles Dickens is named,John Dickens,John Dickens,John Dickens,father of novel's author,novel-author-father
54496,Martin Chuzzlewit,Charles Dickens,John Dickens,The author of the novel Martin Chuzzlewit is,Charles Dickens|Dickens|Charles John Huffam Dickens|Boz|C. Dickens,Charles Dickens,Charles Dickens,The father of Charles Dickens is named,John Dickens,John Dickens,John Dickens,father of novel's author,novel-author-father
54515,The Old Curiosity Shop,Charles Dickens,John Dickens,The author of the novel The Old Curiosity Shop is,Charles Dickens|Dickens|Charles John Huffam Dickens|Boz|C. Dickens,Charles Dickens,Charles Dickens,The father of Charles Dickens is named,John Dickens,John Dickens,John Dickens,father of novel's author,novel-author-father
54535,Villette,Charlotte Brontë,Patrick Brontë,The author of the novel Villette is,Charlotte Brontë|Sharlotta Bronte|Charles Wellesley|Charlotte Bronte|Douro|Karlotta Bronte|Mrs. Arthur Bell Nicholls|Tree|Florian Wellesley|Lord Charles Albert|Currer Bell|Charlotte Nicholls|Mrs. A. B. Nicholls|Captain Tree,Charlotte Brontë.,Charlotte Brontë,The father of Charlotte Brontë is named,Patrick Brontë,Mr. Patrick Brontë,Patrick Brontë,father of novel's author,novel-author-father
54569,Invisible Cities,Italo Calvino,Mario Calvino,The author of the novel Invisible Cities is,Italo Calvino|Italo Giovanni Calvino Mameli|Italo Giovanni Calvino,Italo Calvino,Italo Calvino,The father of Italo Calvino is named,Mario Calvino|Calvino,Giuseppe Calvino,Calvino,father of novel's author,novel-author-father
54629,Daisy Miller,Henry James,"Henry James, Sr.",The author of the novel Daisy Miller is,Henry James|Henricus James,Henry James,Henry James,The father of Henry James is named,"Henry James, Sr.|Henry James",Henry James Sr.,"Henry James, Sr.",father of novel's author,novel-author-father
54740,The Ambassadors,Henry James,"Henry James, Sr.",The author of the novel The Ambassadors is,Henry James|Henricus James,Henry James,Henry James,The father of Henry James is named,"Henry James, Sr.|Henry James",Henry James Sr.,"Henry James, Sr.",father of novel's author,novel-author-father
54795,The American,Henry James,"Henry James, Sr.",The author of the novel The American is,Henry James|Henricus James,Henry James,Henry James,The father of Henry James is named,"Henry James, Sr.|Henry James",William Henry James,Henry James,father of novel's author,novel-author-father
54826,The Wings of the Dove,Henry James,"Henry James, Sr.",The author of the novel The Wings of the Dove is,Henry James|Henricus James,Henry James,Henry James,The father of Henry James is named,"Henry James, Sr.|Henry James",William Henry James,Henry James,father of novel's author,novel-author-father
55071,Considerations on Representative Government,John Stuart Mill,James Mill,The author of the novel Considerations on Representative Government is,John Stuart Mill|J. S. Mill,John Stuart Mill,John Stuart Mill,The father of John Stuart Mill is named,James Mill,James Mill,James Mill,father of novel's author,novel-author-father
66380,"Frankenstein; or, The Modern Prometheus",Mary Shelley,Mary Wollstonecraft,"The author of the novel Frankenstein; or, The Modern Prometheus is",Mary Shelley|Mary Wollstonecraft Godwin|Mary Wollstonecraft Shelley|Mary Godwin,Mary Shelley,Mary Shelley,The mother of Mary Shelley is named,Mary Wollstonecraft|Mary Godwin|Mr. Cresswick|Mary Wollstonecraft Godwin,Mary Wollstonecraft Godwin,Mary Wollstonecraft,mother of novel's author,novel-author-mother
66395,Wuthering Heights,Emily Brontë,Maria Branwell,The author of the novel Wuthering Heights is,Emily Brontë|Ellis Bell|Emily Jane Bronte|Emily Jane Brontë|Emily Bronte,Emily Brontë.,Emily Brontë,The mother of Emily Brontë is named,Maria Branwell|Mrs Maria Brontë,Maria Branwell Brontë,Maria Branwell,mother of novel's author,novel-author-mother
66404,Adventures of Huckleberry Finn,Mark Twain,Jane Lampton Clemens,The author of the novel Adventures of Huckleberry Finn is,Mark Twain|Samuel Langhorne Clemens|Samuel L. Clemens|Samuel Clemens,Mark Twain,Mark Twain,The mother of Mark Twain is named,Jane Lampton|Jane Lampton Clemens|Jane Clemens|Jane L. Clemens,Jane Lampton Twain,Jane Lampton,mother of novel's author,novel-author-mother
66408,Jane Eyre,Charlotte Brontë,Maria Branwell,The author of the novel Jane Eyre is,Charlotte Brontë|Sharlotta Bronte|Charles Wellesley|Charlotte Bronte|Douro|Karlotta Bronte|Mrs. Arthur Bell Nicholls|Tree|Florian Wellesley|Lord Charles Albert|Currer Bell|Charlotte Nicholls|Mrs. A. B. Nicholls|Captain Tree,Charlotte Brontë.,Charlotte Brontë,The mother of Charlotte Brontë is named,Maria Branwell|Mrs Maria Brontë,Maria Branwell Brontë,Maria Branwell,mother of novel's author,novel-author-mother
66448,Little Women,Louisa May Alcott,Abby May,The author of the novel Little Women is,Louisa May Alcott|A. M. Barnard|Flora Fairfield|Flora Fairchild|Louisa Alcott|Louisa M. Alcott|Louisa Mary Alcott,Louisa May Alcott.,Louisa May Alcott,The mother of Louisa May Alcott is named,Abby May|Abigail May|Abigail May Alcott|Abigail Alcott|Abba Alcott,Abigail May Alcott,Abigail May,mother of novel's author,novel-author-mother
66456,The Tenant of Wildfell Hall,Anne Brontë,Maria Branwell,The author of the novel The Tenant of Wildfell Hall is,Anne Brontë|Acton Bell|Ann Brontë|Anne Bronte|Ann Bronte|Annie Bronte,Anne Bronte,Anne Brontë,The mother of Anne Brontë is named,Maria Branwell|Mrs Maria Brontë,Maria Branwell Brontë,Maria Branwell,mother of novel's author,novel-author-mother
66692,Villette,Charlotte Brontë,Maria Branwell,The author of the novel Villette is,Charlotte Brontë|Sharlotta Bronte|Charles Wellesley|Charlotte Bronte|Douro|Karlotta Bronte|Mrs. Arthur Bell Nicholls|Tree|Florian Wellesley|Lord Charles Albert|Currer Bell|Charlotte Nicholls|Mrs. A. B. Nicholls|Captain Tree,Charlotte Brontë,Charlotte Brontë,The mother of Charlotte Brontë is named,Maria Branwell|Mrs Maria Brontë,Maria Branwell Brontë,Maria Branwell,mother of novel's author,novel-author-mother
75615,Considerations on Representative Government,John Stuart Mill,Harriet Taylor Mill,The author of the novel Considerations on Representative Government is,John Stuart Mill|J. S. Mill,John Stuart Mill,John Stuart Mill,The spouse of John Stuart Mill is named,Harriet Taylor Mill|Harriet Hardy|Harriet Taylor,Harriet Taylor Mill,Harriet Taylor Mill,spouse of novel's author,novel-author-spouse
87884,It,Stephen King,English,The author of the novel It is,Stephen King|Stephen Edwin King|Richard Bachman|John Swithen|Richard Richard,Stephen King,Stephen King,"In college, Stephen King majored in",English|English language|en|eng,English.,English,ugmajor of novel's author,novel-author-ugmajor
87885,The Shining,Stephen King,English,The author of the novel The Shining is,Stephen King|Stephen Edwin King|Richard Bachman|John Swithen|Richard Richard,Stephen King,Stephen King,"In college, Stephen King majored in",English|English language|en|eng,English.,English,ugmajor of novel's author,novel-author-ugmajor
87888,The Stand,Stephen King,English,The author of the novel The Stand is,Stephen King|Stephen Edwin King|Richard Bachman|John Swithen|Richard Richard,Stephen King,Stephen King,"In college, Stephen King majored in",English|English language|en|eng,English.,English,ugmajor of novel's author,novel-author-ugmajor
87889,Misery,Stephen King,English,The author of the novel Misery is,Stephen King|Stephen Edwin King|Richard Bachman|John Swithen|Richard Richard,Stephen King,Stephen King,"In college, Stephen King majored in",English|English language|en|eng,English.,English,ugmajor of novel's author,novel-author-ugmajor
87894,The Green Mile,Stephen King,English,The author of the novel The Green Mile is,Stephen King|Stephen Edwin King|Richard Bachman|John Swithen|Richard Richard,Stephen King,Stephen King,"In college, Stephen King majored in",English|English language|en|eng,English.,English,ugmajor of novel's author,novel-author-ugmajor
87895,The Host,Stephenie Meyer,English,The author of the novel The Host is,Stephenie Meyer|Stephenie Morgan Meyer|Stephenie Morgan,Stephenie Meyer,Stephenie Meyer,"In college, Stephenie Meyer majored in",English|English language|en|eng,English Literature,English,ugmajor of novel's author,novel-author-ugmajor
87898,Firestarter,Stephen King,English,The author of the novel Firestarter is,Stephen King|Stephen Edwin King|Richard Bachman|John Swithen|Richard Richard,Stephen King,Stephen King,"In college, Stephen King majored in",English|English language|en|eng,English.,English,ugmajor of novel's author,novel-author-ugmajor
87909,Desperation,Stephen King,English,The author of the novel Desperation is,Stephen King|Stephen Edwin King|Richard Bachman|John Swithen|Richard Richard,Stephen King,Stephen King,"In college, Stephen King majored in",English|English language|en|eng,English.,English,ugmajor of novel's author,novel-author-ugmajor
87916,The Hero with a Thousand Faces,Joseph Campbell,English literature,The author of the novel The Hero with a Thousand Faces is,Joseph Campbell|Joseph John Campbell|Joseph Cambell,Joseph Campbell,Joseph Campbell,"In college, Joseph Campbell majored in",English literature|English-language literature,English Literature,English literature,ugmajor of novel's author,novel-author-ugmajor
87919,The Dark Tower V: Wolves of the Calla,Stephen King,English,The author of the novel The Dark Tower V: Wolves of the Calla is,Stephen King|Stephen Edwin King|Richard Bachman|John Swithen|Richard Richard,Stephen King,Stephen King,"In college, Stephen King majored in",English|English language|en|eng,English.,English,ugmajor of novel's author,novel-author-ugmajor
87927,The Name of the Wind,Patrick Rothfuss,English,The author of the novel The Name of the Wind is,Patrick Rothfuss|Patrick James Rothfuss,Patrick Rothfuss,Patrick Rothfuss,"In college, Patrick Rothfuss majored in",English|English language|en|eng,English Literature.,English,ugmajor of novel's author,novel-author-ugmajor
87928,The Mist,Stephen King,English,The author of the novel The Mist is,Stephen King|Stephen Edwin King|Richard Bachman|John Swithen|Richard Richard,Stephen King,Stephen King,"In college, Stephen King majored in",English|English language|en|eng,English.,English,ugmajor of novel's author,novel-author-ugmajor
88780,It,Stephen King,University of Maine,The author of the novel It is,Stephen King|Stephen Edwin King|Richard Bachman|John Swithen|Richard Richard,Stephen King,Stephen King,"As an undergrad, Stephen King attended the university named",University of Maine|University of Maine at Orono|umaine.edu,University of Maine,University of Maine,uguniv of novel's author,novel-author-uguniv
88781,The Shining,Stephen King,University of Maine,The author of the novel The Shining is,Stephen King|Stephen Edwin King|Richard Bachman|John Swithen|Richard Richard,Stephen King,Stephen King,"As an undergrad, Stephen King attended the university named",University of Maine|University of Maine at Orono|umaine.edu,University of Maine,University of Maine,uguniv of novel's author,novel-author-uguniv
88782,Carrie,Stephen King,University of Maine,The author of the novel Carrie is,Stephen King|Stephen Edwin King|Richard Bachman|John Swithen|Richard Richard,Stephen King,Stephen King,"As an undergrad, Stephen King attended the university named",University of Maine|University of Maine at Orono|umaine.edu,University of Maine,University of Maine,uguniv of novel's author,novel-author-uguniv
88784,The Stand,Stephen King,University of Maine,The author of the novel The Stand is,Stephen King|Stephen Edwin King|Richard Bachman|John Swithen|Richard Richard,Stephen King,Stephen King,"As an undergrad, Stephen King attended the university named",University of Maine|University of Maine at Orono|umaine.edu,University of Maine,University of Maine,uguniv of novel's author,novel-author-uguniv
88785,Misery,Stephen King,University of Maine,The author of the novel Misery is,Stephen King|Stephen Edwin King|Richard Bachman|John Swithen|Richard Richard,Stephen King.,Stephen King,"As an undergrad, Stephen King attended the university named",University of Maine|University of Maine at Orono|umaine.edu,University of Maine,University of Maine,uguniv of novel's author,novel-author-uguniv
88789,Neuromancer,William Gibson,University of British Columbia,The author of the novel Neuromancer is,William Gibson|William Ford Gibson,William Gibson.,William Gibson,"As an undergrad, William Gibson attended the university named",University of British Columbia|UBC|The University of British Columbia|McGill University College of British Columbia|ubc.ca|UBC Vancouver,University of British Columbia,University of British Columbia,uguniv of novel's author,novel-author-uguniv
88790,The Green Mile,Stephen King,University of Maine,The author of the novel The Green Mile is,Stephen King|Stephen Edwin King|Richard Bachman|John Swithen|Richard Richard,Stephen King,Stephen King,"As an undergrad, Stephen King attended the university named",University of Maine|University of Maine at Orono|umaine.edu,University of Maine,University of Maine,uguniv of novel's author,novel-author-uguniv
88793,The Dead Zone,Stephen King,University of Maine,The author of the novel The Dead Zone is,Stephen King|Stephen Edwin King|Richard Bachman|John Swithen|Richard Richard,Stephen King,Stephen King,"As an undergrad, Stephen King attended the university named",University of Maine|University of Maine at Orono|umaine.edu,University of Maine,University of Maine,uguniv of novel's author,novel-author-uguniv
88794,Firestarter,Stephen King,University of Maine,The author of the novel Firestarter is,Stephen King|Stephen Edwin King|Richard Bachman|John Swithen|Richard Richard,Stephen King,Stephen King,"As an undergrad, Stephen King attended the university named",University of Maine|University of Maine at Orono|umaine.edu,University of Maine,University of Maine,uguniv of novel's author,novel-author-uguniv
88796,Cujo,Stephen King,University of Maine,The author of the novel Cujo is,Stephen King|Stephen Edwin King|Richard Bachman|John Swithen|Richard Richard,Stephen King,Stephen King,"As an undergrad, Stephen King attended the university named",University of Maine|University of Maine at Orono|umaine.edu,University of Maine,University of Maine,uguniv of novel's author,novel-author-uguniv
88799,Bag of Bones,Stephen King,University of Maine,The author of the novel Bag of Bones is,Stephen King|Stephen Edwin King|Richard Bachman|John Swithen|Richard Richard,Stephen King,Stephen King,"As an undergrad, Stephen King attended the university named",University of Maine|University of Maine at Orono|umaine.edu,University of Maine,University of Maine,uguniv of novel's author,novel-author-uguniv
88800,Needful Things,Stephen King,University of Maine,The author of the novel Needful Things is,Stephen King|Stephen Edwin King|Richard Bachman|John Swithen|Richard Richard,Stephen King,Stephen King,"As an undergrad, Stephen King attended the university named",University of Maine|University of Maine at Orono|umaine.edu,University of Maine,University of Maine,uguniv of novel's author,novel-author-uguniv
88802,Dreamcatcher,Stephen King,University of Maine,The author of the novel Dreamcatcher is,Stephen King|Stephen Edwin King|Richard Bachman|John Swithen|Richard Richard,Stephen King,Stephen King,"As an undergrad, Stephen King attended the university named",University of Maine|University of Maine at Orono|umaine.edu,University of Maine,University of Maine,uguniv of novel's author,novel-author-uguniv
88804,Dolores Claiborne,Stephen King,University of Maine,The author of the novel Dolores Claiborne is,Stephen King|Stephen Edwin King|Richard Bachman|John Swithen|Richard Richard,Stephen King,Stephen King,"As an undergrad, Stephen King attended the university named",University of Maine|University of Maine at Orono|umaine.edu,University of Maine,University of Maine,uguniv of novel's author,novel-author-uguniv
88807,Desperation,Stephen King,University of Maine,The author of the novel Desperation is,Stephen King|Stephen Edwin King|Richard Bachman|John Swithen|Richard Richard,Stephen King,Stephen King,"As an undergrad, Stephen King attended the university named",University of Maine|University of Maine at Orono|umaine.edu,University of Maine,University of Maine,uguniv of novel's author,novel-author-uguniv
88817,The Dark Tower IV: Wizard and Glass,Stephen King,University of Maine,The author of the novel The Dark Tower IV: Wizard and Glass is,Stephen King|Stephen Edwin King|Richard Bachman|John Swithen|Richard Richard,Stephen King,Stephen King,"As an undergrad, Stephen King attended the university named",University of Maine|University of Maine at Orono|umaine.edu,University of Maine,University of Maine,uguniv of novel's author,novel-author-uguniv
88818,The Dark Tower V: Wolves of the Calla,Stephen King,University of Maine,The author of the novel The Dark Tower V: Wolves of the Calla is,Stephen King|Stephen Edwin King|Richard Bachman|John Swithen|Richard Richard,Stephen King,Stephen King,"As an undergrad, Stephen King attended the university named",University of Maine|University of Maine at Orono|umaine.edu,University of Maine,University of Maine,uguniv of novel's author,novel-author-uguniv
88825,The Dark Tower VII: The Dark Tower,Stephen King,University of Maine,The author of the novel The Dark Tower VII: The Dark Tower is,Stephen King|Stephen Edwin King|Richard Bachman|John Swithen|Richard Richard,Stephen King,Stephen King,"As an undergrad, Stephen King attended the university named",University of Maine|University of Maine at Orono|umaine.edu,University of Maine,University of Maine,uguniv of novel's author,novel-author-uguniv
88826,The Dark Tower VI: Song of Susannah,Stephen King,University of Maine,The author of the novel The Dark Tower VI: Song of Susannah is,Stephen King|Stephen Edwin King|Richard Bachman|John Swithen|Richard Richard,Stephen King,Stephen King,"As an undergrad, Stephen King attended the university named",University of Maine|University of Maine at Orono|umaine.edu,University of Maine,University of Maine,uguniv of novel's author,novel-author-uguniv
88829,The Mist,Stephen King,University of Maine,The author of the novel The Mist is,Stephen King|Stephen Edwin King|Richard Bachman|John Swithen|Richard Richard,Stephen King,Stephen King,"As an undergrad, Stephen King attended the university named",University of Maine|University of Maine at Orono|umaine.edu,University of Maine,University of Maine,uguniv of novel's author,novel-author-uguniv
91045,Vladimir Putin,Saint Petersburg,Russia,The city where Vladimir Putin was born is,Saint Petersburg|St. Petersburg|Petrograd|Leningrad|Petersburg|Sankt-Peterburg|St Petersburg,Leningrad (now Saint Petersburg).,Saint Petersburg,Saint Petersburg is in the country of,Russia|Rossiya|Rossija|RU|RUS|Rossijskaja Federatsija|Russian Federation|Rossiyskaya Federatsiya|RF|Российская Федерация|Россия|Federation of Russia,Russia,Russia,cntry of person's birthcity,person-birthcity-cntry
91051,Wolfgang Amadeus Mozart,Salzburg,Austria,The city where Wolfgang Amadeus Mozart was born is,"Salzburg|Salzburg, Austria",Salzburg,Salzburg,Salzburg is in the country of,Austria|Republic of Austria|Österreich|Republik Österreich|AT|AUT|🇦🇹,Austria,Austria,cntry of person's birthcity,person-birthcity-cntry
91055,Marilyn Monroe,Los Angeles,United States of America,The city where Marilyn Monroe was born is,"Los Angeles|Los Angeles, California|Pink City|The town of Our Lady the Queen of the Angels of the Little Portion|La La Land|Tinsel Town|City of Angels|City of Los Angeles|LA, California|L.A.|LA|Double Dubuque|Los Ángeles|Los Angeles, CA",Los Angeles.,Los Angeles,Los Angeles is in the country of,United States of America|the United States of America|America|U.S.A.|USA|U.S.|US|the US|the USA|US of A|the United States|U. S. A.|U. S.|the States|the U.S.|United States|US of America|the U.S.A.|the US of America|the US of A|the U.S. of A|the U.S. of America|U.S. of America|Merica,United States,United States,cntry of person's birthcity,person-birthcity-cntry
91060,Lionel Messi,Rosario,Argentina,The city where Lionel Messi was born is,Rosario|Rosario de Santa Fe,"Rosario, Argentina.",Rosario,Rosario is in the country of,Argentina|🇦🇷|ARG|Arjentina|AR|Argentine Republic|Republic of Argentina,Argentina,Argentina,cntry of person's birthcity,person-birthcity-cntry
91071,Beyoncé,Houston,United States of America,The city where Beyoncé was born is,"Houston|Houston, Texas|Space City|H-Town|City of Houston|USHOU|Houston, TX|Houston TX",Houston.,Houston,Houston is in the country of,United States of America|the United States of America|America|U.S.A.|USA|U.S.|US|the US|the USA|US of A|the United States|U. S. A.|U. S.|the States|the U.S.|United States|US of America|the U.S.A.|the US of America|the US of A|the U.S. of A|the U.S. of America|U.S. of America|Merica,United States,United States,cntry of person's birthcity,person-birthcity-cntry
91072,Angelina Jolie,Los Angeles,United States of America,The city where Angelina Jolie was born is,"Los Angeles|Los Angeles, California|Pink City|The town of Our Lady the Queen of the Angels of the Little Portion|La La Land|Tinsel Town|City of Angels|City of Los Angeles|LA, California|L.A.|LA|Double Dubuque|Los Ángeles|Los Angeles, CA",Los Angeles,Los Angeles,Los Angeles is in the country of,United States of America|the United States of America|America|U.S.A.|USA|U.S.|US|the US|the USA|US of A|the United States|U. S. A.|U. S.|the States|the U.S.|United States|US of America|the U.S.A.|the US of America|the US of A|the U.S. of A|the U.S. of America|U.S. of America|Merica,United States,United States,cntry of person's birthcity,person-birthcity-cntry
91073,Kim Jong-un,Pyongyang,North Korea,The city where Kim Jong-un was born is,Pyongyang|Capital of Revolution|Ryugyong,Pyongyang.,Pyongyang,Pyongyang is in the country of,North Korea|🇰🇵|PRK|kp|Kore Demokratik Halk Cumhuriyeti|KDHC|Dem. Kore Cumhuriyeti|Kuzey Kore|Democratic People's Republic of Korea|DPRK|N. Korea|DPR Korea,North Korea,North Korea,cntry of person's birthcity,person-birthcity-cntry
91075,Roger Federer,Basel,Switzerland,The city where Roger Federer was born is,Basel|Basle|Basel BS|Bâle,"Basel, Switzerland.",Basel,Basel is in the country of,Switzerland|Swiss Confederation|SUI|Swiss|CHE|CH|Confoederatio Helvetica,Switzerland,Switzerland,cntry of person's birthcity,person-birthcity-cntry
91078,Novak Djokovic,Belgrade,Serbia,The city where Novak Djokovic was born is,"Belgrade|City of Belgrade|Belgrade, Serbia|Beograd|Београд",Belgrade,Belgrade,Belgrade is in the country of,Serbia|Republic of Serbia|Republika Srbija|Srbija|SRB|RS,Serbia,Serbia,cntry of person's birthcity,person-birthcity-cntry
91094,Will Smith,Philadelphia,United States of America,The city where Will Smith was born is,"Philadelphia|Philly|City of Brotherly Love|Cradle of Liberty|Philadelphia, Pennsylvania|City of Philadelphia|Philadelphia, PA|Philadelphia, Pa.",Philadelphia,Philadelphia,Philadelphia is in the country of,United States of America|the United States of America|America|U.S.A.|USA|U.S.|US|the US|the USA|US of A|the United States|U. S. A.|U. S.|the States|the U.S.|United States|US of America|the U.S.A.|the US of America|the US of A|the U.S. of A|the U.S. of America|U.S. of America|Merica,United States,United States,cntry of person's birthcity,person-birthcity-cntry
91098,Sophia Loren,Rome,Italy,The city where Sophia Loren was born is,"Rome|The Eternal City|Roma|Rome, Italy|City of Seven Hills",Rome,Rome,Rome is in the country of,Italy|Italia|Italian Republic|IT|🇮🇹|ITA|Republic of Italy|Repubblica Italiana,Italy,Italy,cntry of person's birthcity,person-birthcity-cntry
91101,Michelle Obama,Chicago,United States of America,The city where Michelle Obama was born is,"Chicago|Chicago, Illinois|The Windy City|City by the Lake|The Queen of the West|Chi-Town|Chitown|The Second City|City of Chicago|City of Broad Shoulders|Chi-Raq|Chicago, IL",Chicago.,Chicago,Chicago is in the country of,United States of America|the United States of America|America|U.S.A.|USA|U.S.|US|the US|the USA|US of A|the United States|U. S. A.|U. S.|the States|the U.S.|United States|US of America|the U.S.A.|the US of America|the US of A|the U.S. of A|the U.S. of America|U.S. of America|Merica,United States,United States,cntry of person's birthcity,person-birthcity-cntry
91124,Felipe VI of Spain,Madrid,Spain,The city where Felipe VI of Spain was born is,"Madrid|Madrid, Spain",Madrid,Madrid,Madrid is in the country of,Spain|Kingdom of Spain|ES|ESP|🇪🇸,Spain,Spain,cntry of person's birthcity,person-birthcity-cntry
91135,Paris Hilton,New York City,United States of America,The city where Paris Hilton was born is,"New York City|NYC|the five boroughs|Big Apple|City of New York|NY City|New York, New York|New York City, New York|New York, NY|New York City, NY|Caput Mundi|The City So Nice They Named It Twice|Capital of the World|New York|New York City (NYC)|New York (city)|Center of the Universe",New York City.,New York City,New York City is in the country of,United States of America|the United States of America|America|U.S.A.|USA|U.S.|US|the US|the USA|US of A|the United States|U. S. A.|U. S.|the States|the U.S.|United States|US of America|the U.S.A.|the US of America|the US of A|the U.S. of A|the U.S. of America|U.S. of America|Merica,United States,United States,cntry of person's birthcity,person-birthcity-cntry
91138,Yukio Mishima,Tokyo,Japan,The city where Yukio Mishima was born is,Tokyo|City of Tokyo,Tokyo,Tokyo,Tokyo is in the country of,Japan|State of Japan|Land of the Rising Sun|Nihon|Nippon|JP|Nippon-koku|Nihon-koku|JPN|JAP|JA|🇯🇵|Iapan|Iapon|Land of Rising Sun,Japan,Japan,cntry of person's birthcity,person-birthcity-cntry
91142,Michael Phelps,Baltimore,United States of America,The city where Michael Phelps was born is,"Baltimore|Baltimore, Maryland|City of Baltimore|Baltimore City|Charm City|B more|Bmore|Baltimore, MD|Balt.|BAL|B'more",Baltimore.,Baltimore,Baltimore is in the country of,United States of America|the United States of America|America|U.S.A.|USA|U.S.|US|the US|the USA|US of A|the United States|U. S. A.|U. S.|the States|the U.S.|United States|US of America|the U.S.A.|the US of America|the US of A|the U.S. of A|the U.S. of America|U.S. of America|Merica,United States,United States,cntry of person's birthcity,person-birthcity-cntry
91145,Björk,Reykjavík,Iceland,The city where Björk was born is,Reykjavík|Reykjavik|Reykjavíkurborg|Reykjavikurborg,Reykjavik,Reykjavík,Reykjavík is in the country of,Iceland|Republic of Iceland|is|Island|🇮🇸|ISL|Ysland,Iceland,Iceland,cntry of person's birthcity,person-birthcity-cntry
91149,Prince,Minneapolis,United States of America,The city where Prince was born is,"Minneapolis|Minneapolis, Minnesota|Minneapolis, MN",Minneapolis.,Minneapolis,Minneapolis is in the country of,United States of America|the United States of America|America|U.S.A.|USA|U.S.|US|the US|the USA|US of A|the United States|U. S. A.|U. S.|the States|the U.S.|United States|US of America|the U.S.A.|the US of America|the US of A|the U.S. of A|the U.S. of America|U.S. of America|Merica,United States,United States,cntry of person's birthcity,person-birthcity-cntry
91158,Andre Agassi,Las Vegas,United States of America,The city where Andre Agassi was born is,"Las Vegas|Vegas|Las Vegas, Nevada|Sin City|City of Las Vegas|Las Vegas, NV|The Entertainment Capital of the World Sin City",Las Vegas,Las Vegas,Las Vegas is in the country of,United States of America|the United States of America|America|U.S.A.|USA|U.S.|US|the US|the USA|US of A|the United States|U. S. A.|U. S.|the States|the U.S.|United States|US of America|the U.S.A.|the US of America|the US of A|the U.S. of A|the U.S. of America|U.S. of America|Merica,United States,United States,cntry of person's birthcity,person-birthcity-cntry
91167,Chris Hemsworth,Melbourne,Australia,The city where Chris Hemsworth was born is,"Melbourne|Melbourne, Victoria|Melbourne, Australia|Greater Melbourne|Melbourne, AUS|Naarm|Melbourne, Victoria, Australia|Melbourne, VIC|Melbourne, VIC, Australia|Narrm",Melbourne.,Melbourne,Melbourne is in the country of,Australia|Commonwealth of Australia|AU|AUS|🇦🇺|Straya|Aussieland|Oz|Stralia|New Holland|New Hollandia|Nova Hollandia|Down Under,Australia,Australia,cntry of person's birthcity,person-birthcity-cntry
91179,Bono,Dublin,Republic of Ireland,The city where Bono was born is,"Dublin|Dublin city|City of Dublin|Baile Átha Cliath|Dublin, Ireland",Dublin.,Dublin,Dublin is in the country of,"Republic of Ireland|Éire|IE|IRL|Hibernia|Ireland, Republic of|🇮🇪|Eire|Southern Ireland|Ireland (state)|Ireland",Ireland,Ireland,cntry of person's birthcity,person-birthcity-cntry
91183,Romelu Lukaku,Antwerp,Belgium,The city where Romelu Lukaku was born is,Antwerp|City of Antwerp|Anvers|Antwerpen,Antwerp.,Antwerp,Antwerp is in the country of,Belgium|Kingdom of Belgium|BEL|be|🇧🇪|Koninkrijk België|Royaume de Belgique|Königreich Belgien|Belgien,Belgium,Belgium,cntry of person's birthcity,person-birthcity-cntry
91185,Pierre Trudeau,Montreal,Canada,The city where Pierre Trudeau was born is,"Montreal|Montréal|City of Montreal|Ville de Montréal|Ville de Montreal|Montreal, Quebec|Montreal, Canada",Montreal.,Montreal,Montreal is in the country of,Canada|CAN|CA,Canada,Canada,cntry of person's birthcity,person-birthcity-cntry
91204,Paolo Maldini,Milan,Italy,The city where Paolo Maldini was born is,"Milan|Milano|Milano, Italy|Milan, Italy|Mailand",Milan.,Milan,Milan is in the country of,Italy|Italia|Italian Republic|IT|🇮🇹|ITA|Republic of Italy|Repubblica Italiana,Italy,Italy,cntry of person's birthcity,person-birthcity-cntry
91206,Sachin Tendulkar,Mumbai,India,The city where Sachin Tendulkar was born is,Mumbai|Bombay,Mumbai.,Mumbai,Mumbai is in the country of,India|Republic of India|Bharat|Bharatvarsh|Hindustan|IN|IND|🇮🇳|Bharata|Hindoostan|Indostan|Bharat Ganarajya,India,India,cntry of person's birthcity,person-birthcity-cntry
91211,Ethan Hawke,Austin,United States of America,The city where Ethan Hawke was born is,"Austin|Austin, Texas|Austin, TX","Austin, Texas.",Austin,Austin is in the country of,United States of America|the United States of America|America|U.S.A.|USA|U.S.|US|the US|the USA|US of A|the United States|U. S. A.|U. S.|the States|the U.S.|United States|US of America|the U.S.A.|the US of America|the US of A|the U.S. of A|the U.S. of America|U.S. of America|Merica,United States,United States,cntry of person's birthcity,person-birthcity-cntry
91213,Kajol,Mumbai,India,The city where Kajol was born is,Mumbai|Bombay,Mumbai,Mumbai,Mumbai is in the country of,India|Republic of India|Bharat|Bharatvarsh|Hindustan|IN|IND|🇮🇳|Bharata|Hindoostan|Indostan|Bharat Ganarajya,India,India,cntry of person's birthcity,person-birthcity-cntry
91223,Constantine II of Greece,Athens,Greece,The city where Constantine II of Greece was born is,Athens|Athens city,Athens,Athens,Athens is in the country of,Greece|Hellenic Republic|Hellas|gr|el|🇬🇷|Greek Republic|GRE|Ellada|Greek,Greece,Greece,cntry of person's birthcity,person-birthcity-cntry
91228,Shraddha Kapoor,Mumbai,India,The city where Shraddha Kapoor was born is,Mumbai|Bombay,Mumbai.,Mumbai,Mumbai is in the country of,India|Republic of India|Bharat|Bharatvarsh|Hindustan|IN|IND|🇮🇳|Bharata|Hindoostan|Indostan|Bharat Ganarajya,India,India,cntry of person's birthcity,person-birthcity-cntry
91235,Ana Ivanovic,Belgrade,Serbia,The city where Ana Ivanovic was born is,"Belgrade|City of Belgrade|Belgrade, Serbia|Beograd|Београд",Belgrade,Belgrade,Belgrade is in the country of,Serbia|Republic of Serbia|Republika Srbija|Srbija|SRB|RS,Serbia,Serbia,cntry of person's birthcity,person-birthcity-cntry
91245,Kylie Jenner,Los Angeles,United States of America,The city where Kylie Jenner was born is,"Los Angeles|Los Angeles, California|Pink City|The town of Our Lady the Queen of the Angels of the Little Portion|La La Land|Tinsel Town|City of Angels|City of Los Angeles|LA, California|L.A.|LA|Double Dubuque|Los Ángeles|Los Angeles, CA",Los Angeles,Los Angeles,Los Angeles is in the country of,United States of America|the United States of America|America|U.S.A.|USA|U.S.|US|the US|the USA|US of A|the United States|U. S. A.|U. S.|the States|the U.S.|United States|US of America|the U.S.A.|the US of America|the US of A|the U.S. of A|the U.S. of America|U.S. of America|Merica,United States,United States,cntry of person's birthcity,person-birthcity-cntry
91252,Jeffrey Dahmer,Milwaukee,United States of America,The city where Jeffrey Dahmer was born is,"Milwaukee|Milwaukee, Wisconsin|Milwaukee City, Wisconsin|Milwaükee|Milwaukee, WI",Milwaukee.,Milwaukee,Milwaukee is in the country of,United States of America|the United States of America|America|U.S.A.|USA|U.S.|US|the US|the USA|US of A|the United States|U. S. A.|U. S.|the States|the U.S.|United States|US of America|the U.S.A.|the US of America|the US of A|the U.S. of A|the U.S. of America|U.S. of America|Merica,United States,United States,cntry of person's birthcity,person-birthcity-cntry
91254,Laura Dern,Los Angeles,United States of America,The city where Laura Dern was born is,"Los Angeles|Los Angeles, California|Pink City|The town of Our Lady the Queen of the Angels of the Little Portion|La La Land|Tinsel Town|City of Angels|City of Los Angeles|LA, California|L.A.|LA|Double Dubuque|Los Ángeles|Los Angeles, CA",Los Angeles,Los Angeles,Los Angeles is in the country of,United States of America|the United States of America|America|U.S.A.|USA|U.S.|US|the US|the USA|US of A|the United States|U. S. A.|U. S.|the States|the U.S.|United States|US of America|the U.S.A.|the US of America|the US of A|the U.S. of A|the U.S. of America|U.S. of America|Merica,United States,United States,cntry of person's birthcity,person-birthcity-cntry
91253,Billy Joel,New York City,United States of America,The city where Billy Joel was born is,"New York City|NYC|the five boroughs|Big Apple|City of New York|NY City|New York, New York|New York City, New York|New York, NY|New York City, NY|Caput Mundi|The City So Nice They Named It Twice|Capital of the World|New York|New York City (NYC)|New York (city)|Center of the Universe","Harrison, New York.",New York,New York City is in the country of,United States of America|the United States of America|America|U.S.A.|USA|U.S.|US|the US|the USA|US of A|the United States|U. S. A.|U. S.|the States|the U.S.|United States|US of America|the U.S.A.|the US of America|the US of A|the U.S. of A|the U.S. of America|U.S. of America|Merica,United States,United States,cntry of person's birthcity,person-birthcity-cntry
91276,Tomáš Rosický,Prague,Czech Republic,The city where Tomáš Rosický was born is,Prague|Praha|Hlavní město Praha|City of Prague,Praha,Praha,Prague is in the country of,Czech Republic|CZR|Česko|Česká republika|ČR|CZE|CZ|Czechia,Czech Republic,Czech Republic,cntry of person's birthcity,person-birthcity-cntry
91278,Kasper Schmeichel,Copenhagen,Denmark,The city where Kasper Schmeichel was born is,"Copenhagen|København|CPH|Köpenhamn|Kööpenhamina|Kopenhagen|Kobenhavn|Köbenhavn|Hafnia|Hafn|Havn|Copenhagen, Denmark|Kjöb|Kjöb.|Kjöbenhavn",Copenhagen,Copenhagen,Copenhagen is in the country of,Denmark|DK|Danmark|DNK|DEK|🇩🇰|DEN|TAN|Denmark proper|metropolitan Denmark,Denmark,Denmark,cntry of person's birthcity,person-birthcity-cntry
91282,Liam Hemsworth,Melbourne,Australia,The city where Liam Hemsworth was born is,"Melbourne|Melbourne, Victoria|Melbourne, Australia|Greater Melbourne|Melbourne, AUS|Naarm|Melbourne, Victoria, Australia|Melbourne, VIC|Melbourne, VIC, Australia|Narrm",Melbourne,Melbourne,Melbourne is in the country of,Australia|Commonwealth of Australia|AU|AUS|🇦🇺|Straya|Aussieland|Oz|Stralia|New Holland|New Hollandia|Nova Hollandia|Down Under,Australia,Australia,cntry of person's birthcity,person-birthcity-cntry
91287,Chris Cornell,Seattle,United States of America,The city where Chris Cornell was born is,"Seattle|Seattle, Washington|Seattle, WA|Duwamps|New York Alki",Seattle,Seattle,Seattle is in the country of,United States of America|the United States of America|America|U.S.A.|USA|U.S.|US|the US|the USA|US of A|the United States|U. S. A.|U. S.|the States|the U.S.|United States|US of America|the U.S.A.|the US of America|the US of A|the U.S. of A|the U.S. of America|U.S. of America|Merica,United States,United States,cntry of person's birthcity,person-birthcity-cntry
91289,Julia Stiles,New York City,United States of America,The city where Julia Stiles was born is,"New York City|NYC|the five boroughs|Big Apple|City of New York|NY City|New York, New York|New York City, New York|New York, NY|New York City, NY|Caput Mundi|The City So Nice They Named It Twice|Capital of the World|New York|New York City (NYC)|New York (city)|Center of the Universe",New York City.,New York City,New York City is in the country of,United States of America|the United States of America|America|U.S.A.|USA|U.S.|US|the US|the USA|US of A|the United States|U. S. A.|U. S.|the States|the U.S.|United States|US of America|the U.S.A.|the US of America|the US of A|the U.S. of A|the U.S. of America|U.S. of America|Merica,United States,United States,cntry of person's birthcity,person-birthcity-cntry
91303,Khloé Kardashian,Los Angeles,United States of America,The city where Khloé Kardashian was born is,"Los Angeles|Los Angeles, California|Pink City|The town of Our Lady the Queen of the Angels of the Little Portion|La La Land|Tinsel Town|City of Angels|City of Los Angeles|LA, California|L.A.|LA|Double Dubuque|Los Ángeles|Los Angeles, CA",Los Angeles,Los Angeles,Los Angeles is in the country of,United States of America|the United States of America|America|U.S.A.|USA|U.S.|US|the US|the USA|US of A|the United States|U. S. A.|U. S.|the States|the U.S.|United States|US of America|the U.S.A.|the US of America|the US of A|the U.S. of A|the U.S. of America|U.S. of America|Merica,United States,United States,cntry of person's birthcity,person-birthcity-cntry
91329,Agnieszka Radwańska,Kraków,Poland,The city where Agnieszka Radwańska was born is,Kraków|Cracow|Krakow|Royal City of Kraków|Royal Capital City of Kraków|Krakau|Kroke|Cracovie|Cracovia|Krakov|Krakiv|Krakkó|Krakova|Krako|Krakoy|Krakuv,Krakow,Kraków,Kraków is in the country of,Poland|POL|Republic of Poland|PL|Polska|🇵🇱,Poland,Poland,cntry of person's birthcity,person-birthcity-cntry
91333,Uwe Seeler,Hamburg,Germany,The city where Uwe Seeler was born is,"Hamburg|Free and Hanseatic City of Hamburg|Hamburg, Germany|Hamburg, Freie und Hansestadt",Hamburg,Hamburg,Hamburg is in the country of,Germany|Federal Republic of Germany|Deutschland|GER|BR Deutschland|DE|BRD|Bundesrepublik Deutschland|GFR,Germany,Germany,cntry of person's birthcity,person-birthcity-cntry
91332,Eiður Guðjohnsen,Reykjavík,Iceland,The city where Eiður Guðjohnsen was born is,Reykjavík|Reykjavik|Reykjavíkurborg|Reykjavikurborg,Reykjavik,Reykjavík,Reykjavík is in the country of,Iceland|Republic of Iceland|is|Island|🇮🇸|ISL|Ysland,Iceland,Iceland,cntry of person's birthcity,person-birthcity-cntry
91334,Christian Vieri,Bologna,Italy,The city where Christian Vieri was born is,"Bologna|Bologna, Italy",Bologna.,Bologna,Bologna is in the country of,Italy|Italia|Italian Republic|IT|🇮🇹|ITA|Republic of Italy|Repubblica Italiana,Italy,Italy,cntry of person's birthcity,person-birthcity-cntry
91338,Kourtney Kardashian,Los Angeles,United States of America,The city where Kourtney Kardashian was born is,"Los Angeles|Los Angeles, California|Pink City|The town of Our Lady the Queen of the Angels of the Little Portion|La La Land|Tinsel Town|City of Angels|City of Los Angeles|LA, California|L.A.|LA|Double Dubuque|Los Ángeles|Los Angeles, CA",Los Angeles,Los Angeles,Los Angeles is in the country of,United States of America|the United States of America|America|U.S.A.|USA|U.S.|US|the US|the USA|US of A|the United States|U. S. A.|U. S.|the States|the U.S.|United States|US of America|the U.S.A.|the US of America|the US of A|the U.S. of A|the U.S. of America|U.S. of America|Merica,United States,United States,cntry of person's birthcity,person-birthcity-cntry
91342,Carlos Sainz Jr.,Madrid,Spain,The city where Carlos Sainz Jr. was born is,"Madrid|Madrid, Spain",Madrid,Madrid,Madrid is in the country of,Spain|Kingdom of Spain|ES|ESP|🇪🇸,Spain,Spain,cntry of person's birthcity,person-birthcity-cntry
91350,Domhnall Gleeson,Dublin,Republic of Ireland,The city where Domhnall Gleeson was born is,"Dublin|Dublin city|City of Dublin|Baile Átha Cliath|Dublin, Ireland",Dublin,Dublin,Dublin is in the country of,"Republic of Ireland|Éire|IE|IRL|Hibernia|Ireland, Republic of|🇮🇪|Eire|Southern Ireland|Ireland (state)|Ireland",Ireland,Ireland,cntry of person's birthcity,person-birthcity-cntry
91355,Kim Soo-hyun,Seoul,South Korea,The city where Kim Soo-hyun was born is,Seoul|Seoul City|Sŏul T'ŭkpyŏlsi|Wiryeseong|Namgyeong|Hanseong|Hanyang|Keijō|Keijou|Gyeongseong,Seoul,Seoul,Seoul is in the country of,South Korea|Republic of Korea|ROK|kr|Rep. Korea|S. Korea|Korea Republic|🇰🇷|KOR|Hanguk|Daehan Minguk|Daehanminguk|SK|Korea (South),South Korea,South Korea,cntry of person's birthcity,person-birthcity-cntry
91360,Rafinha,São Paulo,Brazil,The city where Rafinha was born is,São Paulo|Sao Paulo|São Paulo city,São Paulo.,São Paulo,São Paulo is in the country of,Brazil|Federative Republic of Brazil|BR|BRA|🇧🇷|Brasil,Brazil,Brazil,cntry of person's birthcity,person-birthcity-cntry
91361,Magda Goebbels,Berlin,Germany,The city where Magda Goebbels was born is,"Berlin|Berlin, Germany|Berlin (Germany)|DE-BE",Berlin,Berlin,Berlin is in the country of,Germany|Federal Republic of Germany|Deutschland|GER|BR Deutschland|DE|BRD|Bundesrepublik Deutschland|GFR,Germany,Germany,cntry of person's birthcity,person-birthcity-cntry
91366,Asia Argento,Rome,Italy,The city where Asia Argento was born is,"Rome|The Eternal City|Roma|Rome, Italy|City of Seven Hills",Rome,Rome,Rome is in the country of,Italy|Italia|Italian Republic|IT|🇮🇹|ITA|Republic of Italy|Repubblica Italiana,Italy,Italy,cntry of person's birthcity,person-birthcity-cntry
91377,Jonas Gahr Støre,Oslo,Norway,The city where Jonas Gahr Støre was born is,"Oslo|Christiania|Kristiania|NOOSL|Oslo, Norway",Oslo,Oslo,Oslo is in the country of,Norway|Kingdom of Norway|NO|NOR|🇳🇴,Norway,Norway,cntry of person's birthcity,person-birthcity-cntry
91397,Dušan Petković,Belgrade,Serbia,The city where Dušan Petković was born is,"Belgrade|City of Belgrade|Belgrade, Serbia|Beograd|Београд",Belgrade,Belgrade,Belgrade is in the country of,Serbia|Republic of Serbia|Republika Srbija|Srbija|SRB|RS,Serbia,Serbia,cntry of person's birthcity,person-birthcity-cntry
91400,Leander Paes,Kolkata,India,The city where Leander Paes was born is,Kolkata|Calcutta|City of Palaces|City of Processions|City of Joy,Kolkata.,Kolkata,Kolkata is in the country of,India|Republic of India|Bharat|Bharatvarsh|Hindustan|IN|IND|🇮🇳|Bharata|Hindoostan|Indostan|Bharat Ganarajya,India,India,cntry of person's birthcity,person-birthcity-cntry
91407,Esha Deol,Mumbai,India,The city where Esha Deol was born is,Mumbai|Bombay,Mumbai.,Mumbai,Mumbai is in the country of,India|Republic of India|Bharat|Bharatvarsh|Hindustan|IN|IND|🇮🇳|Bharata|Hindoostan|Indostan|Bharat Ganarajya,India,India,cntry of person's birthcity,person-birthcity-cntry
91413,Tommy Haas,Hamburg,Germany,The city where Tommy Haas was born is,"Hamburg|Free and Hanseatic City of Hamburg|Hamburg, Germany|Hamburg, Freie und Hansestadt",Hamburg,Hamburg,Hamburg is in the country of,Germany|Federal Republic of Germany|Deutschland|GER|BR Deutschland|DE|BRD|Bundesrepublik Deutschland|GFR,Germany,Germany,cntry of person's birthcity,person-birthcity-cntry
91415,Infanta Cristina of Spain,Madrid,Spain,The city where Infanta Cristina of Spain was born is,"Madrid|Madrid, Spain",Madrid,Madrid,Madrid is in the country of,Spain|Kingdom of Spain|ES|ESP|🇪🇸,Spain,Spain,cntry of person's birthcity,person-birthcity-cntry
91423,Gavin Newsom,San Francisco,United States of America,The city where Gavin Newsom was born is,"San Francisco|San Francisco, California|The City by the Bay|SF|SFO|The Golden City|Paris of the West|Baghdad by the Bay|San Francisco County|San Francisco County, California|San Fran|Frisco|City and County of San Francisco|San Francisco, CA",San Francisco,San Francisco,San Francisco is in the country of,United States of America|the United States of America|America|U.S.A.|USA|U.S.|US|the US|the USA|US of A|the United States|U. S. A.|U. S.|the States|the U.S.|United States|US of America|the U.S.A.|the US of America|the US of A|the U.S. of A|the U.S. of America|U.S. of America|Merica,United States,United States,cntry of person's birthcity,person-birthcity-cntry
91429,Vladimír Weiss,Bratislava,Slovakia,The city where Vladimír Weiss was born is,Bratislava|Pressburg|Pozsony|Presburg,Bratislava,Bratislava,Bratislava is in the country of,Slovakia|Slovak Republic|sk|🇸🇰|SVK|Slovakia (Slovak Republic),Slovakia,Slovakia,cntry of person's birthcity,person-birthcity-cntry
91446,Kjetil André Aamodt,Oslo,Norway,The city where Kjetil André Aamodt was born is,"Oslo|Christiania|Kristiania|NOOSL|Oslo, Norway",Oslo,Oslo,Oslo is in the country of,Norway|Kingdom of Norway|NO|NOR|🇳🇴,Norway,Norway,cntry of person's birthcity,person-birthcity-cntry
91451,John Carradine,New York City,United States of America,The city where John Carradine was born is,"New York City|NYC|the five boroughs|Big Apple|City of New York|NY City|New York, New York|New York City, New York|New York, NY|New York City, NY|Caput Mundi|The City So Nice They Named It Twice|Capital of the World|New York|New York City (NYC)|New York (city)|Center of the Universe",New York City,New York City,New York City is in the country of,United States of America|the United States of America|America|U.S.A.|USA|U.S.|US|the US|the USA|US of A|the United States|U. S. A.|U. S.|the States|the U.S.|United States|US of America|the U.S.A.|the US of America|the US of A|the U.S. of A|the U.S. of America|U.S. of America|Merica,United States,United States,cntry of person's birthcity,person-birthcity-cntry
91453,Lee Byung-hun,Seoul,South Korea,The city where Lee Byung-hun was born is,Seoul|Seoul City|Sŏul T'ŭkpyŏlsi|Wiryeseong|Namgyeong|Hanseong|Hanyang|Keijō|Keijou|Gyeongseong,Seoul,Seoul,Seoul is in the country of,South Korea|Republic of Korea|ROK|kr|Rep. Korea|S. Korea|Korea Republic|🇰🇷|KOR|Hanguk|Daehan Minguk|Daehanminguk|SK|Korea (South),South Korea,South Korea,cntry of person's birthcity,person-birthcity-cntry
91455,Anna May Wong,Los Angeles,United States of America,The city where Anna May Wong was born is,"Los Angeles|Los Angeles, California|Pink City|The town of Our Lady the Queen of the Angels of the Little Portion|La La Land|Tinsel Town|City of Angels|City of Los Angeles|LA, California|L.A.|LA|Double Dubuque|Los Ángeles|Los Angeles, CA",Los Angeles,Los Angeles,Los Angeles is in the country of,United States of America|the United States of America|America|U.S.A.|USA|U.S.|US|the US|the USA|US of A|the United States|U. S. A.|U. S.|the States|the U.S.|United States|US of America|the U.S.A.|the US of America|the US of A|the U.S. of A|the U.S. of America|U.S. of America|Merica,United States,United States,cntry of person's birthcity,person-birthcity-cntry
91462,Francesco Guardi,Venice,Italy,The city where Francesco Guardi was born is,"Venice|Serenissima|Venezia|Venexia|Venetia|Venice, Italy",Venice.,Venice,Venice is in the country of,Italy|Italia|Italian Republic|IT|🇮🇹|ITA|Republic of Italy|Repubblica Italiana,Italy,Italy,cntry of person's birthcity,person-birthcity-cntry
91465,Ernests Gulbis,Riga,Latvia,The city where Ernests Gulbis was born is,Riga|Rīga|Ryga|Rige|Riia|Rija|Rīgõ,"Riga, Latvia.",Riga,Riga is in the country of,Latvia|lv|🇱🇻|LVA|Leţmо̄ Vabāmо̄|Leţmо̄|Republic of Latvia|Latvian Republic|Latvija|LAT|Latveja|Latvijas Republika|Latvejas Republika,Latvia,Latvia,cntry of person's birthcity,person-birthcity-cntry
91481,Tori Spelling,Los Angeles,United States of America,The city where Tori Spelling was born is,"Los Angeles|Los Angeles, California|Pink City|The town of Our Lady the Queen of the Angels of the Little Portion|La La Land|Tinsel Town|City of Angels|City of Los Angeles|LA, California|L.A.|LA|Double Dubuque|Los Ángeles|Los Angeles, CA",Los Angeles,Los Angeles,Los Angeles is in the country of,United States of America|the United States of America|America|U.S.A.|USA|U.S.|US|the US|the USA|US of A|the United States|U. S. A.|U. S.|the States|the U.S.|United States|US of America|the U.S.A.|the US of America|the US of A|the U.S. of A|the U.S. of America|U.S. of America|Merica,United States,United States,cntry of person's birthcity,person-birthcity-cntry
91485,Solange Knowles,Houston,United States of America,The city where Solange Knowles was born is,"Houston|Houston, Texas|Space City|H-Town|City of Houston|USHOU|Houston, TX|Houston TX",Houston.,Houston,Houston is in the country of,United States of America|the United States of America|America|U.S.A.|USA|U.S.|US|the US|the USA|US of A|the United States|U. S. A.|U. S.|the States|the U.S.|United States|US of America|the U.S.A.|the US of America|the US of A|the U.S. of A|the U.S. of America|U.S. of America|Merica,United States,United States,cntry of person's birthcity,person-birthcity-cntry
91505,László Cseh,Budapest,Hungary,The city where László Cseh was born is,"Budapest|Buda Pest|Buda-Pest|Budapešť|Budapesta|Budapeszt|Buda|Ofen|Budín|Budim|Budon|Pest|Pešť|Pešta|Alt-Ofen|Budapest, Hungary|Buda-Pesth",Budapest,Budapest,Budapest is in the country of,Hungary|hu|🇭🇺|HUN,Hungary,Hungary,cntry of person's birthcity,person-birthcity-cntry
91510,Janhvi Kapoor,Mumbai,India,The city where Janhvi Kapoor was born is,Mumbai|Bombay,Mumbai.,Mumbai,Mumbai is in the country of,India|Republic of India|Bharat|Bharatvarsh|Hindustan|IN|IND|🇮🇳|Bharata|Hindoostan|Indostan|Bharat Ganarajya,India,India,cntry of person's birthcity,person-birthcity-cntry
91511,Steffen Iversen,Oslo,Norway,The city where Steffen Iversen was born is,"Oslo|Christiania|Kristiania|NOOSL|Oslo, Norway",Oslo,Oslo,Oslo is in the country of,Norway|Kingdom of Norway|NO|NOR|🇳🇴,Norway,Norway,cntry of person's birthcity,person-birthcity-cntry
91524,Princess Sara Ali Khan of Bhopal,Mumbai,India,The city where Princess Sara Ali Khan of Bhopal was born is,Mumbai|Bombay,Mumbai.,Mumbai,Mumbai is in the country of,India|Republic of India|Bharat|Bharatvarsh|Hindustan|IN|IND|🇮🇳|Bharata|Hindoostan|Indostan|Bharat Ganarajya,India,India,cntry of person's birthcity,person-birthcity-cntry
91548,Maria de Medeiros,Lisbon,Portugal,The city where Maria de Medeiros was born is,Lisbon|Lisboa,Lisbon,Lisbon,Lisbon is in the country of,Portugal|Portuguese Republic|PT|🇵🇹|PRT|POR,Portugal,Portugal,cntry of person's birthcity,person-birthcity-cntry
91556,Luke Hemsworth,Melbourne,Australia,The city where Luke Hemsworth was born is,"Melbourne|Melbourne, Victoria|Melbourne, Australia|Greater Melbourne|Melbourne, AUS|Naarm|Melbourne, Victoria, Australia|Melbourne, VIC|Melbourne, VIC, Australia|Narrm",Melbourne,Melbourne,Melbourne is in the country of,Australia|Commonwealth of Australia|AU|AUS|🇦🇺|Straya|Aussieland|Oz|Stralia|New Holland|New Hollandia|Nova Hollandia|Down Under,Australia,Australia,cntry of person's birthcity,person-birthcity-cntry
91569,Rob Kardashian,Los Angeles,United States of America,The city where Rob Kardashian was born is,"Los Angeles|Los Angeles, California|Pink City|The town of Our Lady the Queen of the Angels of the Little Portion|La La Land|Tinsel Town|City of Angels|City of Los Angeles|LA, California|L.A.|LA|Double Dubuque|Los Ángeles|Los Angeles, CA",Los Angeles,Los Angeles,Los Angeles is in the country of,United States of America|the United States of America|America|U.S.A.|USA|U.S.|US|the US|the USA|US of A|the United States|U. S. A.|U. S.|the States|the U.S.|United States|US of America|the U.S.A.|the US of America|the US of A|the U.S. of A|the U.S. of America|U.S. of America|Merica,United States,United States,cntry of person's birthcity,person-birthcity-cntry
91577,Al-Saadi Gaddafi,Tripoli,Libya,The city where Al-Saadi Gaddafi was born is,Tripoli|Tarabulus,Tripoli.,Tripoli,Tripoli is in the country of,Libya|State of Libya|ly|🇱🇾|LBA,Libya,Libya,cntry of person's birthcity,person-birthcity-cntry
91592,Ronnie Whelan,Dublin,Republic of Ireland,The city where Ronnie Whelan was born is,"Dublin|Dublin city|City of Dublin|Baile Átha Cliath|Dublin, Ireland",Dublin,Dublin,Dublin is in the country of,"Republic of Ireland|Éire|IE|IRL|Hibernia|Ireland, Republic of|🇮🇪|Eire|Southern Ireland|Ireland (state)|Ireland",Ireland,Ireland,cntry of person's birthcity,person-birthcity-cntry
91628,Matti Järvinen,Tampere,Finland,The city where Matti Järvinen was born is,Tampere|Tammerfors,Tampere,Tampere,Tampere is in the country of,Finland|Republic of Finland|Finnia|Land of Thousand Lakes|fi|Suomi|Suomen tasavalta|Republiken Finland|🇫🇮|FIN,Finland,Finland,cntry of person's birthcity,person-birthcity-cntry
91629,Daniel Maldini,Milan,Italy,The city where Daniel Maldini was born is,"Milan|Milano|Milano, Italy|Milan, Italy|Mailand",Milan.,Milan,Milan is in the country of,Italy|Italia|Italian Republic|IT|🇮🇹|ITA|Republic of Italy|Repubblica Italiana,Italy,Italy,cntry of person's birthcity,person-birthcity-cntry
91636,Lisa Dahlkvist,Stockholm,Sweden,The city where Lisa Dahlkvist was born is,Stockholm|Sthlm,"Stockholm, Sweden",Stockholm,Stockholm is in the country of,Sweden|Kingdom of Sweden|🇸🇪|SE|SWE|Sverige|Konungariket Sverige,Sweden,Sweden,cntry of person's birthcity,person-birthcity-cntry
91639,Albert Guðmundsson,Reykjavík,Iceland,The city where Albert Guðmundsson was born is,Reykjavík|Reykjavik|Reykjavíkurborg|Reykjavikurborg,Reykjavik,Reykjavík,Reykjavík is in the country of,Iceland|Republic of Iceland|is|Island|🇮🇸|ISL|Ysland,Iceland,Iceland,cntry of person's birthcity,person-birthcity-cntry
91641,Birabongse Bhanudej,Bangkok,Thailand,The city where Birabongse Bhanudej was born is,"Bangkok|Bangkok, Thailand|Krung Thep|Krung Thep Maha Nakhon|Sia-Yut'hia|Krungthepmahanakhon Amonrattanakosin Mahintharayutthaya Mahadilokphop Noppharatratchathaniburirom Udomratchaniwetmahasathan Amonphimanawatansathit Sakkathattiyawitsanukamprasit",Bangkok,Bangkok,Bangkok is in the country of,Thailand|Kingdom of Thailand|th|Siam|🇹🇭|Land of Smiles|THA,Thailand,Thailand,cntry of person's birthcity,person-birthcity-cntry
91653,Roland Sallai,Budapest,Hungary,The city where Roland Sallai was born is,"Budapest|Buda Pest|Buda-Pest|Budapešť|Budapesta|Budapeszt|Buda|Ofen|Budín|Budim|Budon|Pest|Pešť|Pešta|Alt-Ofen|Budapest, Hungary|Buda-Pesth",Budapest,Budapest,Budapest is in the country of,Hungary|hu|🇭🇺|HUN,Hungary,Hungary,cntry of person's birthcity,person-birthcity-cntry
91663,Amir Reza Abedzadeh,Tehran,Iran,The city where Amir Reza Abedzadeh was born is,Tehran|Teheran|Ṭihrán,Tehran,Tehran,Tehran is in the country of,Iran|Islamic Republic of Iran|Persia|ir|Islamic Rep. Iran|🇮🇷|irn,Iran.,Iran,cntry of person's birthcity,person-birthcity-cntry
91666,Zurab Khizanishvili,Tbilisi,Georgia,The city where Zurab Khizanishvili was born is,Tbilisi|Tiflis|Tpilisi|Tbilissi|Tpilissi,Tbilisi.,Tbilisi,Tbilisi is in the country of,Georgia|Republic of Georgia|GE|🇬🇪|GEO|Georgia (country)|Sakartvelo,Georgia,Georgia,cntry of person's birthcity,person-birthcity-cntry
91671,Tracee Ellis Ross,Los Angeles,United States of America,The city where Tracee Ellis Ross was born is,"Los Angeles|Los Angeles, California|Pink City|The town of Our Lady the Queen of the Angels of the Little Portion|La La Land|Tinsel Town|City of Angels|City of Los Angeles|LA, California|L.A.|LA|Double Dubuque|Los Ángeles|Los Angeles, CA",Los Angeles,Los Angeles,Los Angeles is in the country of,United States of America|the United States of America|America|U.S.A.|USA|U.S.|US|the US|the USA|US of A|the United States|U. S. A.|U. S.|the States|the U.S.|United States|US of America|the U.S.A.|the US of America|the US of A|the U.S. of A|the U.S. of America|U.S. of America|Merica,United States,United States,cntry of person's birthcity,person-birthcity-cntry
91682,Bruno Rezende,Rio de Janeiro,Brazil,The city where Bruno Rezende was born is,Rio de Janeiro|Rio|Rio de Janeiro city|Río de Janeiro City|City of Río de Janeiro,Rio de Janeiro,Rio de Janeiro,Rio de Janeiro is in the country of,Brazil|Federative Republic of Brazil|BR|BRA|🇧🇷|Brasil,Brazil,Brazil,cntry of person's birthcity,person-birthcity-cntry
91683,Attila Szalai,Budapest,Hungary,The city where Attila Szalai was born is,"Budapest|Buda Pest|Buda-Pest|Budapešť|Budapesta|Budapeszt|Buda|Ofen|Budín|Budim|Budon|Pest|Pešť|Pešta|Alt-Ofen|Budapest, Hungary|Buda-Pesth",Budapest,Budapest,Budapest is in the country of,Hungary|hu|🇭🇺|HUN,Hungary,Hungary,cntry of person's birthcity,person-birthcity-cntry
91697,Ken Tokura,Tokyo,Japan,The city where Ken Tokura was born is,Tokyo|City of Tokyo,Tokyo,Tokyo,Tokyo is in the country of,Japan|State of Japan|Land of the Rising Sun|Nihon|Nippon|JP|Nippon-koku|Nihon-koku|JPN|JAP|JA|🇯🇵|Iapan|Iapon|Land of Rising Sun,Japan,Japan,cntry of person's birthcity,person-birthcity-cntry
91704,Martins Dukurs,Riga,Latvia,The city where Martins Dukurs was born is,Riga|Rīga|Ryga|Rige|Riia|Rija|Rīgõ,"Riga, Latvia",Riga,Riga is in the country of,Latvia|lv|🇱🇻|LVA|Leţmо̄ Vabāmо̄|Leţmо̄|Republic of Latvia|Latvian Republic|Latvija|LAT|Latveja|Latvijas Republika|Latvejas Republika,Latvia,Latvia,cntry of person's birthcity,person-birthcity-cntry
91742,František Veselý,Prague,Czech Republic,The city where František Veselý was born is,Prague|Praha|Hlavní město Praha|City of Prague,Praha,Praha,Prague is in the country of,Czech Republic|CZR|Česko|Česká republika|ČR|CZE|CZ|Czechia,Czech Republic,Czech Republic,cntry of person's birthcity,person-birthcity-cntry
91747,Kelly Sildaru,Tallinn,Estonia,The city where Kelly Sildaru was born is,"Tallinn|Reval|Revel|Rewel|Kolywan|Lyndanisse|Lindanäs|Reuel|Tallinn, Estonia","Tallinn, Estonia",Tallinn,Tallinn is in the country of,Estonia|Republic of Estonia|Estland|Eesti|ee|EST|🇪🇪|Eesti Vabariik,Estonia,Estonia,cntry of person's birthcity,person-birthcity-cntry
91758,Tibor Benedek,Budapest,Hungary,The city where Tibor Benedek was born is,"Budapest|Buda Pest|Buda-Pest|Budapešť|Budapesta|Budapeszt|Buda|Ofen|Budín|Budim|Budon|Pest|Pešť|Pešta|Alt-Ofen|Budapest, Hungary|Buda-Pesth",Budapest,Budapest,Budapest is in the country of,Hungary|hu|🇭🇺|HUN,Hungary,Hungary,cntry of person's birthcity,person-birthcity-cntry
91771,Katja Nyberg,Stockholm,Sweden,The city where Katja Nyberg was born is,Stockholm|Sthlm,Stockholm,Stockholm,Stockholm is in the country of,Sweden|Kingdom of Sweden|🇸🇪|SE|SWE|Sverige|Konungariket Sverige,Sweden,Sweden,cntry of person's birthcity,person-birthcity-cntry
91792,Taylor Phinney,Boulder,United States of America,The city where Taylor Phinney was born is,"Boulder|Boulder, Colorado|Boulder, CO","Boulder, Colorado.",Boulder,Boulder is in the country of,United States of America|the United States of America|America|U.S.A.|USA|U.S.|US|the US|the USA|US of A|the United States|U. S. A.|U. S.|the States|the U.S.|United States|US of America|the U.S.A.|the US of America|the US of A|the U.S. of A|the U.S. of America|U.S. of America|Merica,United States,United States,cntry of person's birthcity,person-birthcity-cntry
91805,Petr Kouba,Prague,Czech Republic,The city where Petr Kouba was born is,Prague|Praha|Hlavní město Praha|City of Prague,Praha,Praha,Prague is in the country of,Czech Republic|CZR|Česko|Česká republika|ČR|CZE|CZ|Czechia,Czech Republic,Czech Republic,cntry of person's birthcity,person-birthcity-cntry
91831,Tamir Cohen,Tel Aviv,Israel,The city where Tamir Cohen was born is,"Tel Aviv|Tel Aviv-Yafo|Tel-Aviv|Tel Aviv City|Tel Aviv-Jaffa|Tel-Aviv Jaffa|Tel Aviv Jaffa|Tel Aviv-Jafo|Tel Aviv, Israel|TLV",Tel Aviv.,Tel Aviv,Tel Aviv is in the country of,Israel|State of Israel|il|🇮🇱|the Jewish state|ISR,Israel,Israel,cntry of person's birthcity,person-birthcity-cntry
91842,Guy Thys,Antwerp,Belgium,The city where Guy Thys was born is,Antwerp|City of Antwerp|Anvers|Antwerpen,Antwerp.,Antwerp,Antwerp is in the country of,Belgium|Kingdom of Belgium|BEL|be|🇧🇪|Koninkrijk België|Royaume de Belgique|Königreich Belgien|Belgien,Belgium,Belgium,cntry of person's birthcity,person-birthcity-cntry
91843,Jabari Parker,Chicago,United States of America,The city where Jabari Parker was born is,"Chicago|Chicago, Illinois|The Windy City|City by the Lake|The Queen of the West|Chi-Town|Chitown|The Second City|City of Chicago|City of Broad Shoulders|Chi-Raq|Chicago, IL",Chicago,Chicago,Chicago is in the country of,United States of America|the United States of America|America|U.S.A.|USA|U.S.|US|the US|the USA|US of A|the United States|U. S. A.|U. S.|the States|the U.S.|United States|US of America|the U.S.A.|the US of America|the US of A|the U.S. of A|the U.S. of America|U.S. of America|Merica,United States,United States,cntry of person's birthcity,person-birthcity-cntry
91846,Andrea Temesvári,Budapest,Hungary,The city where Andrea Temesvári was born is,"Budapest|Buda Pest|Buda-Pest|Budapešť|Budapesta|Budapeszt|Buda|Ofen|Budín|Budim|Budon|Pest|Pešť|Pešta|Alt-Ofen|Budapest, Hungary|Buda-Pesth",Budapest,Budapest,Budapest is in the country of,Hungary|hu|🇭🇺|HUN,Hungary,Hungary,cntry of person's birthcity,person-birthcity-cntry
91848,Fredrik Gulbrandsen,Oslo,Norway,The city where Fredrik Gulbrandsen was born is,"Oslo|Christiania|Kristiania|NOOSL|Oslo, Norway",Oslo,Oslo,Oslo is in the country of,Norway|Kingdom of Norway|NO|NOR|🇳🇴,Norway,Norway,cntry of person's birthcity,person-birthcity-cntry
91882,Andrea Gyarmati,Budapest,Hungary,The city where Andrea Gyarmati was born is,"Budapest|Buda Pest|Buda-Pest|Budapešť|Budapesta|Budapeszt|Buda|Ofen|Budín|Budim|Budon|Pest|Pešť|Pešta|Alt-Ofen|Budapest, Hungary|Buda-Pesth",Budapest,Budapest,Budapest is in the country of,Hungary|hu|🇭🇺|HUN,Hungary,Hungary,cntry of person's birthcity,person-birthcity-cntry
91905,Jalen Rose,Detroit,United States of America,The city where Jalen Rose was born is,"Detroit|Motor City|Detroit, Michigan|Detroiit|Detroit, MI|The D|City of Detroit",Detroit,Detroit,Detroit is in the country of,United States of America|the United States of America|America|U.S.A.|USA|U.S.|US|the US|the USA|US of A|the United States|U. S. A.|U. S.|the States|the U.S.|United States|US of America|the U.S.A.|the US of America|the US of A|the U.S. of A|the U.S. of America|U.S. of America|Merica,United States,United States,cntry of person's birthcity,person-birthcity-cntry
91906,Teppo Numminen,Tampere,Finland,The city where Teppo Numminen was born is,Tampere|Tammerfors,Tampere,Tampere,Tampere is in the country of,Finland|Republic of Finland|Finnia|Land of Thousand Lakes|fi|Suomi|Suomen tasavalta|Republiken Finland|🇫🇮|FIN,Finland,Finland,cntry of person's birthcity,person-birthcity-cntry
91907,Patrick Thoresen,Oslo,Norway,The city where Patrick Thoresen was born is,"Oslo|Christiania|Kristiania|NOOSL|Oslo, Norway",Oslo,Oslo,Oslo is in the country of,Norway|Kingdom of Norway|NO|NOR|🇳🇴,Norway,Norway,cntry of person's birthcity,person-birthcity-cntry
91912,Mike Comrie,Edmonton,Canada,The city where Mike Comrie was born is,"Edmonton|Edmonton, Alberta|Edmonton, AB|City of Edmonton","Edmonton, Alberta.",Edmonton,Edmonton is in the country of,Canada|CAN|CA,Canada,Canada,cntry of person's birthcity,person-birthcity-cntry
91943,Răzvan Marin,Bucharest,Romania,The city where Răzvan Marin was born is,"Bucharest|Little Paris|Paris of the East|București|Bucureşti|Bucuresti|Bucharest, Romania",Bucharest,Bucharest,Bucharest is in the country of,Romania|Roumania|Rumania|România|ro|🇷🇴,Romania,Romania,cntry of person's birthcity,person-birthcity-cntry
91970,Steve Young,Salt Lake City,United States of America,The city where Steve Young was born is,"Salt Lake City|Salt Lake|SLC|Salt Lake City, Utah|Salt Lake City, UT",Salt Lake City,Salt Lake City,Salt Lake City is in the country of,United States of America|the United States of America|America|U.S.A.|USA|U.S.|US|the US|the USA|US of A|the United States|U. S. A.|U. S.|the States|the U.S.|United States|US of America|the U.S.A.|the US of America|the US of A|the U.S. of A|the U.S. of America|U.S. of America|Merica,United States,United States,cntry of person's birthcity,person-birthcity-cntry
91976,Georgia May Jagger,London,United Kingdom,The city where Georgia May Jagger was born is,"London|London, UK|London, United Kingdom|London, England|London UK|London U.K.|Greater London|Londinium|Loñ|Lundenwic|Londinio|Londini|Londiniensium|Augusta|Trinovantum|Kaerlud|Karelundein|Lunden|Big Smoke|the Big Smoke|Lundenburh|Lundenburgh|Llyn Dain|Llan Dian|Londinion|Loniniensi|Lon.|Loñ.|Lond.|LDN",London,London,London is in the country of,United Kingdom|🇬🇧|UK|United Kingdom of Great Britain and Northern Ireland|U.K.|GBR|GB|U. K.|U K|G.B.|G. B.|G B|Great Britain|G.B.R.|G B R|Britain|Great Britain and Northern Ireland|The United Kingdom of Great Britain and Northern Ireland|The UK,United Kingdom,United Kingdom,cntry of person's birthcity,person-birthcity-cntry
91979,Dávid Verrasztó,Budapest,Hungary,The city where Dávid Verrasztó was born is,"Budapest|Buda Pest|Buda-Pest|Budapešť|Budapesta|Budapeszt|Buda|Ofen|Budín|Budim|Budon|Pest|Pešť|Pešta|Alt-Ofen|Budapest, Hungary|Buda-Pesth",Budapest,Budapest,Budapest is in the country of,Hungary|hu|🇭🇺|HUN,Hungary,Hungary,cntry of person's birthcity,person-birthcity-cntry
92033,Gary Payton II,Seattle,United States of America,The city where Gary Payton II was born is,"Seattle|Seattle, Washington|Seattle, WA|Duwamps|New York Alki",Seattle,Seattle,Seattle is in the country of,United States of America|the United States of America|America|U.S.A.|USA|U.S.|US|the US|the USA|US of A|the United States|U. S. A.|U. S.|the States|the U.S.|United States|US of America|the U.S.A.|the US of America|the US of A|the U.S. of A|the U.S. of America|U.S. of America|Merica,United States,United States,cntry of person's birthcity,person-birthcity-cntry
92034,Petr Pála,Prague,Czech Republic,The city where Petr Pála was born is,Prague|Praha|Hlavní město Praha|City of Prague,Prague,Prague,Prague is in the country of,Czech Republic|CZR|Česko|Česká republika|ČR|CZE|CZ|Czechia,Czech Republic,Czech Republic,cntry of person's birthcity,person-birthcity-cntry
92041,István Szívós Jr.,Budapest,Hungary,The city where István Szívós Jr. was born is,"Budapest|Buda Pest|Buda-Pest|Budapešť|Budapesta|Budapeszt|Buda|Ofen|Budín|Budim|Budon|Pest|Pešť|Pešta|Alt-Ofen|Budapest, Hungary|Buda-Pesth",Budapest,Budapest,Budapest is in the country of,Hungary|hu|🇭🇺|HUN,Hungary,Hungary,cntry of person's birthcity,person-birthcity-cntry
92062,Melike İpek Yalova,Istanbul,Turkey,The city where Melike İpek Yalova was born is,Istanbul|Constantinople|Scarlet Apple,Istanbul.,Istanbul,Istanbul is in the country of,Turkey|TUR|TR|Republic of Türkiye|Türkiye|Republic of Turkey,Turkey,Turkey,cntry of person's birthcity,person-birthcity-cntry
92063,Carling Bassett-Seguso,Toronto,Canada,The city where Carling Bassett-Seguso was born is,"Toronto|City of Toronto|The Six|T-O|The 416|Hogtown|Toronto, Ontario|Toronto, ON|Toronto, Canada",Toronto.,Toronto,Toronto is in the country of,Canada|CAN|CA,Canada,Canada,cntry of person's birthcity,person-birthcity-cntry
92071,Jan Šimůnek,Prague,Czech Republic,The city where Jan Šimůnek was born is,Prague|Praha|Hlavní město Praha|City of Prague,Prague,Prague,Prague is in the country of,Czech Republic|CZR|Česko|Česká republika|ČR|CZE|CZ|Czechia,Czech Republic,Czech Republic,cntry of person's birthcity,person-birthcity-cntry
92091,Tomass Dukurs,Riga,Latvia,The city where Tomass Dukurs was born is,Riga|Rīga|Ryga|Rige|Riia|Rija|Rīgõ,"Riga, Latvia",Riga,Riga is in the country of,Latvia|lv|🇱🇻|LVA|Leţmо̄ Vabāmо̄|Leţmо̄|Republic of Latvia|Latvian Republic|Latvija|LAT|Latveja|Latvijas Republika|Latvejas Republika,Latvia,Latvia,cntry of person's birthcity,person-birthcity-cntry
92095,Rickson Gracie,Rio de Janeiro,Brazil,The city where Rickson Gracie was born is,Rio de Janeiro|Rio|Rio de Janeiro city|Río de Janeiro City|City of Río de Janeiro,Rio de Janeiro,Rio de Janeiro,Rio de Janeiro is in the country of,Brazil|Federative Republic of Brazil|BR|BRA|🇧🇷|Brasil,Brazil,Brazil,cntry of person's birthcity,person-birthcity-cntry
92096,Tamás Kovács,Budapest,Hungary,The city where Tamás Kovács was born is,"Budapest|Buda Pest|Buda-Pest|Budapešť|Budapesta|Budapeszt|Buda|Ofen|Budín|Budim|Budon|Pest|Pešť|Pešta|Alt-Ofen|Budapest, Hungary|Buda-Pesth",Budapest,Budapest,Budapest is in the country of,Hungary|hu|🇭🇺|HUN,Hungary,Hungary,cntry of person's birthcity,person-birthcity-cntry
92097,Atli Eðvaldsson,Reykjavík,Iceland,The city where Atli Eðvaldsson was born is,Reykjavík|Reykjavik|Reykjavíkurborg|Reykjavikurborg,Reykjavik,Reykjavík,Reykjavík is in the country of,Iceland|Republic of Iceland|is|Island|🇮🇸|ISL|Ysland,Iceland,Iceland,cntry of person's birthcity,person-birthcity-cntry
92124,Elin Nordegren,Stockholm,Sweden,The city where Elin Nordegren was born is,Stockholm|Sthlm,"Stockholm, Sweden",Stockholm,Stockholm is in the country of,Sweden|Kingdom of Sweden|🇸🇪|SE|SWE|Sverige|Konungariket Sverige,Sweden,Sweden,cntry of person's birthcity,person-birthcity-cntry
92144,Tamer Hosny,Cairo,Egypt,The city where Tamer Hosny was born is,"Cairo|Cairo, Egypt",Cairo,Cairo,Cairo is in the country of,Egypt|Republic of Egypt|eg|EGY|🇪🇬|Arab Republic of Egypt|Arab Rep. Egypt|Rep. Egypt,Egypt,Egypt,cntry of person's birthcity,person-birthcity-cntry
92150,Lucy DeVito,New York City,United States of America,The city where Lucy DeVito was born is,"New York City|NYC|the five boroughs|Big Apple|City of New York|NY City|New York, New York|New York City, New York|New York, NY|New York City, NY|Caput Mundi|The City So Nice They Named It Twice|Capital of the World|New York|New York City (NYC)|New York (city)|Center of the Universe",New York City,New York City,New York City is in the country of,United States of America|the United States of America|America|U.S.A.|USA|U.S.|US|the US|the USA|US of A|the United States|U. S. A.|U. S.|the States|the U.S.|United States|US of America|the U.S.A.|the US of America|the US of A|the U.S. of A|the U.S. of America|U.S. of America|Merica,United States,United States,cntry of person's birthcity,person-birthcity-cntry
92162,Eduard Azaryan,Yerevan,Armenia,The city where Eduard Azaryan was born is,Yerevan|Erivan|Erevan|The Pink City|Irevan|Iravan,Erevan.,Erevan,Yerevan is in the country of,Armenia|🇦🇲|Hayastan|Republic of Armenia|ARM|AM|Hayastani Hanrapetut’yun,Armenia.,Armenia,cntry of person's birthcity,person-birthcity-cntry
92164,Luis Regueiro,Mexico City,Mexico,The city where Luis Regueiro was born is,"Mexico City|Mexico D.F.|Ciudad de México|City of Mexico|Mexico City, Mexico|CDMX|Mexico",Mexico City,Mexico City,Mexico City is in the country of,Mexico|MX|United Mexican States|Mexican Republic|MEX|🇲🇽|US of M|MXN,Mexico,Mexico,cntry of person's birthcity,person-birthcity-cntry
92173,Ivana Maksimović,Belgrade,Serbia,The city where Ivana Maksimović was born is,"Belgrade|City of Belgrade|Belgrade, Serbia|Beograd|Београд",Belgrade,Belgrade,Belgrade is in the country of,Serbia|Republic of Serbia|Republika Srbija|Srbija|SRB|RS,Serbia,Serbia,cntry of person's birthcity,person-birthcity-cntry
92196,Rodrigo Ābols,Riga,Latvia,The city where Rodrigo Ābols was born is,Riga|Rīga|Ryga|Rige|Riia|Rija|Rīgõ,I cannot verify which city Rodrigo Ābols was born in.,Rīgõ,Riga is in the country of,Latvia|lv|🇱🇻|LVA|Leţmо̄ Vabāmо̄|Leţmо̄|Republic of Latvia|Latvian Republic|Latvija|LAT|Latveja|Latvijas Republika|Latvejas Republika,Latvia,Latvia,cntry of person's birthcity,person-birthcity-cntry
92232,Tanel Sokk,Tallinn,Estonia,The city where Tanel Sokk was born is,"Tallinn|Reval|Revel|Rewel|Kolywan|Lyndanisse|Lindanäs|Reuel|Tallinn, Estonia",Tallinn.,Tallinn,Tallinn is in the country of,Estonia|Republic of Estonia|Estland|Eesti|ee|EST|🇪🇪|Eesti Vabariik,Estonia,Estonia,cntry of person's birthcity,person-birthcity-cntry
92237,Ja'Net DuBois,Philadelphia,United States of America,The city where Ja'Net DuBois was born is,"Philadelphia|Philly|City of Brotherly Love|Cradle of Liberty|Philadelphia, Pennsylvania|City of Philadelphia|Philadelphia, PA|Philadelphia, Pa.",Philadelphia,Philadelphia,Philadelphia is in the country of,United States of America|the United States of America|America|U.S.A.|USA|U.S.|US|the US|the USA|US of A|the United States|U. S. A.|U. S.|the States|the U.S.|United States|US of America|the U.S.A.|the US of America|the US of A|the U.S. of A|the U.S. of America|U.S. of America|Merica,United States,United States,cntry of person's birthcity,person-birthcity-cntry
92271,Sung Ji-hyun,Seoul,South Korea,The city where Sung Ji-hyun was born is,Seoul|Seoul City|Sŏul T'ŭkpyŏlsi|Wiryeseong|Namgyeong|Hanseong|Hanyang|Keijō|Keijou|Gyeongseong,Seoul,Seoul,Seoul is in the country of,South Korea|Republic of Korea|ROK|kr|Rep. Korea|S. Korea|Korea Republic|🇰🇷|KOR|Hanguk|Daehan Minguk|Daehanminguk|SK|Korea (South),South Korea,South Korea,cntry of person's birthcity,person-birthcity-cntry
92316,Zhang Peimeng,Beijing,People's Republic of China,The city where Zhang Peimeng was born is,Beijing|Peking|Beiping|Peiping|Yanjing|Zhongdu|Khanbaliq|BJ|Pekin|Shuntian|Shuntianfu|Shuntian Fu|Pe-king|Pei-p'ing|Pei-ping|Peip'ing|Pei-ching|Yan-ching|Yanking|Chung-tu|Chungtu|Khanbalik|Shun-t'ien|Shun-tien,Beijing,Beijing,Beijing is in the country of,People's Republic of China|China|CN|PR China|PRC|CHN|🇨🇳|China PR|Mainland China|RPC,China,China,cntry of person's birthcity,person-birthcity-cntry
92319,Matteo Rizzo,Rome,Italy,The city where Matteo Rizzo was born is,"Rome|The Eternal City|Roma|Rome, Italy|City of Seven Hills",Rome,Rome,Rome is in the country of,Italy|Italia|Italian Republic|IT|🇮🇹|ITA|Republic of Italy|Repubblica Italiana,Italy,Italy,cntry of person's birthcity,person-birthcity-cntry
92324,Rita Keszthelyi,Budapest,Hungary,The city where Rita Keszthelyi was born is,"Budapest|Buda Pest|Buda-Pest|Budapešť|Budapesta|Budapeszt|Buda|Ofen|Budín|Budim|Budon|Pest|Pešť|Pešta|Alt-Ofen|Budapest, Hungary|Buda-Pesth",Budapest,Budapest,Budapest is in the country of,Hungary|hu|🇭🇺|HUN,Hungary,Hungary,cntry of person's birthcity,person-birthcity-cntry
92341,Peder Lunde,Oslo,Norway,The city where Peder Lunde was born is,"Oslo|Christiania|Kristiania|NOOSL|Oslo, Norway",Oslo,Oslo,Oslo is in the country of,Norway|Kingdom of Norway|NO|NOR|🇳🇴,Norway,Norway,cntry of person's birthcity,person-birthcity-cntry
92353,Georgy Mshveniyeradze,Tbilisi,Georgia,The city where Georgy Mshveniyeradze was born is,Tbilisi|Tiflis|Tpilisi|Tbilissi|Tpilissi,Tbilisi.,Tbilisi,Tbilisi is in the country of,Georgia|Republic of Georgia|GE|🇬🇪|GEO|Georgia (country)|Sakartvelo,Georgia,Georgia,cntry of person's birthcity,person-birthcity-cntry
92362,Ildikó Farkasinszky-Bóbis,Budapest,Hungary,The city where Ildikó Farkasinszky-Bóbis was born is,"Budapest|Buda Pest|Buda-Pest|Budapešť|Budapesta|Budapeszt|Buda|Ofen|Budín|Budim|Budon|Pest|Pešť|Pešta|Alt-Ofen|Budapest, Hungary|Buda-Pesth",Budapest,Budapest,Budapest is in the country of,Hungary|hu|🇭🇺|HUN,Hungary,Hungary,cntry of person's birthcity,person-birthcity-cntry
92371,Shota Matsuda,Tokyo,Japan,The city where Shota Matsuda was born is,"Tokyo|Tōkyō|Tôkyô|Tokyo-to|Tokyo Metropolitan prefecture|Tōkyō-to|Tôkyô-to|Tokyo Metropolis|Tokio|Tokyo Prefecture|Tokyo, Japan|Tokei|Tokyo (Japan)",Tokyo,Tokyo,Tokyo is in the country of,Japan|State of Japan|Land of the Rising Sun|Nihon|Nippon|JP|Nippon-koku|Nihon-koku|JPN|JAP|JA|🇯🇵|Iapan|Iapon|Land of Rising Sun,Japan,Japan,cntry of person's birthcity,person-birthcity-cntry
92372,Martin Åslund,Stockholm,Sweden,The city where Martin Åslund was born is,Stockholm|Sthlm,Stockholm,Stockholm,Stockholm is in the country of,Sweden|Kingdom of Sweden|🇸🇪|SE|SWE|Sverige|Konungariket Sverige,Sweden,Sweden,cntry of person's birthcity,person-birthcity-cntry
92389,Kjetil Wæhler,Oslo,Norway,The city where Kjetil Wæhler was born is,"Oslo|Christiania|Kristiania|NOOSL|Oslo, Norway",Oslo,Oslo,Oslo is in the country of,Norway|Kingdom of Norway|NO|NOR|🇳🇴,Norway,Norway,cntry of person's birthcity,person-birthcity-cntry
92395,Vencislav Simeonov,Plovdiv,Bulgaria,The city where Vencislav Simeonov was born is,Plovdiv|Philippopolis|Filibe,Plovdiv.,Plovdiv,Plovdiv is in the country of,Bulgaria|BGR|BUL|Republic of Bulgaria|bg|🇧🇬,Bulgaria,Bulgaria,cntry of person's birthcity,person-birthcity-cntry
92403,Daniel Fredheim Holm,Oslo,Norway,The city where Daniel Fredheim Holm was born is,"Oslo|Christiania|Kristiania|NOOSL|Oslo, Norway",Oslo,Oslo,Oslo is in the country of,Norway|Kingdom of Norway|NO|NOR|🇳🇴,Norway,Norway,cntry of person's birthcity,person-birthcity-cntry
92432,"Miloslav Mečíř, Jr.",Prague,Czech Republic,"The city where Miloslav Mečíř, Jr. was born is",Prague|Praha|Hlavní město Praha|City of Prague,Prague,Prague,Prague is in the country of,Czech Republic|CZR|Česko|Česká republika|ČR|CZE|CZ|Czechia,Czech Republic,Czech Republic,cntry of person's birthcity,person-birthcity-cntry
92437,Royler Gracie,Rio de Janeiro,Brazil,The city where Royler Gracie was born is,Rio de Janeiro|Rio|Rio de Janeiro city|Río de Janeiro City|City of Río de Janeiro,Rio de Janeiro,Rio de Janeiro,Rio de Janeiro is in the country of,Brazil|Federative Republic of Brazil|BR|BRA|🇧🇷|Brasil,Brazil,Brazil,cntry of person's birthcity,person-birthcity-cntry
92444,Héctor Guerrero,Mexico City,Mexico,The city where Héctor Guerrero was born is,"Mexico City|Mexico D.F.|Ciudad de México|City of Mexico|Mexico City, Mexico|CDMX|Mexico",Mexico City,Mexico City,Mexico City is in the country of,Mexico|MX|United Mexican States|Mexican Republic|MEX|🇲🇽|US of M|MXN,Mexico,Mexico,cntry of person's birthcity,person-birthcity-cntry
92454,Martina Centofanti,Rome,Italy,The city where Martina Centofanti was born is,"Rome|The Eternal City|Roma|Rome, Italy|City of Seven Hills",Rome,Rome,Rome is in the country of,Italy|Italia|Italian Republic|IT|🇮🇹|ITA|Republic of Italy|Repubblica Italiana,Italy,Italy,cntry of person's birthcity,person-birthcity-cntry
92459,Vetle Vinje,Oslo,Norway,The city where Vetle Vinje was born is,"Oslo|Christiania|Kristiania|NOOSL|Oslo, Norway",Oslo,Oslo,Oslo is in the country of,Norway|Kingdom of Norway|NO|NOR|🇳🇴,Norway,Norway,cntry of person's birthcity,person-birthcity-cntry
92468,Liliána Szilágyi,Budapest,Hungary,The city where Liliána Szilágyi was born is,"Budapest|Buda Pest|Buda-Pest|Budapešť|Budapesta|Budapeszt|Buda|Ofen|Budín|Budim|Budon|Pest|Pešť|Pešta|Alt-Ofen|Budapest, Hungary|Buda-Pesth",Budapest,Budapest,Budapest is in the country of,Hungary|hu|🇭🇺|HUN,Hungary,Hungary,cntry of person's birthcity,person-birthcity-cntry
92470,Xande Silva,Porto,Portugal,The city where Xande Silva was born is,Porto|Oporto|Porto Municipality,Porto,Porto,Porto is in the country of,Portugal|Portuguese Republic|PT|🇵🇹|PRT|POR,Portugal,Portugal,cntry of person's birthcity,person-birthcity-cntry
92479,Artūrs Karašausks,Riga,Latvia,The city where Artūrs Karašausks was born is,Riga|Rīga|Ryga|Rige|Riia|Rija|Rīgõ,Riga,Riga,Riga is in the country of,Latvia|lv|🇱🇻|LVA|Leţmо̄ Vabāmо̄|Leţmо̄|Republic of Latvia|Latvian Republic|Latvija|LAT|Latveja|Latvijas Republika|Latvejas Republika,Latvia,Latvia,cntry of person's birthcity,person-birthcity-cntry
92494,Orri Óskarsson,Reykjavík,Iceland,The city where Orri Óskarsson was born is,Reykjavík|Reykjavik|Reykjavíkurborg|Reykjavikurborg,Reykjavik,Reykjavík,Reykjavík is in the country of,Iceland|Republic of Iceland|is|Island|🇮🇸|ISL|Ysland,Iceland,Iceland,cntry of person's birthcity,person-birthcity-cntry
92503,Triin Aljand,Tallinn,Estonia,The city where Triin Aljand was born is,"Tallinn|Reval|Revel|Rewel|Kolywan|Lyndanisse|Lindanäs|Reuel|Tallinn, Estonia",Tallinn.,Tallinn,Tallinn is in the country of,Estonia|Republic of Estonia|Estland|Eesti|ee|EST|🇪🇪|Eesti Vabariik,Estonia,Estonia,cntry of person's birthcity,person-birthcity-cntry
92518,Zsuzsa Jánosi,Budapest,Hungary,The city where Zsuzsa Jánosi was born is,"Budapest|Buda Pest|Buda-Pest|Budapešť|Budapesta|Budapeszt|Buda|Ofen|Budín|Budim|Budon|Pest|Pešť|Pešta|Alt-Ofen|Budapest, Hungary|Buda-Pesth",Budapest,Budapest,Budapest is in the country of,Hungary|hu|🇭🇺|HUN,Hungary,Hungary,cntry of person's birthcity,person-birthcity-cntry
92532,Makoto Tezuka,Tokyo,Japan,The city where Makoto Tezuka was born is,Tokyo|City of Tokyo,Tokyo,Tokyo,Tokyo is in the country of,Japan|State of Japan|Land of the Rising Sun|Nihon|Nippon|JP|Nippon-koku|Nihon-koku|JPN|JAP|JA|🇯🇵|Iapan|Iapon|Land of Rising Sun,Japan,Japan,cntry of person's birthcity,person-birthcity-cntry
92553,Alin Stoica,Bucharest,Romania,The city where Alin Stoica was born is,"Bucharest|Little Paris|Paris of the East|București|Bucureşti|Bucuresti|Bucharest, Romania",Bucharest,Bucharest,Bucharest is in the country of,Romania|Roumania|Rumania|România|ro|🇷🇴,Romania,Romania,cntry of person's birthcity,person-birthcity-cntry
92568,Kristaps Valters,Riga,Latvia,The city where Kristaps Valters was born is,Riga|Rīga|Ryga|Rige|Riia|Rija|Rīgõ,"Riga, Latvia",Riga,Riga is in the country of,Latvia|lv|🇱🇻|LVA|Leţmо̄ Vabāmо̄|Leţmо̄|Republic of Latvia|Latvian Republic|Latvija|LAT|Latveja|Latvijas Republika|Latvejas Republika,Latvia,Latvia,cntry of person's birthcity,person-birthcity-cntry
92588,Jan Bártů,Prague,Czech Republic,The city where Jan Bártů was born is,Prague|Praha|Hlavní město Praha|City of Prague,Praha,Praha,Prague is in the country of,Czech Republic|CZR|Česko|Česká republika|ČR|CZE|CZ|Czechia,Czech Republic,Czech Republic,cntry of person's birthcity,person-birthcity-cntry
92592,János Kalmár,Budapest,Hungary,The city where János Kalmár was born is,"Budapest|Buda Pest|Buda-Pest|Budapešť|Budapesta|Budapeszt|Buda|Ofen|Budín|Budim|Budon|Pest|Pešť|Pešta|Alt-Ofen|Budapest, Hungary|Buda-Pesth",Budapest,Budapest,Budapest is in the country of,Hungary|hu|🇭🇺|HUN,Hungary,Hungary,cntry of person's birthcity,person-birthcity-cntry
92598,Tomáš Šimkovič,Bratislava,Slovakia,The city where Tomáš Šimkovič was born is,Bratislava|Pressburg|Pozsony|Presburg,Bratislava,Bratislava,Bratislava is in the country of,Slovakia|Slovak Republic|sk|🇸🇰|SVK|Slovakia (Slovak Republic),Slovakia,Slovakia,cntry of person's birthcity,person-birthcity-cntry
92605,Martti Aljand,Tallinn,Estonia,The city where Martti Aljand was born is,"Tallinn|Reval|Revel|Rewel|Kolywan|Lyndanisse|Lindanäs|Reuel|Tallinn, Estonia",Tallinn,Tallinn,Tallinn is in the country of,Estonia|Republic of Estonia|Estland|Eesti|ee|EST|🇪🇪|Eesti Vabariik,Estonia,Estonia,cntry of person's birthcity,person-birthcity-cntry
92611,Kaspars Vecvagars,Riga,Latvia,The city where Kaspars Vecvagars was born is,Riga|Rīga|Ryga|Rige|Riia|Rija|Rīgõ,Riga,Riga,Riga is in the country of,Latvia|lv|🇱🇻|LVA|Leţmо̄ Vabāmо̄|Leţmо̄|Republic of Latvia|Latvian Republic|Latvija|LAT|Latveja|Latvijas Republika|Latvejas Republika,Latvia,Latvia,cntry of person's birthcity,person-birthcity-cntry
92618,Pavel Ermolinskij,Kyiv,Ukraine,The city where Pavel Ermolinskij was born is,Kyiv|Kyjiv|Kyyiv|Kyjiw|Kyiw|Kyïv|Kief|Kieff|Kiew|Kioff|Kiof|Kiowia|Kiovia|Kiow|Kiou|Kyїv|Kiyev|Kiev,Kiev (Ukraine),Kiev,Kyiv is in the country of,Ukraine|UA|UKR|Ukrainia|🇺🇦|Ukr.|Ukraina|the Ukraine|Ukraïna|Urkrain,Ukraine,Ukraine,cntry of person's birthcity,person-birthcity-cntry
92636,Sten-Timmu Sokk,Tallinn,Estonia,The city where Sten-Timmu Sokk was born is,"Tallinn|Reval|Revel|Rewel|Kolywan|Lyndanisse|Lindanäs|Reuel|Tallinn, Estonia",Tallinn,Tallinn,Tallinn is in the country of,Estonia|Republic of Estonia|Estland|Eesti|ee|EST|🇪🇪|Eesti Vabariik,Estonia,Estonia,cntry of person's birthcity,person-birthcity-cntry
92637,Christos Donis,Athens,Greece,The city where Christos Donis was born is,Athens|Athens city,Athens,Athens,Athens is in the country of,Greece|Hellenic Republic|Hellas|gr|el|🇬🇷|Greek Republic|GRE|Ellada|Greek,Greece,Greece,cntry of person's birthcity,person-birthcity-cntry
92651,El Hijo del Santo,Mexico City,Mexico,The city where El Hijo del Santo was born is,"Mexico City|Mexico D.F.|Ciudad de México|City of Mexico|Mexico City, Mexico|CDMX|Mexico",Mexico City,Mexico City,Mexico City is in the country of,Mexico|MX|United Mexican States|Mexican Republic|MEX|🇲🇽|US of M|MXN,Mexico,Mexico,cntry of person's birthcity,person-birthcity-cntry
92659,Bachana Tskhadadze,Tbilisi,Georgia,The city where Bachana Tskhadadze was born is,Tbilisi|Tiflis|Tpilisi|Tbilissi|Tpilissi,Tbilisi.,Tbilisi,Tbilisi is in the country of,Georgia|Republic of Georgia|GE|🇬🇪|GEO|Georgia (country)|Sakartvelo,Georgia.,Georgia,cntry of person's birthcity,person-birthcity-cntry
92673,Shenia Minevskaja,Minsk,Belarus,The city where Shenia Minevskaja was born is,Minsk|Мінск|Менск|Минск|Mińsk|Minskas|Mensk|Miensk,Minsk.,Minsk,Minsk is in the country of,Belarus|🇧🇾|White Russia|White Ruthenia|Republic of Belarus|by|Byeloruss|BLR|Bielorussia|Belorussia|Byelorussia|Respublika Belarus'|Respublika Bielaruś|Bielaruś,Belarus,Belarus,cntry of person's birthcity,person-birthcity-cntry
92677,Bethenny Frankel,New York City,United States of America,The city where Bethenny Frankel was born is,"New York City|NYC|the five boroughs|Big Apple|City of New York|NY City|New York, New York|New York City, New York|New York, NY|New York City, NY|Caput Mundi|The City So Nice They Named It Twice|Capital of the World|New York|New York City (NYC)|New York (city)|Center of the Universe",New York City,New York City,New York City is in the country of,United States of America|the United States of America|America|U.S.A.|USA|U.S.|US|the US|the USA|US of A|the United States|U. S. A.|U. S.|the States|the U.S.|United States|US of America|the U.S.A.|the US of America|the US of A|the U.S. of A|the U.S. of America|U.S. of America|Merica,United States,United States,cntry of person's birthcity,person-birthcity-cntry
92679,Jiří Jeslínek,Prague,Czech Republic,The city where Jiří Jeslínek was born is,Prague|Praha|Hlavní město Praha|City of Prague,Prague,Prague,Prague is in the country of,Czech Republic|CZR|Česko|Česká republika|ČR|CZE|CZ|Czechia,Czech Republic,Czech Republic,cntry of person's birthcity,person-birthcity-cntry
92695,Cherie Gil,Manila,Philippines,The city where Cherie Gil was born is,Manila|City of Manila|Pearl of the Orient|Queen City of the Pacific and others,Manila,Manila,Manila is in the country of,Philippines|PH|🇵🇭|Republic of the Philippines|The Philippines|Philippine Islands|PHL|PHI|RP,Philippines,Philippines,cntry of person's birthcity,person-birthcity-cntry
92705,Harijs Vītoliņš,Riga,Latvia,The city where Harijs Vītoliņš was born is,Riga|Rīga|Ryga|Rige|Riia|Rija|Rīgõ,Riga,Riga,Riga is in the country of,Latvia|lv|🇱🇻|LVA|Leţmо̄ Vabāmо̄|Leţmо̄|Republic of Latvia|Latvian Republic|Latvija|LAT|Latveja|Latvijas Republika|Latvejas Republika,Latvia,Latvia,cntry of person's birthcity,person-birthcity-cntry
92719,Arjun Tendulkar,Mumbai,India,The city where Arjun Tendulkar was born is,Mumbai|Bombay,Mumbai,Mumbai,Mumbai is in the country of,India|Republic of India|Bharat|Bharatvarsh|Hindustan|IN|IND|🇮🇳|Bharata|Hindoostan|Indostan|Bharat Ganarajya,India,India,cntry of person's birthcity,person-birthcity-cntry
92736,Géza Mészöly,Budapest,Hungary,The city where Géza Mészöly was born is,"Budapest|Buda Pest|Buda-Pest|Budapešť|Budapesta|Budapeszt|Buda|Ofen|Budín|Budim|Budon|Pest|Pešť|Pešta|Alt-Ofen|Budapest, Hungary|Buda-Pesth",Budapest,Budapest,Budapest is in the country of,Hungary|hu|🇭🇺|HUN,Hungary,Hungary,cntry of person's birthcity,person-birthcity-cntry
92756,Sandis Valters,Riga,Latvia,The city where Sandis Valters was born is,Riga|Rīga|Ryga|Rige|Riia|Rija|Rīgõ,"Riga, Latvia",Riga,Riga is in the country of,Latvia|lv|🇱🇻|LVA|Leţmо̄ Vabāmо̄|Leţmо̄|Republic of Latvia|Latvian Republic|Latvija|LAT|Latveja|Latvijas Republika|Latvejas Republika,Latvia,Latvia,cntry of person's birthcity,person-birthcity-cntry
92772,Roland Losert,Vienna,Austria,The city where Roland Losert was born is,"Vienna|Wien|Vienna, Austria",Vienna,Vienna,Vienna is in the country of,Austria|Republic of Austria|Österreich|Republik Österreich|AT|AUT|🇦🇹,Austria,Austria,cntry of person's birthcity,person-birthcity-cntry
92784,Gur Shelef,Tel Aviv,Israel,The city where Gur Shelef was born is,"Tel Aviv|Tel Aviv-Yafo|Tel-Aviv|Tel Aviv City|Tel Aviv-Jaffa|Tel-Aviv Jaffa|Tel Aviv Jaffa|Tel Aviv-Jafo|Tel Aviv, Israel|TLV",Tel Aviv,Tel Aviv,Tel Aviv is in the country of,Israel|State of Israel|il|🇮🇱|the Jewish state|ISR,Israel,Israel,cntry of person's birthcity,person-birthcity-cntry
92836,Attila Kovács,Budapest,Hungary,The city where Attila Kovács was born is,"Budapest|Buda Pest|Buda-Pest|Budapešť|Budapesta|Budapeszt|Buda|Ofen|Budín|Budim|Budon|Pest|Pešť|Pešta|Alt-Ofen|Budapest, Hungary|Buda-Pesth",Budapest,Budapest,Budapest is in the country of,Hungary|hu|🇭🇺|HUN,Hungary,Hungary,cntry of person's birthcity,person-birthcity-cntry
92843,Kristian Kullamäe,Tallinn,Estonia,The city where Kristian Kullamäe was born is,"Tallinn|Reval|Revel|Rewel|Kolywan|Lyndanisse|Lindanäs|Reuel|Tallinn, Estonia",Tallinn,Tallinn,Tallinn is in the country of,Estonia|Republic of Estonia|Estland|Eesti|ee|EST|🇪🇪|Eesti Vabariik,Estonia,Estonia,cntry of person's birthcity,person-birthcity-cntry
92865,Saiee Manjrekar,Mumbai,India,The city where Saiee Manjrekar was born is,Mumbai|Bombay,Mumbai,Mumbai,Mumbai is in the country of,India|Republic of India|Bharat|Bharatvarsh|Hindustan|IN|IND|🇮🇳|Bharata|Hindoostan|Indostan|Bharat Ganarajya,India,India,cntry of person's birthcity,person-birthcity-cntry
92870,Steffen Thoresen,Oslo,Norway,The city where Steffen Thoresen was born is,"Oslo|Christiania|Kristiania|NOOSL|Oslo, Norway",Oslo,Oslo,Oslo is in the country of,Norway|Kingdom of Norway|NO|NOR|🇳🇴,Norway,Norway,cntry of person's birthcity,person-birthcity-cntry
92889,Pétur Marteinsson,Reykjavík,Iceland,The city where Pétur Marteinsson was born is,Reykjavík|Reykjavik|Reykjavíkurborg|Reykjavikurborg,Reykjavik,Reykjavík,Reykjavík is in the country of,Iceland|Republic of Iceland|is|Island|🇮🇸|ISL|Ysland,Iceland,Iceland,cntry of person's birthcity,person-birthcity-cntry
92902,Tomasz Fornal,Kraków,Poland,The city where Tomasz Fornal was born is,Kraków|Cracow|Krakow|Royal City of Kraków|Royal Capital City of Kraków|Krakau|Kroke|Cracovie|Cracovia|Krakov|Krakiv|Krakkó|Krakova|Krako|Krakoy|Krakuv,Krakow,Kraków,Kraków is in the country of,Poland|POL|Republic of Poland|PL|Polska|🇵🇱,Poland,Poland,cntry of person's birthcity,person-birthcity-cntry
92907,Tomáš Hrdlička,Prague,Czech Republic,The city where Tomáš Hrdlička was born is,Prague|Praha|Hlavní město Praha|City of Prague,Praha,Praha,Prague is in the country of,Czech Republic|CZR|Česko|Česká republika|ČR|CZE|CZ|Czechia,Czech Republic,Czech Republic,cntry of person's birthcity,person-birthcity-cntry
92923,Pavel Hašek,Prague,Czech Republic,The city where Pavel Hašek was born is,Prague|Praha|Hlavní město Praha|City of Prague,Prague,Prague,Prague is in the country of,Czech Republic|CZR|Česko|Česká republika|ČR|CZE|CZ|Czechia,Czech Republic,Czech Republic,cntry of person's birthcity,person-birthcity-cntry
92928,Shareef O'Neal,Los Angeles,United States of America,The city where Shareef O'Neal was born is,"Los Angeles|Los Angeles, California|Pink City|The town of Our Lady the Queen of the Angels of the Little Portion|La La Land|Tinsel Town|City of Angels|City of Los Angeles|LA, California|L.A.|LA|Double Dubuque|Los Ángeles|Los Angeles, CA",Los Angeles,Los Angeles,Los Angeles is in the country of,United States of America|the United States of America|America|U.S.A.|USA|U.S.|US|the US|the USA|US of A|the United States|U. S. A.|U. S.|the States|the U.S.|United States|US of America|the U.S.A.|the US of America|the US of A|the U.S. of A|the U.S. of America|U.S. of America|Merica,United States,United States,cntry of person's birthcity,person-birthcity-cntry
92931,Saeed bin Maktoum bin Rashid Al Maktoum,Dubai,United Arab Emirates,The city where Saeed bin Maktoum bin Rashid Al Maktoum was born is,Dubai|Dubai (city)|Dubai city,Dubai,Dubai,Dubai is in the country of,United Arab Emirates|U.A.E.|🇦🇪|UAE|ae|Emirates|the United Arab Emirates|the UAE|the U.A.E.|the Emirates,United Arab Emirates (UAE),United Arab Emirates,cntry of person's birthcity,person-birthcity-cntry
92947,"Krisztián Lisztes (footballer, born 2005)",Budapest,Hungary,"The city where Krisztián Lisztes (footballer, born 2005) was born is","Budapest|Buda Pest|Buda-Pest|Budapešť|Budapesta|Budapeszt|Buda|Ofen|Budín|Budim|Budon|Pest|Pešť|Pešta|Alt-Ofen|Budapest, Hungary|Buda-Pesth",Budapest,Budapest,Budapest is in the country of,Hungary|hu|🇭🇺|HUN,Hungary,Hungary,cntry of person's birthcity,person-birthcity-cntry
92999,Ken Ishiguro,Tokyo,Japan,The city where Ken Ishiguro was born is,"Tokyo|Tōkyō|Tôkyô|Tokyo-to|Tokyo Metropolitan prefecture|Tōkyō-to|Tôkyô-to|Tokyo Metropolis|Tokio|Tokyo Prefecture|Tokyo, Japan|Tokei|Tokyo (Japan)",Tokyo,Tokyo,Tokyo is in the country of,Japan|State of Japan|Land of the Rising Sun|Nihon|Nippon|JP|Nippon-koku|Nihon-koku|JPN|JAP|JA|🇯🇵|Iapan|Iapon|Land of Rising Sun,Japan,Japan,cntry of person's birthcity,person-birthcity-cntry
93011,Alexis Kyritsis,Athens,Greece,The city where Alexis Kyritsis was born is,Athens|Athens city,Athens,Athens,Athens is in the country of,Greece|Hellenic Republic|Hellas|gr|el|🇬🇷|Greek Republic|GRE|Ellada|Greek,Greece,Greece,cntry of person's birthcity,person-birthcity-cntry
93012,John Anders Bjørkøy,Oslo,Norway,The city where John Anders Bjørkøy was born is,"Oslo|Christiania|Kristiania|NOOSL|Oslo, Norway",Oslo,Oslo,Oslo is in the country of,Norway|Kingdom of Norway|NO|NOR|🇳🇴,Norway,Norway,cntry of person's birthcity,person-birthcity-cntry
93046,Marcus Jordan,Chicago,United States of America,The city where Marcus Jordan was born is,"Chicago|Chicago, Illinois|The Windy City|City by the Lake|The Queen of the West|Chi-Town|Chitown|The Second City|City of Chicago|City of Broad Shoulders|Chi-Raq|Chicago, IL",Chicago,Chicago,Chicago is in the country of,United States of America|the United States of America|America|U.S.A.|USA|U.S.|US|the US|the USA|US of A|the United States|U. S. A.|U. S.|the States|the U.S.|United States|US of America|the U.S.A.|the US of America|the US of A|the U.S. of A|the U.S. of America|U.S. of America|Merica,United States,United States,cntry of person's birthcity,person-birthcity-cntry
93131,Gregório Duvivier,Rio de Janeiro,Brazil,The city where Gregório Duvivier was born is,Rio de Janeiro|Rio|Rio de Janeiro city|Río de Janeiro City|City of Río de Janeiro,Rio de Janeiro,Rio de Janeiro,Rio de Janeiro is in the country of,Brazil|Federative Republic of Brazil|BR|BRA|🇧🇷|Brasil,Brazil,Brazil,cntry of person's birthcity,person-birthcity-cntry
93145,Giorgos Diamantopoulos,Athens,Greece,The city where Giorgos Diamantopoulos was born is,Athens|Athens city,Athens,Athens,Athens is in the country of,Greece|Hellenic Republic|Hellas|gr|el|🇬🇷|Greek Republic|GRE|Ellada|Greek,Greece,Greece,cntry of person's birthcity,person-birthcity-cntry
93151,Šárka Barborková-Démar,Prague,Czech Republic,The city where Šárka Barborková-Démar was born is,Prague|Praha|Hlavní město Praha|City of Prague,Prague,Prague,Prague is in the country of,Czech Republic|CZR|Česko|Česká republika|ČR|CZE|CZ|Czechia,Czech Republic,Czech Republic,cntry of person's birthcity,person-birthcity-cntry
93152,Gabriella Lantos,Budapest,Hungary,The city where Gabriella Lantos was born is,"Budapest|Buda Pest|Buda-Pest|Budapešť|Budapesta|Budapeszt|Buda|Ofen|Budín|Budim|Budon|Pest|Pešť|Pešta|Alt-Ofen|Budapest, Hungary|Buda-Pesth",Budapest,Budapest,Budapest is in the country of,Hungary|hu|🇭🇺|HUN,Hungary,Hungary,cntry of person's birthcity,person-birthcity-cntry
93157,Mohamed Islam Bouglia,Tunis,Tunisia,The city where Mohamed Islam Bouglia was born is,Tunis,Tunis.,Tunis,Tunis is in the country of,Tunisia|Republic of Tunisia|Tunisian Republic|tn|🇹🇳|TUN,Tunisia,Tunisia,cntry of person's birthcity,person-birthcity-cntry
93174,Attila Kálnoki Kis,Budapest,Hungary,The city where Attila Kálnoki Kis was born is,"Budapest|Buda Pest|Buda-Pest|Budapešť|Budapesta|Budapeszt|Buda|Ofen|Budín|Budim|Budon|Pest|Pešť|Pešta|Alt-Ofen|Budapest, Hungary|Buda-Pesth",Budapest,Budapest,Budapest is in the country of,Hungary|hu|🇭🇺|HUN,Hungary,Hungary,cntry of person's birthcity,person-birthcity-cntry
93179,Heo Ung,Seoul,South Korea,The city where Heo Ung was born is,Seoul|Seoul City|Sŏul T'ŭkpyŏlsi|Wiryeseong|Namgyeong|Hanseong|Hanyang|Keijō|Keijou|Gyeongseong,Seoul,Seoul,Seoul is in the country of,South Korea|Republic of Korea|ROK|kr|Rep. Korea|S. Korea|Korea Republic|🇰🇷|KOR|Hanguk|Daehan Minguk|Daehanminguk|SK|Korea (South),South Korea,South Korea,cntry of person's birthcity,person-birthcity-cntry
93180,Moon Hyun-jin,Seoul,South Korea,The city where Moon Hyun-jin was born is,Seoul|Seoul City|Sŏul T'ŭkpyŏlsi|Wiryeseong|Namgyeong|Hanseong|Hanyang|Keijō|Keijou|Gyeongseong,Seoul,Seoul,Seoul is in the country of,South Korea|Republic of Korea|ROK|kr|Rep. Korea|S. Korea|Korea Republic|🇰🇷|KOR|Hanguk|Daehan Minguk|Daehanminguk|SK|Korea (South),South Korea,South Korea,cntry of person's birthcity,person-birthcity-cntry
93200,Juan Ignacio Aranda,Mexico City,Mexico,The city where Juan Ignacio Aranda was born is,"Mexico City|Mexico D.F.|Ciudad de México|City of Mexico|Mexico City, Mexico|CDMX|Mexico",Mexico City,Mexico City,Mexico City is in the country of,Mexico|MX|United Mexican States|Mexican Republic|MEX|🇲🇽|US of M|MXN,Mexico,Mexico,cntry of person's birthcity,person-birthcity-cntry
93215,Lee Chia-Hsin,Taipei,Taiwan,The city where Lee Chia-Hsin was born is,Taipei|The City of Azaleas|Taipei City|Taibei|City of Taipei,Taipei,Taipei,Taipei is in the country of,"Taiwan|Republic of China|Chunghwa Minkwo|Chunghwa Minkuo|Formosa|Nationalist China|Free China|Free area of the Republic of China|Republic of China (Taiwan)|Chinese Taipei|🇹🇼|TW|ROC|Taiwan ROC|China, Republic|TWN|TPE|Nanasian|Taywan|Taivang|Ilaod|Taivangʉ",Taipei is in Taiwan.,Taiwan,cntry of person's birthcity,person-birthcity-cntry
93221,Yiğit Onan,Istanbul,Turkey,The city where Yiğit Onan was born is,Istanbul|Constantinople|Scarlet Apple,Istanbul.,Istanbul,Istanbul is in the country of,Turkey|TUR|TR|Republic of Türkiye|Türkiye|Republic of Turkey,Turkey,Turkey,cntry of person's birthcity,person-birthcity-cntry
93233,Stella Christodoulou,Athens,Greece,The city where Stella Christodoulou was born is,Athens|Athens city,Athens,Athens,Athens is in the country of,Greece|Hellenic Republic|Hellas|gr|el|🇬🇷|Greek Republic|GRE|Ellada|Greek,Greece,Greece,cntry of person's birthcity,person-birthcity-cntry
93268,Wu Nien-ting,Taipei,Taiwan,The city where Wu Nien-ting was born is,Taipei|The City of Azaleas|Taipei City|Taibei|City of Taipei,Taipei,Taipei,Taipei is in the country of,"Taiwan|Republic of China|Chunghwa Minkwo|Chunghwa Minkuo|Formosa|Nationalist China|Free China|Free area of the Republic of China|Republic of China (Taiwan)|Chinese Taipei|🇹🇼|TW|ROC|Taiwan ROC|China, Republic|TWN|TPE|Nanasian|Taywan|Taivang|Ilaod|Taivangʉ",Taipei is in Taiwan.,Taiwan,cntry of person's birthcity,person-birthcity-cntry
93294,"Henry Kolowrat, Jr.",Prague,Czech Republic,"The city where Henry Kolowrat, Jr. was born is",Prague|Praha|Hlavní město Praha|City of Prague,Prague,Prague,Prague is in the country of,Czech Republic|CZR|Česko|Česká republika|ČR|CZE|CZ|Czechia,Czech Republic,Czech Republic,cntry of person's birthcity,person-birthcity-cntry
93308,Rolf Smedmark,Stockholm,Sweden,The city where Rolf Smedmark was born is,Stockholm|Sthlm,Stockholm,Stockholm,Stockholm is in the country of,Sweden|Kingdom of Sweden|🇸🇪|SE|SWE|Sverige|Konungariket Sverige,Sweden,Sweden,cntry of person's birthcity,person-birthcity-cntry
93334,Zsolt Németh,Budapest,Hungary,The city where Zsolt Németh was born is,"Budapest|Buda Pest|Buda-Pest|Budapešť|Budapesta|Budapeszt|Buda|Ofen|Budín|Budim|Budon|Pest|Pešť|Pešta|Alt-Ofen|Budapest, Hungary|Buda-Pesth",Budapest,Budapest,Budapest is in the country of,Hungary|hu|🇭🇺|HUN,Hungary,Hungary,cntry of person's birthcity,person-birthcity-cntry
93365,Harsh Mankad,Mumbai,India,The city where Harsh Mankad was born is,Mumbai|Bombay,Mumbai,Mumbai,Mumbai is in the country of,India|Republic of India|Bharat|Bharatvarsh|Hindustan|IN|IND|🇮🇳|Bharata|Hindoostan|Indostan|Bharat Ganarajya,India,India,cntry of person's birthcity,person-birthcity-cntry
93372,Kiryl Jermakovič,Minsk,Belarus,The city where Kiryl Jermakovič was born is,Minsk|Мінск|Менск|Минск|Mińsk|Minskas|Mensk|Miensk,Minsk,Minsk,Minsk is in the country of,Belarus|🇧🇾|White Russia|White Ruthenia|Republic of Belarus|by|Byeloruss|BLR|Bielorussia|Belorussia|Byelorussia|Respublika Belarus'|Respublika Bielaruś|Bielaruś,Belarus,Belarus,cntry of person's birthcity,person-birthcity-cntry
93399,Yoo Won-sang,Seoul,South Korea,The city where Yoo Won-sang was born is,Seoul|Seoul City|Sŏul T'ŭkpyŏlsi|Wiryeseong|Namgyeong|Hanseong|Hanyang|Keijō|Keijou|Gyeongseong,Seoul,Seoul,Seoul is in the country of,South Korea|Republic of Korea|ROK|kr|Rep. Korea|S. Korea|Korea Republic|🇰🇷|KOR|Hanguk|Daehan Minguk|Daehanminguk|SK|Korea (South),South Korea,South Korea,cntry of person's birthcity,person-birthcity-cntry
93401,Petter Christian Singsaas,Oslo,Norway,The city where Petter Christian Singsaas was born is,"Oslo|Christiania|Kristiania|NOOSL|Oslo, Norway",Oslo,Oslo,Oslo is in the country of,Norway|Kingdom of Norway|NO|NOR|🇳🇴,Norway,Norway,cntry of person's birthcity,person-birthcity-cntry
93409,Jesper Thygesen,Aarhus,Denmark,The city where Jesper Thygesen was born is,Aarhus|Arhus|Århus|Aarhuus,Aarhus,Aarhus,Aarhus is in the country of,Denmark|DK|Danmark|DNK|DEK|🇩🇰|DEN|TAN|Denmark proper|metropolitan Denmark,Denmark,Denmark,cntry of person's birthcity,person-birthcity-cntry
93411,Péter Sárfalvi,Budapest,Hungary,The city where Péter Sárfalvi was born is,"Budapest|Buda Pest|Buda-Pest|Budapešť|Budapesta|Budapeszt|Buda|Ofen|Budín|Budim|Budon|Pest|Pešť|Pešta|Alt-Ofen|Budapest, Hungary|Buda-Pesth",Budapest,Budapest,Budapest is in the country of,Hungary|hu|🇭🇺|HUN,Hungary,Hungary,cntry of person's birthcity,person-birthcity-cntry
93424,Michela Rocco of Torrepadula,Udine,Italy,The city where Michela Rocco of Torrepadula was born is,Udine|Videm,"I couldn't find any information on a person named Michela Rocco from Torrepadula. It's possible that this is a fictional character or not a public figure with widely available information. If you could provide more context or clarify who Michela Rocco is, I'll do my best to help.",Videm,Udine is in the country of,Italy|Italia|Italian Republic|IT|🇮🇹|ITA|Republic of Italy|Repubblica Italiana,Italy,Italy,cntry of person's birthcity,person-birthcity-cntry
93437,Łukasz Nowicki,Kraków,Poland,The city where Łukasz Nowicki was born is,Kraków|Cracow|Krakow|Royal City of Kraków|Royal Capital City of Kraków|Krakau|Kroke|Cracovie|Cracovia|Krakov|Krakiv|Krakkó|Krakova|Krako|Krakoy|Krakuv,Krakow,Kraków,Kraków is in the country of,Poland|POL|Republic of Poland|PL|Polska|🇵🇱,Poland,Poland,cntry of person's birthcity,person-birthcity-cntry
93443,Andrea García,Mexico City,Mexico,The city where Andrea García was born is,"Mexico City|Mexico D.F.|Ciudad de México|City of Mexico|Mexico City, Mexico|CDMX|Mexico",Mexico City,Mexico City,Mexico City is in the country of,Mexico|MX|United Mexican States|Mexican Republic|MEX|🇲🇽|US of M|MXN,Mexico,Mexico,cntry of person's birthcity,person-birthcity-cntry
93471,Yūki Meguro,Tokyo,Japan,The city where Yūki Meguro was born is,"Tokyo|Tōkyō|Tôkyô|Tokyo-to|Tokyo Metropolitan prefecture|Tōkyō-to|Tôkyô-to|Tokyo Metropolis|Tokio|Tokyo Prefecture|Tokyo, Japan|Tokei|Tokyo (Japan)",Tokyo,Tokyo,Tokyo is in the country of,Japan|State of Japan|Land of the Rising Sun|Nihon|Nippon|JP|Nippon-koku|Nihon-koku|JPN|JAP|JA|🇯🇵|Iapan|Iapon|Land of Rising Sun,Japan,Japan,cntry of person's birthcity,person-birthcity-cntry
93473,Margrete Mørch,Oslo,Norway,The city where Margrete Mørch was born is,"Oslo|Christiania|Kristiania|NOOSL|Oslo, Norway",Oslo,Oslo,Oslo is in the country of,Norway|Kingdom of Norway|NO|NOR|🇳🇴,Norway,Norway,cntry of person's birthcity,person-birthcity-cntry
93496,Nikos Chougkaz,Athens,Greece,The city where Nikos Chougkaz was born is,Athens|Athens city,Athens.,Athens,Athens is in the country of,Greece|Hellenic Republic|Hellas|gr|el|🇬🇷|Greek Republic|GRE|Ellada|Greek,Greece,Greece,cntry of person's birthcity,person-birthcity-cntry
93502,Agathi Kassoumi,Athens,Greece,The city where Agathi Kassoumi was born is,Athens|Athens city,Athens.,Athens,Athens is in the country of,Greece|Hellenic Republic|Hellas|gr|el|🇬🇷|Greek Republic|GRE|Ellada|Greek,Greece,Greece,cntry of person's birthcity,person-birthcity-cntry
93557,Béla Zsitnik,Budapest,Hungary,The city where Béla Zsitnik was born is,"Budapest|Buda Pest|Buda-Pest|Budapešť|Budapesta|Budapeszt|Buda|Ofen|Budín|Budim|Budon|Pest|Pešť|Pešta|Alt-Ofen|Budapest, Hungary|Buda-Pesth",Budapest,Budapest,Budapest is in the country of,Hungary|hu|🇭🇺|HUN,Hungary,Hungary,cntry of person's birthcity,person-birthcity-cntry
93585,Jun'ya Hirano,Tokyo,Japan,The city where Jun'ya Hirano was born is,"Tokyo|Tōkyō|Tôkyô|Tokyo-to|Tokyo Metropolitan prefecture|Tōkyō-to|Tôkyô-to|Tokyo Metropolis|Tokio|Tokyo Prefecture|Tokyo, Japan|Tokei|Tokyo (Japan)",Tokyo,Tokyo,Tokyo is in the country of,Japan|State of Japan|Land of the Rising Sun|Nihon|Nippon|JP|Nippon-koku|Nihon-koku|JPN|JAP|JA|🇯🇵|Iapan|Iapon|Land of Rising Sun,Japan,Japan,cntry of person's birthcity,person-birthcity-cntry
93602,Charalampos Andreopoulos,Athens,Greece,The city where Charalampos Andreopoulos was born is,Athens|Athens city,Athens,Athens,Athens is in the country of,Greece|Hellenic Republic|Hellas|gr|el|🇬🇷|Greek Republic|GRE|Ellada|Greek,Greece,Greece,cntry of person's birthcity,person-birthcity-cntry
93603,Vasilis Lazaridis,Athens,Greece,The city where Vasilis Lazaridis was born is,Athens|Athens city,Athens,Athens,Athens is in the country of,Greece|Hellenic Republic|Hellas|gr|el|🇬🇷|Greek Republic|GRE|Ellada|Greek,Greece,Greece,cntry of person's birthcity,person-birthcity-cntry
93618,Yogesh Dattatraya Gosavi,Pune,India,The city where Yogesh Dattatraya Gosavi was born is,"Pune|Poona|Queen of the Deccan|Oxford of the East|Pune, India|Poonah",Pune,Pune,Pune is in the country of,India|Republic of India|Bharat|Bharatvarsh|Hindustan|IN|IND|🇮🇳|Bharata|Hindoostan|Indostan|Bharat Ganarajya,India,India,cntry of person's birthcity,person-birthcity-cntry
93650,Khushi Kapoor,Mumbai,India,The city where Khushi Kapoor was born is,Mumbai|Bombay,Mumbai.,Mumbai,Mumbai is in the country of,India|Republic of India|Bharat|Bharatvarsh|Hindustan|IN|IND|🇮🇳|Bharata|Hindoostan|Indostan|Bharat Ganarajya,India,India,cntry of person's birthcity,person-birthcity-cntry
93651,Naoko Yamazaki,Tokyo,Japan,The city where Naoko Yamazaki was born is,"Tokyo|Tōkyō|Tôkyô|Tokyo-to|Tokyo Metropolitan prefecture|Tōkyō-to|Tôkyô-to|Tokyo Metropolis|Tokio|Tokyo Prefecture|Tokyo, Japan|Tokei|Tokyo (Japan)",Tokyo,Tokyo,Tokyo is in the country of,Japan|State of Japan|Land of the Rising Sun|Nihon|Nippon|JP|Nippon-koku|Nihon-koku|JPN|JAP|JA|🇯🇵|Iapan|Iapon|Land of Rising Sun,Japan,Japan,cntry of person's birthcity,person-birthcity-cntry
93665,Tetsu Kayama,Tokyo,Japan,The city where Tetsu Kayama was born is,"Tokyo|Tōkyō|Tôkyô|Tokyo-to|Tokyo Metropolitan prefecture|Tōkyō-to|Tôkyô-to|Tokyo Metropolis|Tokio|Tokyo Prefecture|Tokyo, Japan|Tokei|Tokyo (Japan)",Tokyo,Tokyo,Tokyo is in the country of,Japan|State of Japan|Land of the Rising Sun|Nihon|Nippon|JP|Nippon-koku|Nihon-koku|JPN|JAP|JA|🇯🇵|Iapan|Iapon|Land of Rising Sun,Japan,Japan,cntry of person's birthcity,person-birthcity-cntry
93756,Ira Khan,Mumbai,India,The city where Ira Khan was born is,Mumbai|Bombay,Mumbai.,Mumbai,Mumbai is in the country of,India|Republic of India|Bharat|Bharatvarsh|Hindustan|IN|IND|🇮🇳|Bharata|Hindoostan|Indostan|Bharat Ganarajya,India,India,cntry of person's birthcity,person-birthcity-cntry
93762,Bálint Rubold,Budapest,Hungary,The city where Bálint Rubold was born is,"Budapest|Buda Pest|Buda-Pest|Budapešť|Budapesta|Budapeszt|Buda|Ofen|Budín|Budim|Budon|Pest|Pešť|Pešta|Alt-Ofen|Budapest, Hungary|Buda-Pesth",Budapest,Budapest,Budapest is in the country of,Hungary|hu|🇭🇺|HUN,Hungary,Hungary,cntry of person's birthcity,person-birthcity-cntry
93773,Alireza Tajvidi,Tehran,Iran,The city where Alireza Tajvidi was born is,Tehran|Teheran|Ṭihrán,Tehran,Tehran,Tehran is in the country of,Iran|Islamic Republic of Iran|Persia|ir|Islamic Rep. Iran|🇮🇷|irn,Iran.,Iran,cntry of person's birthcity,person-birthcity-cntry
93788,Javed Khatri,Mumbai,India,The city where Javed Khatri was born is,Mumbai|Bombay,Mumbai,Mumbai,Mumbai is in the country of,India|Republic of India|Bharat|Bharatvarsh|Hindustan|IN|IND|🇮🇳|Bharata|Hindoostan|Indostan|Bharat Ganarajya,India,India,cntry of person's birthcity,person-birthcity-cntry
124073,SpaceX,Elon Musk,Pretoria,The CEO of SpaceX is,Elon Musk|Elon R. Musk|Elon Reeve Musk|Elon R Musk|Elon Reeve Musk FRS|Elon Musk FRS,Elon Musk,Elon Musk,Elon Musk was born in the city of,"Pretoria|Pretoria, S. Africa|Pretoria, S Africa|Pretoria, Gauteng, South Africa|Pretoria, Gauteng|Pretoria, South Africa|ePitoli","Pretoria, South Africa",Pretoria,birthcity of orgz's ceo,orgz-ceo-birthcity
126337,Microsoft,Satya Nadella,India,The CEO of Microsoft is,Satya Nadella|Bukkapuram Nadella Satyanarayana|Satya Narayana Nadella,Satya Nadella,Satya Nadella,Satya Nadella was born in the country of,India|Republic of India|Bharat|Bharatvarsh|Hindustan|IN|IND|🇮🇳|Bharata|Hindoostan|Indostan|Bharat Ganarajya,India,India,birthcntry of orgz's ceo,orgz-ceo-birthcntry
126341,SpaceX,Elon Musk,South Africa,The CEO of SpaceX is,Elon Musk|Elon R. Musk|Elon Reeve Musk|Elon R Musk|Elon Reeve Musk FRS|Elon Musk FRS,Elon Musk,Elon Musk,Elon Musk was born in the country of,South Africa|Republic of South Africa|RSA|SA|za|🇿🇦|zaf|Mzanzi,South Africa,South Africa,birthcntry of orgz's ceo,orgz-ceo-birthcntry
126349,Meta Platforms,Mark Zuckerberg,United States of America,The CEO of Meta Platforms is,Mark Zuckerberg|Mark Elliott Zuckerberg|Zuck|Zuckerberg|Mark Elliot Zuckerberg|The Zucc,Mark Zuckerberg,Mark Zuckerberg,Mark Zuckerberg was born in the country of,United States of America|the United States of America|America|U.S.A.|USA|U.S.|US|the US|the USA|US of A|the United States|U. S. A.|U. S.|the States|the U.S.|United States|US of America|the U.S.A.|the US of America|the US of A|the U.S. of A|the U.S. of America|U.S. of America|Merica,United States,United States,birthcntry of orgz's ceo,orgz-ceo-birthcntry
126356,Berkshire Hathaway,Warren Buffett,United States of America,The CEO of Berkshire Hathaway is,Warren Buffett|Warren Edward Buffett,Warren Buffett,Warren Buffett,Warren Buffett was born in the country of,United States of America|the United States of America|America|U.S.A.|USA|U.S.|US|the US|the USA|US of A|the United States|U. S. A.|U. S.|the States|the U.S.|United States|US of America|the U.S.A.|the US of America|the US of A|the U.S. of A|the U.S. of America|U.S. of America|Merica,United States,United States,birthcntry of orgz's ceo,orgz-ceo-birthcntry
126368,Cirque du Soleil,Guy Laliberté,Canada,The CEO of Cirque du Soleil is,Guy Laliberté|Guy Laliberte,Guy Laliberté,Guy Laliberté,Guy Laliberté was born in the country of,Canada|CAN|CA,Canada,Canada,birthcntry of orgz's ceo,orgz-ceo-birthcntry
128607,Berkshire Hathaway,Warren Buffett,Howard Homan Buffett,The CEO of Berkshire Hathaway is,Warren Buffett|Warren Edward Buffett,Warren Buffett,Warren Buffett,The father of Warren Buffett is named,Howard Homan Buffett|Howard H. Buffett|H. Homan Buffett|Howard Buffett,Howard Buffett,Howard Buffett,father of orgz's ceo,orgz-ceo-father
129047,Meta Platforms,Mark Zuckerberg,Priscilla Chan,The CEO of Meta Platforms is,Mark Zuckerberg|Mark Elliott Zuckerberg|Zuck|Zuckerberg|Mark Elliot Zuckerberg|The Zucc,Mark Zuckerberg,Mark Zuckerberg,The spouse of Mark Zuckerberg is named,Priscilla Chan,Priscilla Chan,Priscilla Chan,spouse of orgz's ceo,orgz-ceo-spouse
129426,Wellington,New Zealand,God Defend New Zealand,The country with Wellington as its capital is,New Zealand|NZ|NZL|Dominion of New Zealand|Aotearoa|🇳🇿|Aotearoa New Zealand|New Zeeland|Zeelandia Nova|Nova Zelandia|Zelandia Nova,New Zealand,New Zealand,The national anthem of New Zealand is named,God Defend New Zealand|national anthem of New Zealand,"""God Defend New Zealand""",God Defend New Zealand,anthem of capital's cntry,capital-cntry-anthem
129453,Edinburgh,Scotland,Flower of Scotland,The country with Edinburgh as its capital is,"Scotland|Alba|Scotland, United Kingdom|SCT|Caledonia|Scot|SC|UK-SC|UK-SCT",Scotland,Scotland,The national anthem of Scotland is named,Flower of Scotland|Flùr na h-Alba|Flur na h-Alba,"""Flower of Scotland""",Flower of Scotland,anthem of capital's cntry,capital-cntry-anthem
129466,Ulaanbaatar,Mongolia,national anthem of Mongolia,The country with Ulaanbaatar as its capital is,Mongolia|mn|Mongol uls|MNG|MGL|🇲🇳,Mongolia,Mongolia,The national anthem of Mongolia is named,national anthem of Mongolia|Mongolia national anthem|Mongolian national anthem,"""National Anthem of Mongolia""",national anthem of Mongolia,anthem of capital's cntry,capital-cntry-anthem
129507,Canberra,Australia,Advance Australia Fair,The country with Canberra as its capital is,Australia|Commonwealth of Australia|AU|AUS|🇦🇺|Straya|Aussieland|Oz|Stralia|New Holland|New Hollandia|Nova Hollandia|Down Under,Australia,Australia,The national anthem of Australia is named,Advance Australia Fair|Australia's national anthem|national anthem of Australia,"""Advance Australia Fair""",Advance Australia Fair,anthem of capital's cntry,capital-cntry-anthem
129519,Beijing,People's Republic of China,March of the Volunteers,The country with Beijing as its capital is,People's Republic of China|China|CN|PR China|PRC|CHN|🇨🇳|China PR|Mainland China|RPC,China,China,The national anthem of People's Republic of China is named,March of the Volunteers|Yìyǒngjūn Jìnxíngqǔ|National anthem of China,"""March of the Volunteers""",March of the Volunteers,anthem of capital's cntry,capital-cntry-anthem
129534,New Delhi,India,Jana Gana Mana,The country with New Delhi as its capital is,India|Republic of India|Bharat|Bharatvarsh|Hindustan|IN|IND|🇮🇳|Bharata|Hindoostan|Indostan|Bharat Ganarajya,India,India,The national anthem of India is named,Jana Gana Mana,"""Jana Gana Mana""",Jana Gana Mana,anthem of capital's cntry,capital-cntry-anthem
129539,Ottawa,Canada,O Canada,The country with Ottawa as its capital is,Canada|CAN|CA,Canada,Canada,The national anthem of Canada is named,O Canada|Ô Canada,O Canada,O Canada,anthem of capital's cntry,capital-cntry-anthem
129543,Madrid,Spain,Marcha Real,The country with Madrid as its capital is,Spain|Kingdom of Spain|ES|ESP|🇪🇸,Spain,Spain,The national anthem of Spain is named,Marcha Real|Royal March|national anthem of Spain|Spanish national anthem,"""La Marcha Real""",Marcha Real,anthem of capital's cntry,capital-cntry-anthem
129546,Paris,France,La Marseillaise,The country with Paris as its capital is,France|fr|Republic of France|French Republic|FRA|the Hexagon,France,France,The national anthem of France is named,La Marseillaise|French national anthem|Marseillaise|The Marseillaise|National anthem of France,"""La Marseillaise""",La Marseillaise,anthem of capital's cntry,capital-cntry-anthem
130950,Thai National Anthem,Thailand,Bangkok,The country with the national anthem 'Thai National Anthem' is,Thailand|Kingdom of Thailand|th|Siam|🇹🇭|Land of Smiles|THA,Thailand,Thailand,The capital of Thailand is,"Bangkok|Bangkok, Thailand|Krung Thep|Krung Thep Maha Nakhon|Sia-Yut'hia|Krungthepmahanakhon Amonrattanakosin Mahintharayutthaya Mahadilokphop Noppharatratchathaniburirom Udomratchaniwetmahasathan Amonphimanawatansathit Sakkathattiyawitsanukamprasit",Bangkok,Bangkok,capital of anthem's cntry,anthem-cntry-capital
130951,Tiến quân ca,Vietnam,Hanoi,The country with the national anthem 'Tiến quân ca' is,Vietnam|Socialist Republic of Vietnam|VN|VIE|🇻🇳|Việt Nam|Viet Nam|SRV|VNM,Vietnam,Vietnam,The capital of Vietnam is,Hanoi|Thang Long|Dong Do|Tonkin|Hà Nội|Ha Noi|Đại La,Hanoi.,Hanoi,capital of anthem's cntry,anthem-cntry-capital
130953,Amar Sonar Bangla,Bangladesh,Dhaka,The country with the national anthem 'Amar Sonar Bangla' is,Bangladesh|bd|🇧🇩|BAN|People's Republic of Bangladesh,Bangladesh,Bangladesh,The capital of Bangladesh is,Dhaka|Dacca|Dhaka City,Dhaka,Dhaka,capital of anthem's cntry,anthem-cntry-capital
130957,Mulungu dalitsa Malaŵi,Malawi,Lilongwe,The country with the national anthem 'Mulungu dalitsa Malaŵi' is,Malawi|Republic of Malawi|mw|🇲🇼|MAW,Malawi,Malawi,The capital of Malawi is,Lilongwe,Lilongwe,Lilongwe,capital of anthem's cntry,anthem-cntry-capital
130958,La Nigérienne,Niger,Niamey,The country with the national anthem 'La Nigérienne' is,Niger|Republic of Niger|Republic Niger|ne|🇳🇪|The Niger|Republic of the Niger,Niger,Niger,The capital of Niger is,Niamey,Niamey.,Niamey,capital of anthem's cntry,anthem-cntry-capital
130961,Himno Nacional Mexicano,Mexico,Mexico City,The country with the national anthem 'Himno Nacional Mexicano' is,Mexico|MX|United Mexican States|Mexican Republic|MEX|🇲🇽|US of M|MXN,Mexico,Mexico,The capital of Mexico is,"Mexico City|Mexico D.F.|Ciudad de México|City of Mexico|Mexico City, Mexico|CDMX|Mexico",Mexico City,Mexico City,capital of anthem's cntry,anthem-cntry-capital
130963,"Deșteaptă-te, române!",Romania,Bucharest,"The country with the national anthem 'Deșteaptă-te, române!' is",Romania|Roumania|Rumania|România|ro|🇷🇴,Romania,Romania,The capital of Romania is,"Bucharest|Little Paris|Paris of the East|București|Bucureşti|Bucuresti|Bucharest, Romania",Bucharest,Bucharest,capital of anthem's cntry,anthem-cntry-capital
130965,Denes nad Makedonija,North Macedonia,Skopje,The country with the national anthem 'Denes nad Makedonija' is,North Macedonia|Republic of North Macedonia|MKD|FYROM|FYR Macedonia|Former Yugoslav Republic of Macedonia|🇲🇰|NM|MK|Republic of Macedonia|Macedonia,North Macedonia,North Macedonia,The capital of North Macedonia is,Skopje|Скопје|Üsküb|Skoplje,Skopje,Skopje,capital of anthem's cntry,anthem-cntry-capital
130968,L-Innu Malti,Malta,Valletta,The country with the national anthem 'L-Innu Malti' is,Malta|Republic of Malta|🇲🇹|MLT|MT,Malta,Malta,The capital of Malta is,Valletta|Valleta|Capital of Malta|Valetta|Il-Belt Valletta|Città Umilissima|La Valleta|La Valletta|Citta Umilissima,Valletta.,Valletta,capital of anthem's cntry,anthem-cntry-capital
130973,"Fair Antigua, We Salute Thee",Antigua and Barbuda,Saint John's,"The country with the national anthem 'Fair Antigua, We Salute Thee' is",Antigua and Barbuda|ag|🇦🇬|ANT|A&B,Antigua and Barbuda,Antigua and Barbuda,The capital of Antigua and Barbuda is,Saint John's|St John's|St. John's|Saint John,St. John's,St John's,capital of anthem's cntry,anthem-cntry-capital
130975,State Anthem of the Kyrgyz Republic,Kyrgyzstan,Bishkek,The country with the national anthem 'State Anthem of the Kyrgyz Republic' is,Kyrgyzstan|Kyrgyz Republic|kg|Kirgizia|🇰🇬|KGZ,Kyrgyzstan,Kyrgyzstan,The capital of Kyrgyzstan is,Bishkek|Frunze|Pishpek,Bishkek,Bishkek,capital of anthem's cntry,anthem-cntry-capital
130976,Lebanese national anthem,Lebanon,Beirut,The country with the national anthem 'Lebanese national anthem' is,Lebanon|🇱🇧|LBN|Lebanese Republic|lb|Republic of Lebanon|Lubnan,Lebanon,Lebanon,The capital of Lebanon is,Beirut|Beyrout,Beirut,Beirut,capital of anthem's cntry,anthem-cntry-capital
130982,Druk Tsenden,Bhutan,Thimphu,The country with the national anthem 'Druk Tsenden' is,Bhutan|Kingdom of Bhutan|bt|BHU|🇧🇹,Bhutan,Bhutan,The capital of Bhutan is,Thimphu|Thimpu,Thimphu,Thimphu,capital of anthem's cntry,anthem-cntry-capital
130997,Azərbaycan marşı,Azerbaijan,Baku,The country with the national anthem 'Azərbaycan marşı' is,Azerbaijan|🇦🇿|AZE|Republic of Azerbaijan|az|Azərbaycan|Azərbaycan Respublikası,Azerbaijan,Azerbaijan,The capital of Azerbaijan is,Baku|Baki|City of Winds|Baky,Baku.,Baku,capital of anthem's cntry,anthem-cntry-capital
130998,Hymne monégasque,Monaco,Monaco City,The country with the national anthem 'Hymne monégasque' is,Monaco|Principality of Monaco|mc|🇲🇨|MON|Fort-Hercule|Principality and Diocese of Monaco|Principauté de Monaco|Mùnegu|Prinçipatu de Mùnegu|Principato di Monaco|Principatu de Mu̍negu,Monaco,Monaco,The capital of Monaco is,Monaco City|Monaco-Ville|Monaco|City of Monaco,Monaco City,Monaco City,capital of anthem's cntry,anthem-cntry-capital
131002,Argentine National Anthem,Argentina,Buenos Aires,The country with the national anthem 'Argentine National Anthem' is,Argentina|🇦🇷|ARG|Arjentina|AR|Argentine Republic|Republic of Argentina,Argentina,Argentina,The capital of Argentina is,Buenos Aires|Ciudad Autonoma de Buenos Aires|Buenos Aires city,Buenos Aires,Buenos Aires,capital of anthem's cntry,anthem-cntry-capital
131005,Amhrán na bhFiann,Republic of Ireland,Dublin,The country with the national anthem 'Amhrán na bhFiann' is,"Republic of Ireland|Éire|IE|IRL|Hibernia|Ireland, Republic of|🇮🇪|Eire|Southern Ireland|Ireland (state)|Ireland",Ireland,Ireland,The capital of Republic of Ireland is,"Dublin|Dublin city|City of Dublin|Baile Átha Cliath|Dublin, Ireland",Dublin,Dublin,capital of anthem's cntry,anthem-cntry-capital
131006,Hen Wlad Fy Nhadau,Wales,Cardiff,The country with the national anthem 'Hen Wlad Fy Nhadau' is,Wales|WAL|WLS|Cymru|Cambria,Wales,Wales,The capital of Wales is,"Cardiff|Caerdydd|Cardiff, Wales",Cardiff,Cardiff,capital of anthem's cntry,anthem-cntry-capital
131007,The Brabançonne,Belgium,City of Brussels,The country with the national anthem 'The Brabançonne' is,Belgium|Kingdom of Belgium|BEL|be|🇧🇪|Koninkrijk België|Royaume de Belgique|Königreich Belgien|Belgien,Belgium,Belgium,The capital of Belgium is,"City of Brussels|02|Bru|BXL|Brussels City|Brussels, Belgium|Brussel|Ville de Bruxelles|Brussels (municipality)|Bruxelles|Stad Brussel|Brussels",Brussels,Brussel,capital of anthem's cntry,anthem-cntry-capital
131008,"Du gamla, du fria",Sweden,Stockholm,"The country with the national anthem 'Du gamla, du fria' is",Sweden|Kingdom of Sweden|🇸🇪|SE|SWE|Sverige|Konungariket Sverige,Sweden,Sweden,The capital of Sweden is,Stockholm|Sthlm,Stockholm,Stockholm,capital of anthem's cntry,anthem-cntry-capital
131010,A Portuguesa,Portugal,Lisbon,The country with the national anthem 'A Portuguesa' is,Portugal|Portuguese Republic|PT|🇵🇹|PRT|POR,Portugal,Portugal,The capital of Portugal is,Lisbon|Lisboa,Lisbon,Lisbon,capital of anthem's cntry,anthem-cntry-capital
131012,March of the Volunteers,People's Republic of China,Beijing,The country with the national anthem 'March of the Volunteers' is,People's Republic of China|China|CN|PR China|PRC|CHN|🇨🇳|China PR|Mainland China|RPC,China,China,The capital of People's Republic of China is,Beijing|Peking|Beiping|Peiping|Yanjing|Zhongdu|Khanbaliq|BJ|Pekin|Shuntian|Shuntianfu|Shuntian Fu|Pe-king|Pei-p'ing|Pei-ping|Peip'ing|Pei-ching|Yan-ching|Yanking|Chung-tu|Chungtu|Khanbalik|Shun-t'ien|Shun-tien,Beijing,Beijing,capital of anthem's cntry,anthem-cntry-capital
131013,"Mu isamaa, mu õnn ja rõõm",Estonia,Tallinn,"The country with the national anthem 'Mu isamaa, mu õnn ja rõõm' is",Estonia|Republic of Estonia|Estland|Eesti|ee|EST|🇪🇪|Eesti Vabariik,Estonia,Estonia,The capital of Estonia is,"Tallinn|Reval|Revel|Rewel|Kolywan|Lyndanisse|Lindanäs|Reuel|Tallinn, Estonia",Tallinn,Tallinn,capital of anthem's cntry,anthem-cntry-capital
131014,Lofsöngur,Iceland,Reykjavík,The country with the national anthem 'Lofsöngur' is,Iceland|Republic of Iceland|is|Island|🇮🇸|ISL|Ysland,Iceland,Iceland,The capital of Iceland is,Reykjavík|Reykjavik|Reykjavíkurborg|Reykjavikurborg,Reykjavik,Reykjavík,capital of anthem's cntry,anthem-cntry-capital
131015,"Dievs, svētī Latviju!",Latvia,Riga,"The country with the national anthem 'Dievs, svētī Latviju!' is",Latvia|lv|🇱🇻|LVA|Leţmо̄ Vabāmо̄|Leţmо̄|Republic of Latvia|Latvian Republic|Latvija|LAT|Latveja|Latvijas Republika|Latvejas Republika,Latvia,Latvia,The capital of Latvia is,Riga|Rīga|Ryga|Rige|Riia|Rija|Rīgõ,Riga,Riga,capital of anthem's cntry,anthem-cntry-capital
131016,Nad Tatrou sa blýska,Slovakia,Bratislava,The country with the national anthem 'Nad Tatrou sa blýska' is,Slovakia|Slovak Republic|sk|🇸🇰|SVK|Slovakia (Slovak Republic),Slovakia,Slovakia,The capital of Slovakia is,Bratislava|Pressburg|Pozsony|Presburg,Bratislava,Bratislava,capital of anthem's cntry,anthem-cntry-capital
131017,Zdravljica,Slovenia,Ljubljana,The country with the national anthem 'Zdravljica' is,Slovenia|Slovenija|Republika Slovenija|si|🇸🇮|svn|slo|Republic of Slovenia,Slovenia,Slovenia,The capital of Slovenia is,"Ljubljana|Ljubljana, Slovenia|Laibach|Lublana|Labacum|Aemona",Ljubljana,Ljubljana,capital of anthem's cntry,anthem-cntry-capital
131018,"Shche ne vmerla Ukrainy i slava, i volia",Ukraine,Kyiv,"The country with the national anthem 'Shche ne vmerla Ukrainy i slava, i volia' is",Ukraine|UA|UKR|Ukrainia|🇺🇦|Ukr.|Ukraina|the Ukraine|Ukraïna|Urkrain,Ukraine,Ukraine,The capital of Ukraine is,Kyiv|Kyjiv|Kyyiv|Kyjiw|Kyiw|Kyïv|Kief|Kieff|Kiew|Kioff|Kiof|Kiowia|Kiovia|Kiow|Kiou|Kyїv|Kiyev|Kiev,Kiev,Kiev,capital of anthem's cntry,anthem-cntry-capital
131019,Himni i Flamurit,Albania,Tirana,The country with the national anthem 'Himni i Flamurit' is,Albania|Republic of Albania|Republika e Shqipërisë|Shqipërisë|🇦🇱|ALB|People's Socialist Republic of Albania|People's Republic of Albania|Republika Popullore Socialiste e Shqiperise|Republika Popullore e Shqiperise|AL,Albania,Albania,The capital of Albania is,Tirana|Tirane|Tiranë,Tirana.,Tirana,capital of anthem's cntry,anthem-cntry-capital
131022,Jana Gana Mana,India,New Delhi,The country with the national anthem 'Jana Gana Mana' is,India|Republic of India|Bharat|Bharatvarsh|Hindustan|IN|IND|🇮🇳|Bharata|Hindoostan|Indostan|Bharat Ganarajya,India,India,The capital of India is,New Delhi|Nayi Dilli|New Delhi Municipal Council Area|NDMC area|Nai Dilli,New Delhi,New Delhi,capital of anthem's cntry,anthem-cntry-capital
131023,Hatikvah,Israel,Jerusalem,The country with the national anthem 'Hatikvah' is,Israel|State of Israel|il|🇮🇱|the Jewish state|ISR,Israel,Israel,The capital of Israel is,Jerusalem|Yerushalayim|J'lem|Aelia Capitolina|Al-Quds,Jerusalem,Jerusalem,capital of anthem's cntry,anthem-cntry-capital
131025,Kimigayo,Japan,Tokyo,The country with the national anthem 'Kimigayo' is,Japan|State of Japan|Land of the Rising Sun|Nihon|Nippon|JP|Nippon-koku|Nihon-koku|JPN|JAP|JA|🇯🇵|Iapan|Iapon|Land of Rising Sun,Japan,Japan,The capital of Japan is,"Tokyo|Tōkyō|Tôkyô|Tokyo-to|Tokyo Metropolitan prefecture|Tōkyō-to|Tôkyô-to|Tokyo Metropolis|Tokio|Tokyo Prefecture|Tokyo, Japan|Tokei|Tokyo (Japan)",Tokyo,Tokyo,capital of anthem's cntry,anthem-cntry-capital
131026,The Star-Spangled Banner,United States of America,"Washington, D.C.",The country with the national anthem 'The Star-Spangled Banner' is,United States of America|the United States of America|America|U.S.A.|USA|U.S.|US|the US|the USA|US of A|the United States|U. S. A.|U. S.|the States|the U.S.|United States|US of America|the U.S.A.|the US of America|the US of A|the U.S. of A|the U.S. of America|U.S. of America|Merica,United States,United States,The capital of United States of America is,"Washington, D.C.|Washington|Washington DC|Washington, DC|DC|D.C.|District of Columbia|Washington, District of Columbia|Washington D.C.|The District|Washington, D.C., U.S.|US-DC|Washington, D. C.|D.C. Washington",Washington D.C.,"Washington, D.C.",capital of anthem's cntry,anthem-cntry-capital
131027,Himnusz,Hungary,Budapest,The country with the national anthem 'Himnusz' is,Hungary|hu|🇭🇺|HUN,Hungary,Hungary,The capital of Hungary is,"Budapest|Buda Pest|Buda-Pest|Budapešť|Budapesta|Budapeszt|Buda|Ofen|Budín|Budim|Budon|Pest|Pešť|Pešta|Alt-Ofen|Budapest, Hungary|Buda-Pesth",Budapest,Budapest,capital of anthem's cntry,anthem-cntry-capital
131031,Il Canto degli Italiani,Italy,Rome,The country with the national anthem 'Il Canto degli Italiani' is,Italy|Italia|Italian Republic|IT|🇮🇹|ITA|Republic of Italy|Repubblica Italiana,Italy,Italy,The capital of Italy is,"Rome|The Eternal City|Roma|Rome, Italy|City of Seven Hills",Rome,Rome,capital of anthem's cntry,anthem-cntry-capital
131040,Pheng Xat Lao,Laos,Vientiane,The country with the national anthem 'Pheng Xat Lao' is,Laos|Lao People's Democratic Republic|la|Lao PDR|LAO|🇱🇦,Laos,Laos,The capital of Laos is,Vientiane|Bientani|Viangchan|Vientane|Wei-t'ien|Vieṅ Čan|Vieṅg-Čăn|Wīangčhan|Viang chan|Vyentyan|Wiangcan|Vienchan|Viengchan|Nakhon Viangchan|Vien Chang|Vieng-Cæn|urban Vientiane,Vientiane,Vientiane,capital of anthem's cntry,anthem-cntry-capital
131042,Negaraku,Malaysia,Kuala Lumpur,The country with the national anthem 'Negaraku' is,Malaysia|my|Federation of Malaysia|Malaysia Federation|MAS|MYS|🇲🇾,Malaysia,Malaysia,The capital of Malaysia is,Kuala Lumpur|KL|Federal Territory of Kuala Lumpur|K.L.,Kuala Lumpur,Kuala Lumpur,capital of anthem's cntry,anthem-cntry-capital
131054,Meniñ Qazaqstanım,Kazakhstan,Astana,The country with the national anthem 'Meniñ Qazaqstanım' is,Kazakhstan|Republic of Kazakhstan|kz|Qazaqstan|KAZ|🇰🇿,Kazakhstan,Kazakhstan,The capital of Kazakhstan is,Astana|Akmola|Aqmola|Tselinograd|Akmolinsk|Nur-Sultan,Nur-Sultan.,Nur-Sultan,capital of anthem's cntry,anthem-cntry-capital
131058,Saint Vincent Land so Beautiful,Saint Vincent and the Grenadines,Kingstown,The country with the national anthem 'Saint Vincent Land so Beautiful' is,Saint Vincent and the Grenadines|vc|St. Vincent and the Grenadines|St Vincent and the Grenadines|Saint Vincent|St. Vincent|St Vincent|🇻🇨|vct,Saint Vincent and the Grenadines,Saint Vincent and the Grenadines,The capital of Saint Vincent and the Grenadines is,Kingstown,Kingstown,Kingstown,capital of anthem's cntry,anthem-cntry-capital
131465,Joe Biden,United States of America,"Washington, D.C.",The country led by president Joe Biden is,United States of America|the United States of America|America|U.S.A.|USA|U.S.|US|the US|the USA|US of A|the United States|U. S. A.|U. S.|the States|the U.S.|United States|US of America|the U.S.A.|the US of America|the US of A|the U.S. of A|the U.S. of America|U.S. of America|Merica,United States,United States,The capital of United States of America is,"Washington, D.C.|Washington|Washington DC|Washington, DC|DC|D.C.|District of Columbia|Washington, District of Columbia|Washington D.C.|The District|Washington, D.C., U.S.|US-DC|Washington, D. C.|D.C. Washington",Washington D.C.,"Washington, D.C.",capital of president's cntry,president-cntry-capital
131466,Vladimir Putin,Russia,Moscow,The country led by president Vladimir Putin is,Russia|Rossiya|Rossija|RU|RUS|Rossijskaja Federatsija|Russian Federation|Rossiyskaya Federatsiya|RF|Российская Федерация|Россия|Federation of Russia,Russia,Russia,The capital of Russia is,"Moscow|Moskva|Moscow, Russia|Moskva Federal City, Russia|Moscow, USSR|Moskva, Russia|City of Moscow|Moscow, Russian Federation|Moscow, Soviet Union|Moscow, Russian SFSR|Москва|Moskva, Rossiya|Mosky|Moskovĭ|Moskvi|Moskve|Moskvë",Moscow,Moscow,capital of president's cntry,president-cntry-capital
131467,Sauli Niinistö,Finland,Helsinki,The country led by president Sauli Niinistö is,Finland|Republic of Finland|Finnia|Land of Thousand Lakes|fi|Suomi|Suomen tasavalta|Republiken Finland|🇫🇮|FIN,Finland,Finland,The capital of Finland is,Helsinki|Helsingfors|Helsingia|Helsingin kaupunki|Stadi|Hesa,Helsinki,Helsinki,capital of president's cntry,president-cntry-capital
131468,Recep Tayyip Erdoğan,Turkey,Ankara,The country led by president Recep Tayyip Erdoğan is,Turkey|TUR|TR|Republic of Türkiye|Türkiye|Republic of Turkey,Turkey,Turkey,The capital of Turkey is,Ankara|Angora,Ankara,Ankara,capital of president's cntry,president-cntry-capital
131469,Andrzej Duda,Poland,Warsaw,The country led by president Andrzej Duda is,Poland|POL|Republic of Poland|PL|Polska|🇵🇱,Poland,Poland,The capital of Poland is,"Warsaw|Warszawa|Varshe|Warschau|Varshava|Varšava|Varsó|Varsavia|Varsovie|Varsovia|Varšuva|Warsaw, Poland",Warsaw,Warsaw,capital of president's cntry,president-cntry-capital
131470,Abdel Fattah el-Sisi,Egypt,Cairo,The country led by president Abdel Fattah el-Sisi is,Egypt|Republic of Egypt|eg|EGY|🇪🇬|Arab Republic of Egypt|Arab Rep. Egypt|Rep. Egypt,Egypt,Egypt,The capital of Egypt is,"Cairo|Cairo, Egypt",Cairo,Cairo,capital of president's cntry,president-cntry-capital
131471,Ali Khamenei,Iran,Tehran,The country led by president Ali Khamenei is,Iran|Islamic Republic of Iran|Persia|ir|Islamic Rep. Iran|🇮🇷|irn,Iran,Iran,The capital of Iran is,Tehran|Teheran|Ṭihrán,Tehran.,Tehran,capital of president's cntry,president-cntry-capital
131473,Alberto Fernández,Argentina,Buenos Aires,The country led by president Alberto Fernández is,Argentina|🇦🇷|ARG|Arjentina|AR|Argentine Republic|Republic of Argentina,Argentina,Argentina,The capital of Argentina is,Buenos Aires|Ciudad Autonoma de Buenos Aires|Buenos Aires city,Buenos Aires,Buenos Aires,capital of president's cntry,president-cntry-capital
131474,Marcelo Rebelo de Sousa,Portugal,Lisbon,The country led by president Marcelo Rebelo de Sousa is,Portugal|Portuguese Republic|PT|🇵🇹|PRT|POR,Portugal,Portugal,The capital of Portugal is,Lisbon|Lisboa,Lisbon,Lisbon,capital of president's cntry,president-cntry-capital
131475,Alexander Lukashenka,Belarus,Minsk,The country led by president Alexander Lukashenka is,Belarus|🇧🇾|White Russia|White Ruthenia|Republic of Belarus|by|Byeloruss|BLR|Bielorussia|Belorussia|Byelorussia|Respublika Belarus'|Respublika Bielaruś|Bielaruś,Belarus,Belarus,The capital of Belarus is,Minsk|Мінск|Менск|Минск|Mińsk|Minskas|Mensk|Miensk,Minsk,Minsk,capital of president's cntry,president-cntry-capital
131476,Joko Widodo,Indonesia,Jakarta,The country led by president Joko Widodo is,Indonesia|Republic of Indonesia|id|INA|IDN,Indonesia.,Indonesia,The capital of Indonesia is,"Jakarta|Special Capital Region of Jakarta|JKT|Jakarta, Indonesia|Djakarta|Jacarta|Jakarta Province",Jakarta,Jakarta,capital of president's cntry,president-cntry-capital
131477,Miloš Zeman,Czech Republic,Prague,The country led by president Miloš Zeman is,Czech Republic|CZR|Česko|Česká republika|ČR|CZE|CZ|Czechia,Czech Republic,Czech Republic,The capital of Czech Republic is,Prague|Praha|Hlavní město Praha|City of Prague,Prague,Prague,capital of president's cntry,president-cntry-capital
131478,János Áder,Hungary,Budapest,The country led by president János Áder is,Hungary|hu|🇭🇺|HUN,Hungary,Hungary,The capital of Hungary is,"Budapest|Buda Pest|Buda-Pest|Budapešť|Budapesta|Budapeszt|Buda|Ofen|Budín|Budim|Budon|Pest|Pešť|Pešta|Alt-Ofen|Budapest, Hungary|Buda-Pesth",Budapest,Budapest,capital of president's cntry,president-cntry-capital
131480,Moon Jae-in,South Korea,Seoul,The country led by president Moon Jae-in is,South Korea|Republic of Korea|ROK|kr|Rep. Korea|S. Korea|Korea Republic|🇰🇷|KOR|Hanguk|Daehan Minguk|Daehanminguk|SK|Korea (South),South Korea,South Korea,The capital of South Korea is,Seoul|Seoul City|Sŏul T'ŭkpyŏlsi|Wiryeseong|Namgyeong|Hanseong|Hanyang|Keijō|Keijou|Gyeongseong,Seoul,Seoul,capital of president's cntry,president-cntry-capital
131481,Nicolás Maduro,Venezuela,Caracas,The country led by president Nicolás Maduro is,Venezuela|Bolivarian Republic of Venezuela|BR Venezuela|VE|🇻🇪|Estados Unidos de Venezuela|Vzla|VEN,Venezuela,Venezuela,The capital of Venezuela is,Caracas|Santiago de Leon de Caracas|CCS|Santiago de León de Caracas,Caracas,Caracas,capital of president's cntry,president-cntry-capital
131484,Abdel Fattah al-Burhan,Sudan,Khartoum,The country led by president Abdel Fattah al-Burhan is,Sudan|Republic of the Sudan|as-Sūdān|sd|North Sudan|the Sudan|🇸🇩|Republic of Sudan|SUD|Soudan|as-Sudan|al-Sudan,Sudan,Sudan,The capital of Sudan is,Khartoum,Khartoum,Khartoum,capital of president's cntry,president-cntry-capital
131485,Khurelsukh Ukhnaa,Mongolia,Ulaanbaatar,The country led by president Khurelsukh Ukhnaa is,Mongolia|mn|Mongol uls|MNG|MGL|🇲🇳,Mongolia,Mongolia,The capital of Mongolia is,Ulaanbaatar|Niislel Hüree|East Hüree|Khan of Urga|Hüree|Ulan-Bator|Ulan Bator|Ih Huree|Kulun|Wulan Batuo,Ulaanbaatar,Ulaanbaatar,capital of president's cntry,president-cntry-capital
131486,Milo Đukanović,Montenegro,Podgorica,The country led by president Milo Đukanović is,Montenegro|me|🇲🇪|MNE|Crna Gora,Montenegro,Montenegro,The capital of Montenegro is,Podgorica|Capital of Montenegro|Burguriçe|Podgoritsa|Titograd|Podgoritza,Podgorica,Podgorica,capital of president's cntry,president-cntry-capital
131487,Michael D. Higgins,Republic of Ireland,Dublin,The country led by president Michael D. Higgins is,"Republic of Ireland|Éire|IE|IRL|Hibernia|Ireland, Republic of|🇮🇪|Eire|Southern Ireland|Ireland (state)|Ireland",Ireland,Ireland,The capital of Republic of Ireland is,"Dublin|Dublin city|City of Dublin|Baile Átha Cliath|Dublin, Ireland",Dublin,Dublin,capital of president's cntry,president-cntry-capital
131488,Mohamed Abdullahi Mohamed,Somalia,Mogadishu,The country led by president Mohamed Abdullahi Mohamed is,Somalia|Federal Republic of Somalia|so|🇸🇴|SOM,Somalia,Somalia,The capital of Somalia is,Mogadishu|Xamar|The Seat of the Shah|Hamar|Maqadīshū,Mogadishu,Mogadishu,capital of president's cntry,president-cntry-capital
131493,Mohamed Ould Ghazouani,Mauritania,Nouakchott,The country led by president Mohamed Ould Ghazouani is,Mauritania|Islamic Republic of Mauritania|Muritanya|Agawej|Gànnaar|Murutaane|Moritani|mr|🇲🇷|Gannaar|MTN|Mauretania,Mauritania,Mauritania,The capital of Mauritania is,"Nouakchott|Nouakchott, Mauritania|Nawākshūṭ|Nawakshut|Capital of Mauritania|Nouakchot|Noukchott|Nuwākshūṭ",Nouakchott.,Nouakchott,capital of president's cntry,president-cntry-capital
131494,Isaias Afwerki,Eritrea,Asmara,The country led by president Isaias Afwerki is,Eritrea|State of Eritrea|Ertrā|Iritriyā|er|🇪🇷|ERI|IRI,Eritrea,Eritrea,The capital of Eritrea is,Asmara|Asmera,Asmara,Asmara,capital of president's cntry,president-cntry-capital
131497,Denis Sassou-Nguesso,Republic of the Congo,Brazzaville,The country led by president Denis Sassou-Nguesso is,Republic of the Congo|Congo-Brazzaville|Congo Republic|République du Congo|Republic of Congo|cg|Rep. Congo|🇨🇬|Republique du Congo|Congo (Brazzaville)|CGO|Congo,Republic of Congo,Republic of Congo,The capital of Republic of the Congo is,Brazzaville,Brazzaville,Brazzaville,capital of president's cntry,president-cntry-capital
131501,Paul Kagame,Rwanda,Kigali,The country led by president Paul Kagame is,Rwanda|Republic of Rwanda|rw|🇷🇼,Rwanda,Rwanda,The capital of Rwanda is,Kigali,Kigali,Kigali,capital of president's cntry,president-cntry-capital
131502,George Weah,Liberia,Monrovia,The country led by president George Weah is,Liberia|Republic of Liberia|lr|🇱🇷|LBR,Liberia,Liberia,The capital of Liberia is,Monrovia,Monrovia,Monrovia,capital of president's cntry,president-cntry-capital
131504,Julius Maada Bio,Sierra Leone,Freetown,The country led by president Julius Maada Bio is,Sierra Leone|Republic of Sierra Leone|sl|🇸🇱|SLE,Sierra Leone,Sierra Leone,The capital of Sierra Leone is,Freetown,Freetown,Freetown,capital of president's cntry,president-cntry-capital
131505,Daniel Ortega,Nicaragua,Managua,The country led by president Daniel Ortega is,Nicaragua|ni|🇳🇮|Republic of Nicaragua|NIC|NCA,Nicaragua,Nicaragua,The capital of Nicaragua is,"Managua|Managua, Nicaragua",Managua,Managua,capital of president's cntry,president-cntry-capital
131508,Salva Kiir Mayardit,South Sudan,Juba,The country led by president Salva Kiir Mayardit is,South Sudan|Republic of South Sudan|Southern Sudan|ss|🇸🇸|SSD,South Sudan,South Sudan,The capital of South Sudan is,Juba,Juba,Juba,capital of president's cntry,president-cntry-capital
131653,The Star-Spangled Banner,United States of America,Joe Biden,The country with the national anthem 'The Star-Spangled Banner' is,United States of America|the United States of America|America|U.S.A.|USA|U.S.|US|the US|the USA|US of A|the United States|U. S. A.|U. S.|the States|the U.S.|United States|US of America|the U.S.A.|the US of America|the US of A|the U.S. of A|the U.S. of America|U.S. of America|Merica,United States,United States,United States of America is led by president,"Joe Biden|Joseph Biden|Joseph R. Biden|Joseph R. Biden Jr.|Joseph R. Biden, Jr.|Biden|JRB|POTUS 46|Joe R. Biden Jr.|Joseph Robinette Biden|President Biden|President Joe Biden|President Joseph Biden|President Joseph R. Biden|Joseph Robinette Biden Jr.|President Joseph Biden Jr.|President Joseph Robinette Biden|President Joseph R. Biden Jr.|Joe R. Biden|President Joseph Robinette Biden Jr.|Joe Biden Jr.|Robin Ware|Robert L. Peters|JRB Ware",Joe Biden,Joe Biden,president of anthem's cntry,anthem-cntry-president
131655,İstiklâl Marşı,Turkey,Recep Tayyip Erdoğan,The country with the national anthem 'İstiklâl Marşı' is,Turkey|TUR|TR|Republic of Türkiye|Türkiye|Republic of Turkey,Turkey,Turkey,Turkey is led by president,Recep Tayyip Erdoğan|Tayyip Erdoğan|Erdoğan,Recep Tayyip Erdogan,Recep Tayyip Erdoğan,president of anthem's cntry,anthem-cntry-president
131666,Amar Sonar Bangla,Bangladesh,Abdul Hamid,The country with the national anthem 'Amar Sonar Bangla' is,Bangladesh|bd|🇧🇩|BAN|People's Republic of Bangladesh,Bangladesh,Bangladesh,Bangladesh is led by president,Abdul Hamid|Mohammad Abdul Hamid,Mohammad Abdul Hamid,Abdul Hamid,president of anthem's cntry,anthem-cntry-president
131672,Amhrán na bhFiann,Republic of Ireland,Michael D. Higgins,The country with the national anthem 'Amhrán na bhFiann' is,"Republic of Ireland|Éire|IE|IRL|Hibernia|Ireland, Republic of|🇮🇪|Eire|Southern Ireland|Ireland (state)|Ireland",Ireland,Ireland,Republic of Ireland is led by president,Michael D. Higgins|Michael Daniel Higgins|Michael Higgins|President Michael D. Higgins|President Michael Daniel Higgins|President Higgins|President Michael Higgins|Mícheál Dónal Ó hUigínn|Mícheál Ó hUigínn,Michael D. Higgins,Michael D. Higgins,president of anthem's cntry,anthem-cntry-president
131680,La Congolaise,Republic of the Congo,Denis Sassou-Nguesso,The country with the national anthem 'La Congolaise' is,Republic of the Congo|Congo-Brazzaville|Congo Republic|République du Congo|Republic of Congo|cg|Rep. Congo|🇨🇬|Republique du Congo|Congo (Brazzaville)|CGO|Congo,Congo,Congo,Republic of the Congo is led by president,Denis Sassou-Nguesso|Denis Sassou Nguesso|Denis Sassou-Ngeuesso,Denis Sassou Nguesso,Denis Sassou-Nguesso,president of anthem's cntry,anthem-cntry-president
131881,"Washington, D.C.",United States of America,Joe Biden,"The country with Washington, D.C. as its capital is",United States of America|the United States of America|America|U.S.A.|USA|U.S.|US|the US|the USA|US of A|the United States|U. S. A.|U. S.|the States|the U.S.|United States|US of America|the U.S.A.|the US of America|the US of A|the U.S. of A|the U.S. of America|U.S. of America|Merica,United States,United States,United States of America is led by president,"Joe Biden|Joseph Biden|Joseph R. Biden|Joseph R. Biden Jr.|Joseph R. Biden, Jr.|Biden|JRB|POTUS 46|Joe R. Biden Jr.|Joseph Robinette Biden|President Biden|President Joe Biden|President Joseph Biden|President Joseph R. Biden|Joseph Robinette Biden Jr.|President Joseph Biden Jr.|President Joseph Robinette Biden|President Joseph R. Biden Jr.|Joe R. Biden|President Joseph Robinette Biden Jr.|Joe Biden Jr.|Robin Ware|Robert L. Peters|JRB Ware",Joe Biden,Joe Biden,president of capital's cntry,capital-cntry-president
131882,Moscow,Russia,Vladimir Putin,The country with Moscow as its capital is,Russia|Rossiya|Rossija|RU|RUS|Rossijskaja Federatsija|Russian Federation|Rossiyskaya Federatsiya|RF|Российская Федерация|Россия|Federation of Russia,Russia,Russia,Russia is led by president,Vladimir Putin|Vladimir Vladimirovich Putin|Putin,Vladimir Putin,Vladimir Putin,president of capital's cntry,capital-cntry-president
131884,Ankara,Turkey,Recep Tayyip Erdoğan,The country with Ankara as its capital is,Turkey|TUR|TR|Republic of Türkiye|Türkiye|Republic of Turkey,Turkey,Turkey,Turkey is led by president,Recep Tayyip Erdoğan|Tayyip Erdoğan|Erdoğan,Recep Tayyip Erdogan,Recep Tayyip Erdoğan,president of capital's cntry,capital-cntry-president
131892,Minsk,Belarus,Alexander Lukashenka,The country with Minsk as its capital is,Belarus|🇧🇾|White Russia|White Ruthenia|Republic of Belarus|by|Byeloruss|BLR|Bielorussia|Belorussia|Byelorussia|Respublika Belarus'|Respublika Bielaruś|Bielaruś,Belarus,Belarus,Belarus is led by president,Alexander Lukashenka|Alexander Grigoryevich Lukashenko|Aliaksandr Lukashenka|Aliaksandr Ryhoravich Lukashenka|Alexander Lukashenko,Alexander Lukashenko,Alexander Lukashenko,president of capital's cntry,capital-cntry-president
131893,Jakarta,Indonesia,Joko Widodo,The country with Jakarta as its capital is,Indonesia|Republic of Indonesia|id|INA|IDN,Indonesia,Indonesia,Indonesia is led by president,Joko Widodo|Mulyono|Jokowi,Joko Widodo,Joko Widodo,president of capital's cntry,capital-cntry-president
131898,Caracas,Venezuela,Nicolás Maduro,The country with Caracas as its capital is,Venezuela|Bolivarian Republic of Venezuela|BR Venezuela|VE|🇻🇪|Estados Unidos de Venezuela|Vzla|VEN,Venezuela,Venezuela,Venezuela is led by president,Nicolás Maduro|Nicolás Maduro Moros|Nicolas Maduro Moros|Nicolas Maduro|Maduro,Nicolas Maduro,Nicolás Maduro,president of capital's cntry,capital-cntry-president
131899,Dhaka,Bangladesh,Abdul Hamid,The country with Dhaka as its capital is,Bangladesh|bd|🇧🇩|BAN|People's Republic of Bangladesh,Bangladesh,Bangladesh,Bangladesh is led by president,Abdul Hamid|Mohammad Abdul Hamid,Mohammad Abdul Hamid,Abdul Hamid,president of capital's cntry,capital-cntry-president
131905,Dublin,Republic of Ireland,Michael D. Higgins,The country with Dublin as its capital is,"Republic of Ireland|Éire|IE|IRL|Hibernia|Ireland, Republic of|🇮🇪|Eire|Southern Ireland|Ireland (state)|Ireland",Ireland,Ireland,Republic of Ireland is led by president,Michael D. Higgins|Michael Daniel Higgins|Michael Higgins|President Michael D. Higgins|President Michael Daniel Higgins|President Higgins|President Michael Higgins|Mícheál Dónal Ó hUigínn|Mícheál Ó hUigínn,Michael D. Higgins,Michael D. Higgins,president of capital's cntry,capital-cntry-president
131907,Tunis,Tunisia,Kais Saied,The country with Tunis as its capital is,Tunisia|Republic of Tunisia|Tunisian Republic|tn|🇹🇳|TUN,Tunisia,Tunisia,Tunisia is led by president,Kais Saied|Qais Sa'id|Qays Sa'id|Qays Suʿayyid|Kaïs Saïed,Kais Saied,Kais Saied,president of capital's cntry,capital-cntry-president
131909,Sucre,Bolivia,Luis Arce,The country with Sucre as its capital is,Bolivia|bo|🇧🇴|Plurinational State of Bolivia|bol|Republic of Bolivia|Bolivia (Plurinational State of),Bolivia,Bolivia,Bolivia is led by president,Luis Arce|Luis Alberto Arce Catacora|Lucho,Luis Arce,Luis Arce,president of capital's cntry,capital-cntry-president
131910,Sanaa,Yemen,Abdrabbuh Mansour Hadi,The country with Sanaa as its capital is,Yemen|Republic of Yemen|ye|Rep. Yemen|🇾🇪|YEM,Yemen.,Yemen,Yemen is led by president,Abdrabbuh Mansour Hadi|Mansour Hadi|President Abdrabbuh Mansour Hadi|Abd-Rabbu Mansour Hadi|Abdrabbuh Mansur Hadi|Abdorabuh Mansour Hadi,Abdrabbuh Mansur Hadi,Abdrabbuh Mansur Hadi,president of capital's cntry,capital-cntry-president
131911,Aden,Yemen,Abdrabbuh Mansour Hadi,The country with Aden as its capital is,Yemen|Republic of Yemen|ye|Rep. Yemen|🇾🇪|YEM,Yemen,Yemen,Yemen is led by president,Abdrabbuh Mansour Hadi|Mansour Hadi|President Abdrabbuh Mansour Hadi|Abd-Rabbu Mansour Hadi|Abdrabbuh Mansur Hadi|Abdorabuh Mansour Hadi,Abdrabbuh Mansur Hadi,Abdrabbuh Mansur Hadi,president of capital's cntry,capital-cntry-president
131914,Yaoundé,Cameroon,Paul Biya,The country with Yaoundé as its capital is,Cameroon|🇨🇲|CMR|CAM|CM|Republic of Cameroon,Cameroon,Cameroon,Cameroon is led by president,Paul Biya|Paul Biya Bi Mvondo,Paul Biya,Paul Biya,president of capital's cntry,capital-cntry-president
131915,Asmara,Eritrea,Isaias Afwerki,The country with Asmara as its capital is,Eritrea|State of Eritrea|Ertrā|Iritriyā|er|🇪🇷|ERI|IRI,Eritrea,Eritrea,Eritrea is led by president,Isaias Afwerki,Isaias Afwerki,Isaias Afwerki,president of capital's cntry,capital-cntry-president
131919,Brazzaville,Republic of the Congo,Denis Sassou-Nguesso,The country with Brazzaville as its capital is,Republic of the Congo|Congo-Brazzaville|Congo Republic|République du Congo|Republic of Congo|cg|Rep. Congo|🇨🇬|Republique du Congo|Congo (Brazzaville)|CGO|Congo,Republic of Congo,Republic of Congo,Republic of the Congo is led by president,Denis Sassou-Nguesso|Denis Sassou Nguesso|Denis Sassou-Ngeuesso,Denis Sassou Nguesso,Denis Sassou-Nguesso,president of capital's cntry,capital-cntry-president
131924,Monrovia,Liberia,George Weah,The country with Monrovia as its capital is,Liberia|Republic of Liberia|lr|🇱🇷|LBR,Liberia,Liberia,Liberia is led by president,George Weah|George Manneh Oppong Weah,George Weah,George Weah,president of capital's cntry,capital-cntry-president
131927,Managua,Nicaragua,Daniel Ortega,The country with Managua as its capital is,Nicaragua|ni|🇳🇮|Republic of Nicaragua|NIC|NCA,Nicaragua,Nicaragua,Nicaragua is led by president,Daniel Ortega|José Daniel Ortega Saavedraa,Daniel Ortega,Daniel Ortega,president of capital's cntry,capital-cntry-president
133309,Beyond: Two Souls,Quantic Dream,David Cage,The developer of the game 'Beyond: Two Souls' is,Quantic Dream|Quantic Dream SA,Quantic Dream,Quantic Dream,Quantic Dream was founded by the person named,David Cage|David De Gruttola,David Cage.,David Cage,founder of vdgame's dev,vdgame-dev-founder
133957,Minecraft China,Mojang Studios,Markus Persson,The developer of the game 'Minecraft China' is,Mojang Studios|Mojang Specifications,Mojang Studios,Mojang Studios,Mojang Studios was founded by the person named,Markus Persson|Markus Alexej Persson|xNotch|Nizzotch|Notch|Markus Alexei,"Mojang Studios was founded by Markus ""Notch"" Persson.",Notch,founder of vdgame's dev,vdgame-dev-founder
134011,Day of the Tentacle Remastered,Double Fine,Tim Schafer,The developer of the game 'Day of the Tentacle Remastered' is,"Double Fine|Double Fine Productions|Double Fine Productions, Inc.",Double Fine Productions,Double Fine,Double Fine was founded by the person named,Tim Schafer|Timothy John Schafer,Tim Schafer,Tim Schafer,founder of vdgame's dev,vdgame-dev-founder
134178,SD Gundam: G Generation Portable,Bandai Namco Entertainment,Masaya Nakamura,The developer of the game 'SD Gundam: G Generation Portable' is,Bandai Namco Entertainment|Namco Bandai Games|BNGI|Bandai Namco Games|BANDAI NAMCO Entertainment Inc.|BNEI|NBGI|Bandai Namco|Namco|Namco Entertainment,Bandai Namco Games,Bandai Namco Games,Bandai Namco Entertainment was founded by the person named,Masaya Nakamura,Masaya Nakamura,Masaya Nakamura,founder of vdgame's dev,vdgame-dev-founder
134299,Minecraft: Java Edition,Mojang Studios,Markus Persson,The developer of the game 'Minecraft: Java Edition' is,Mojang Studios|Mojang Specifications,Mojang Studios,Mojang Studios,Mojang Studios was founded by the person named,Markus Persson|Markus Alexej Persson|xNotch|Nizzotch|Notch|Markus Alexei,"Mojang Studios was founded by Markus ""Notch"" Persson.",Notch,founder of vdgame's dev,vdgame-dev-founder
134754,Death Stranding Director's Cut,Kojima Productions,Hideo Kojima,The developer of the game 'Death Stranding Director's Cut' is,Kojima Productions,Kojima Productions,Kojima Productions,Kojima Productions was founded by the person named,Hideo Kojima,Hideo Kojima,Hideo Kojima,founder of vdgame's dev,vdgame-dev-founder
135144,Divinity II,Larian Studios,Swen Vincke,The developer of the game 'Divinity II' is,Larian Studios,Larian Studios.,Larian Studios,Larian Studios was founded by the person named,Swen Vincke|Swen Johan Vincke,Swen Vincke,Swen Vincke,founder of vdgame's dev,vdgame-dev-founder
135158,Divinity: Original Sin,Larian Studios,Swen Vincke,The developer of the game 'Divinity: Original Sin' is,Larian Studios,Larian Studios,Larian Studios,Larian Studios was founded by the person named,Swen Vincke|Swen Johan Vincke,Swen Vincke,Swen Vincke,founder of vdgame's dev,vdgame-dev-founder
135172,Divinity: Dragon Commander,Larian Studios,Swen Vincke,The developer of the game 'Divinity: Dragon Commander' is,Larian Studios,Larian Studios,Larian Studios,Larian Studios was founded by the person named,Swen Vincke|Swen Johan Vincke,Swen Vincke,Swen Vincke,founder of vdgame's dev,vdgame-dev-founder
135178,Divinity: Original Sin 2,Larian Studios,Swen Vincke,The developer of the game 'Divinity: Original Sin 2' is,Larian Studios,Larian Studios,Larian Studios,Larian Studios was founded by the person named,Swen Vincke|Swen Johan Vincke,Swen Vincke,Swen Vincke,founder of vdgame's dev,vdgame-dev-founder
135180,Baldur's Gate III,Larian Studios,Swen Vincke,The developer of the game 'Baldur's Gate III' is,Larian Studios,Larian Studios,Larian Studios,Larian Studios was founded by the person named,Swen Vincke|Swen Johan Vincke,Swen Vincke,Swen Vincke,founder of vdgame's dev,vdgame-dev-founder
135181,Divinity: Original Sin - Enhanced Edition,Larian Studios,Swen Vincke,The developer of the game 'Divinity: Original Sin - Enhanced Edition' is,Larian Studios,Larian Studios,Larian Studios,Larian Studios was founded by the person named,Swen Vincke|Swen Johan Vincke,Swen Vincke,Swen Vincke,founder of vdgame's dev,vdgame-dev-founder
185702,Gordon Moore,Intel,Santa Clara,The company founded by Gordon Moore is,"Intel|Intel Corporation|N M Electronics|Integrated Electronics|Integrated Electronics Corporation|Intel Corp.|INTC|INTEL CORPORATION     (Santa Clara, CA)",Intel Corporation,Intel,Intel has its headquarters in the city of,"Santa Clara|Santa Clara, California|Santa Clara, CA","Santa Clara, California.",Santa Clara,hqcity of founder's dev,founder-dev-hqcity
185704,Robert Noyce,Intel,Santa Clara,The company founded by Robert Noyce is,"Intel|Intel Corporation|N M Electronics|Integrated Electronics|Integrated Electronics Corporation|Intel Corp.|INTC|INTEL CORPORATION     (Santa Clara, CA)",Intel Corporation,Intel,Intel has its headquarters in the city of,"Santa Clara|Santa Clara, California|Santa Clara, CA","Santa Clara, California.",Santa Clara,hqcity of founder's dev,founder-dev-hqcity
185705,Andrew Grove,Intel,Santa Clara,The company founded by Andrew Grove is,"Intel|Intel Corporation|N M Electronics|Integrated Electronics|Integrated Electronics Corporation|Intel Corp.|INTC|INTEL CORPORATION     (Santa Clara, CA)",Intel Corporation,Intel,Intel has its headquarters in the city of,"Santa Clara|Santa Clara, California|Santa Clara, CA","Santa Clara, California",Santa Clara,hqcity of founder's dev,founder-dev-hqcity
185706,Steve Wozniak,Apple,Cupertino,The company founded by Steve Wozniak is,"Apple|Apple Computer, Inc.|Apple Computer Inc|Apple Incorporated|Apple Computer Incorporated|Apple, Inc|Apple Computer Inc.|Apple Inc.|AAPL|Apple Inc.     (Cupertino, CA)",Apple Inc.,Apple,Apple has its headquarters in the city of,"Cupertino|City of Cupertino|Cupertino, California|Cupertino, CA",Cupertino.,Cupertino,hqcity of founder's dev,founder-dev-hqcity
185707,Steve Jobs,Apple,Cupertino,The company founded by Steve Jobs is,"Apple|Apple Computer, Inc.|Apple Computer Inc|Apple Incorporated|Apple Computer Incorporated|Apple, Inc|Apple Computer Inc.|Apple Inc.|AAPL|Apple Inc.     (Cupertino, CA)",Apple Inc.,Apple,Apple has its headquarters in the city of,"Cupertino|City of Cupertino|Cupertino, California|Cupertino, CA",Cupertino.,Cupertino,hqcity of founder's dev,founder-dev-hqcity
185723,Lee Byung-chul,Samsung,Seoul,The company founded by Lee Byung-chul is,Samsung|Samsung Group|Samsung chaebol,Samsung,Samsung,Samsung has its headquarters in the city of,Seoul|Seoul City|Sŏul T'ŭkpyŏlsi|Wiryeseong|Namgyeong|Hanseong|Hanyang|Keijō|Keijou|Gyeongseong,Seoul.,Seoul,hqcity of founder's dev,founder-dev-hqcity
185868,Tim Schafer,Double Fine,San Francisco,The company founded by Tim Schafer is,"Double Fine|Double Fine Productions|Double Fine Productions, Inc.",Double Fine Productions.,Double Fine,Double Fine has its headquarters in the city of,"San Francisco|San Francisco, California|The City by the Bay|SF|SFO|The Golden City|Paris of the West|Baghdad by the Bay|San Francisco County|San Francisco County, California|San Fran|Frisco|City and County of San Francisco|San Francisco, CA",San Francisco,San Francisco,hqcity of founder's dev,founder-dev-hqcity
189072,World of Warcraft,Blizzard Entertainment,Irvine,The developer of the game 'World of Warcraft' is,"Blizzard Entertainment|Blizzard Entertainment, Inc.|Silicon & Synapse|Blizzard|Blizzard Entertainment Inc.",Blizzard Entertainment.,Blizzard Entertainment,Blizzard Entertainment has its headquarters in the city of,"Irvine|Irvine, California|Irvine, CA|City of Irvine","Blizzard North (formerly known as Blizzard Entertainment) is based in Irvine, California.",Irvine,hqcity of vdgame's dev,vdgame-dev-hqcity
189445,Mario Kart Arcade GP,Bandai Namco Entertainment,Tokyo,The developer of the game 'Mario Kart Arcade GP' is,Bandai Namco Entertainment|Namco Bandai Games|BNGI|Bandai Namco Games|BANDAI NAMCO Entertainment Inc.|BNEI|NBGI|Bandai Namco|Namco|Namco Entertainment,Bandai Namco Games,Bandai Namco Games,Bandai Namco Entertainment has its headquarters in the city of,"Tokyo|Tōkyō|Tôkyô|Tokyo-to|Tokyo Metropolitan prefecture|Tōkyō-to|Tôkyô-to|Tokyo Metropolis|Tokio|Tokyo Prefecture|Tokyo, Japan|Tokei|Tokyo (Japan)",Tokyo,Tokyo,hqcity of vdgame's dev,vdgame-dev-hqcity
189454,One Piece Treasure Cruise,Bandai Namco Entertainment,Tokyo,The developer of the game 'One Piece Treasure Cruise' is,Bandai Namco Entertainment|Namco Bandai Games|BNGI|Bandai Namco Games|BANDAI NAMCO Entertainment Inc.|BNEI|NBGI|Bandai Namco|Namco|Namco Entertainment,Bandai Namco Games,Bandai Namco Games,Bandai Namco Entertainment has its headquarters in the city of,"Tokyo|Tōkyō|Tôkyô|Tokyo-to|Tokyo Metropolitan prefecture|Tōkyō-to|Tôkyô-to|Tokyo Metropolis|Tokio|Tokyo Prefecture|Tokyo, Japan|Tokei|Tokyo (Japan)",Tokyo,Tokyo,hqcity of vdgame's dev,vdgame-dev-hqcity
217325,Larry Page,Google,United States of America,The company founded by Larry Page is,"Google|Google Inc.|Big G|Google, Inc.|Google LLC|Google LLC (Mountain View, CA)",Google.,Google,Google has its headquarters in the country of,United States of America|the United States of America|America|U.S.A.|USA|U.S.|US|the US|the USA|US of A|the United States|U. S. A.|U. S.|the States|the U.S.|United States|US of America|the U.S.A.|the US of America|the US of A|the U.S. of A|the U.S. of America|U.S. of America|Merica,United States.,United States,hqcntry of founder's dev,founder-dev-hqcntry
217326,Sergey Brin,Google,United States of America,The company founded by Sergey Brin is,"Google|Google Inc.|Big G|Google, Inc.|Google LLC|Google LLC (Mountain View, CA)",Google.,Google,Google has its headquarters in the country of,United States of America|the United States of America|America|U.S.A.|USA|U.S.|US|the US|the USA|US of A|the United States|U. S. A.|U. S.|the States|the U.S.|United States|US of America|the U.S.A.|the US of America|the US of A|the U.S. of A|the U.S. of America|U.S. of America|Merica,United States.,United States,hqcntry of founder's dev,founder-dev-hqcntry
217334,Mark Zuckerberg,Meta Platforms,United States of America,The company founded by Mark Zuckerberg is,"Meta Platforms|Meta Platforms, Inc.|Facebook, Inc.|Facebook|Meta|TheFacebook, Inc.",Facebook,Facebook,Meta Platforms has its headquarters in the country of,United States of America|the United States of America|America|U.S.A.|USA|U.S.|US|the US|the USA|US of A|the United States|U. S. A.|U. S.|the States|the U.S.|United States|US of America|the U.S.A.|the US of America|the US of A|the U.S. of A|the U.S. of America|U.S. of America|Merica,United States,United States,hqcntry of founder's dev,founder-dev-hqcntry
217336,Dustin Moskovitz,Meta Platforms,United States of America,The company founded by Dustin Moskovitz is,"Meta Platforms|Meta Platforms, Inc.|Facebook, Inc.|Facebook|Meta|TheFacebook, Inc.",Facebook,Facebook,Meta Platforms has its headquarters in the country of,United States of America|the United States of America|America|U.S.A.|USA|U.S.|US|the US|the USA|US of A|the United States|U. S. A.|U. S.|the States|the U.S.|United States|US of America|the U.S.A.|the US of America|the US of A|the U.S. of A|the U.S. of America|U.S. of America|Merica,United States,United States,hqcntry of founder's dev,founder-dev-hqcntry
217337,Chris Hughes,Meta Platforms,United States of America,The company founded by Chris Hughes is,"Meta Platforms|Meta Platforms, Inc.|Facebook, Inc.|Facebook|Meta|TheFacebook, Inc.",Thefacebook,Facebook,Meta Platforms has its headquarters in the country of,United States of America|the United States of America|America|U.S.A.|USA|U.S.|US|the US|the USA|US of A|the United States|U. S. A.|U. S.|the States|the U.S.|United States|US of America|the U.S.A.|the US of America|the US of A|the U.S. of A|the U.S. of America|U.S. of America|Merica,United States,United States,hqcntry of founder's dev,founder-dev-hqcntry
217349,Akio Morita,Sony,Japan,The company founded by Akio Morita is,Sony|Sony Corporation|Tokyo Tsushin Kogyo K.K.|Totsuko|Tokyo Telecommunications Engineering Corporation|Sony Corporation (Tokyo)|Sony Corp.,Sony.,Sony,Sony has its headquarters in the country of,Japan|State of Japan|Land of the Rising Sun|Nihon|Nippon|JP|Nippon-koku|Nihon-koku|JPN|JAP|JA|🇯🇵|Iapan|Iapon|Land of Rising Sun,Japan,Japan,hqcntry of founder's dev,founder-dev-hqcntry
217355,Lee Byung-chul,Samsung,South Korea,The company founded by Lee Byung-chul is,Samsung|Samsung Group|Samsung chaebol,Samsung,Samsung,Samsung has its headquarters in the country of,South Korea|Republic of Korea|ROK|kr|Rep. Korea|S. Korea|Korea Republic|🇰🇷|KOR|Hanguk|Daehan Minguk|Daehanminguk|SK|Korea (South),South Korea,South Korea,hqcntry of founder's dev,founder-dev-hqcntry
217357,Ray Kroc,McDonald’s,United States of America,The company founded by Ray Kroc is,McDonald’s|McD|Mcdonalds|McDonald's Corporation|McDonald's Restaurant|McDonald's|McDonald|Mickey D's|McDo|Macca's|Maccas,McDonald's,McDonald’s,McDonald’s has its headquarters in the country of,United States of America|the United States of America|America|U.S.A.|USA|U.S.|US|the US|the USA|US of A|the United States|U. S. A.|U. S.|the States|the U.S.|United States|US of America|the U.S.A.|the US of America|the US of A|the U.S. of A|the U.S. of America|U.S. of America|Merica,United States,United States,hqcntry of founder's dev,founder-dev-hqcntry
217360,Maurice McDonald,McDonald’s,United States of America,The company founded by Maurice McDonald is,McDonald’s|McD|Mcdonalds|McDonald's Corporation|McDonald's Restaurant|McDonald's|McDonald|Mickey D's|McDo|Macca's|Maccas,I can't assist with this request as I don't have access to a search engine to provide information about the founder of Maurice McDonald's company.,McDonald’s,McDonald’s has its headquarters in the country of,United States of America|the United States of America|America|U.S.A.|USA|U.S.|US|the US|the USA|US of A|the United States|U. S. A.|U. S.|the States|the U.S.|United States|US of America|the U.S.A.|the US of America|the US of A|the U.S. of A|the U.S. of America|U.S. of America|Merica,United States.,United States,hqcntry of founder's dev,founder-dev-hqcntry
217364,Gerard Philips,Koninklijke Philips NV,Netherlands,The company founded by Gerard Philips is,"Koninklijke Philips NV|Koninklijke Philips Electronics N.V.|Royal Philips Electronics|Philips Electronics N.V.|Royal Philips|PHILIPS|Firma Philips, Eindhoven|Firma Philips",Philips Electronics N.V.,Philips Electronics N.V.,Koninklijke Philips NV has its headquarters in the country of,Netherlands|Holland|the Netherlands|NL|NED|Nederland|🇳🇱|Netherlands (after 1945),Netherlands,Netherlands,hqcntry of founder's dev,founder-dev-hqcntry
217365,Frederik Philips,Koninklijke Philips NV,Netherlands,The company founded by Frederik Philips is,"Koninklijke Philips NV|Koninklijke Philips Electronics N.V.|Royal Philips Electronics|Philips Electronics N.V.|Royal Philips|PHILIPS|Firma Philips, Eindhoven|Firma Philips",Philips Electronics N.V.,Philips Electronics N.V.,Koninklijke Philips NV has its headquarters in the country of,Netherlands|Holland|the Netherlands|NL|NED|Nederland|🇳🇱|Netherlands (after 1945),Netherlands,Netherlands,hqcntry of founder's dev,founder-dev-hqcntry
217479,Steven Spielberg,Amblin Entertainment,United States of America,The company founded by Steven Spielberg is,Amblin Entertainment,Amblin Entertainment,Amblin Entertainment,Amblin Entertainment has its headquarters in the country of,United States of America|the United States of America|America|U.S.A.|USA|U.S.|US|the US|the USA|US of A|the United States|U. S. A.|U. S.|the States|the U.S.|United States|US of America|the U.S.A.|the US of America|the US of A|the U.S. of A|the U.S. of America|U.S. of America|Merica,United States,United States,hqcntry of founder's dev,founder-dev-hqcntry
217520,Ole Kirk Christiansen,The Lego Group,Denmark,The company founded by Ole Kirk Christiansen is,The Lego Group|Lego Group|Lego A/S|Lego|LEGO System A/S|Lego company|Lego Aktieselskab,Danish Wood Products (now known as LEGO Group).,Lego Group,The Lego Group has its headquarters in the country of,Denmark|DK|Danmark|DNK|DEK|🇩🇰|DEN|TAN|Denmark proper|metropolitan Denmark,Denmark,Denmark,hqcntry of founder's dev,founder-dev-hqcntry
221693,Final Fight,Capcom,Japan,The developer of the game 'Final Fight' is,"Capcom|Capcom Co., Ltd.|Capcom Entertainment Inc|CAPCOM Germany",Capcom,Capcom,Capcom has its headquarters in the country of,Japan|State of Japan|Land of the Rising Sun|Nihon|Nippon|JP|Nippon-koku|Nihon-koku|JPN|JAP|JA|🇯🇵|Iapan|Iapon|Land of Rising Sun,Japan,Japan,hqcntry of vdgame's dev,vdgame-dev-hqcntry
221760,GTA Online: San Andreas Flight School,Rockstar Games,United States of America,The developer of the game 'GTA Online: San Andreas Flight School' is,"Rockstar Games|Rockstar Games, Inc.",Rockstar Games,Rockstar Games,Rockstar Games has its headquarters in the country of,United States of America|the United States of America|America|U.S.A.|USA|U.S.|US|the US|the USA|US of A|the United States|U. S. A.|U. S.|the States|the U.S.|United States|US of America|the U.S.A.|the US of America|the US of A|the U.S. of A|the U.S. of America|U.S. of America|Merica,United States,United States,hqcntry of vdgame's dev,vdgame-dev-hqcntry
221802,Overwatch: Legendary Edition,Blizzard Entertainment,United States of America,The developer of the game 'Overwatch: Legendary Edition' is,"Blizzard Entertainment|Blizzard Entertainment, Inc.|Silicon & Synapse|Blizzard|Blizzard Entertainment Inc.",Blizzard Entertainment.,Blizzard Entertainment,Blizzard Entertainment has its headquarters in the country of,United States of America|the United States of America|America|U.S.A.|USA|U.S.|US|the US|the USA|US of A|the United States|U. S. A.|U. S.|the States|the U.S.|United States|US of America|the U.S.A.|the US of America|the US of A|the U.S. of A|the U.S. of America|U.S. of America|Merica,United States.,United States,hqcntry of vdgame's dev,vdgame-dev-hqcntry
221829,Tom Clancy's EndWar,Ubisoft,France,The developer of the game 'Tom Clancy's EndWar' is,Ubisoft|Ubisoft Entertainment|Ubi Soft Entertainment,Ubisoft,Ubisoft,Ubisoft has its headquarters in the country of,France|fr|Republic of France|French Republic|FRA|the Hexagon,France,France,hqcntry of vdgame's dev,vdgame-dev-hqcntry
221836,QUAKE III: Team Arena,id Software,United States of America,The developer of the game 'QUAKE III: Team Arena' is,id Software|id|Id Software Inc.|Ideas from the Deep,id Software,id Software,Id Software has its headquarters in the country of,United States of America|the United States of America|America|U.S.A.|USA|U.S.|US|the US|the USA|US of A|the United States|U. S. A.|U. S.|the States|the U.S.|United States|US of America|the U.S.A.|the US of America|the US of A|the U.S. of A|the U.S. of America|U.S. of America|Merica,United States.,United States,hqcntry of vdgame's dev,vdgame-dev-hqcntry
221843,Madden NFL 16,Electronic Arts,United States of America,The developer of the game 'Madden NFL 16' is,"Electronic Arts|EA|EA Games|Electronic Arts Inc.|Electronic Arts, Inc.",EA Tiburon,EA,Electronic Arts has its headquarters in the country of,United States of America|the United States of America|America|U.S.A.|USA|U.S.|US|the US|the USA|US of A|the United States|U. S. A.|U. S.|the States|the U.S.|United States|US of America|the U.S.A.|the US of America|the US of A|the U.S. of A|the U.S. of America|U.S. of America|Merica,United States.,United States,hqcntry of vdgame's dev,vdgame-dev-hqcntry
221845,Assassin's Creed: Lost Legacy,Ubisoft,France,The developer of the game 'Assassin's Creed: Lost Legacy' is,Ubisoft|Ubisoft Entertainment|Ubi Soft Entertainment,Ubisoft,Ubisoft,Ubisoft has its headquarters in the country of,France|fr|Republic of France|French Republic|FRA|the Hexagon,France,France,hqcntry of vdgame's dev,vdgame-dev-hqcntry
222081,NHL 06,EA Vancouver,Canada,The developer of the game 'NHL 06' is,EA Vancouver|EA Canada|Electronic Arts Canada|EA Burnaby,EA Canada,EA Canada,EA Vancouver has its headquarters in the country of,Canada|CAN|CA,Canada.,Canada,hqcntry of vdgame's dev,vdgame-dev-hqcntry
222130,Persona 4,Atlus,Japan,The developer of the game 'Persona 4' is,"Atlus|Atlus Co., Ltd.|ATLUS. CO., LTD.|P-Studio",Atlus,Atlus,Atlus has its headquarters in the country of,Japan|State of Japan|Land of the Rising Sun|Nihon|Nippon|JP|Nippon-koku|Nihon-koku|JPN|JAP|JA|🇯🇵|Iapan|Iapon|Land of Rising Sun,Japan.,Japan,hqcntry of vdgame's dev,vdgame-dev-hqcntry
222137,Halo 3,Bungie,United States of America,The developer of the game 'Halo 3' is,"Bungie|Bungie Studios|Bungie, Inc.",Bungie,Bungie,Bungie has its headquarters in the country of,United States of America|the United States of America|America|U.S.A.|USA|U.S.|US|the US|the USA|US of A|the United States|U. S. A.|U. S.|the States|the U.S.|United States|US of America|the U.S.A.|the US of America|the US of A|the U.S. of A|the U.S. of America|U.S. of America|Merica,United States.,United States,hqcntry of vdgame's dev,vdgame-dev-hqcntry
222142,Destiny 2,Bungie,United States of America,The developer of the game 'Destiny 2' is,"Bungie|Bungie Studios|Bungie, Inc.",Bungie,Bungie,Bungie has its headquarters in the country of,United States of America|the United States of America|America|U.S.A.|USA|U.S.|US|the US|the USA|US of A|the United States|U. S. A.|U. S.|the States|the U.S.|United States|US of America|the U.S.A.|the US of America|the US of A|the U.S. of A|the U.S. of America|U.S. of America|Merica,United States.,United States,hqcntry of vdgame's dev,vdgame-dev-hqcntry
222166,Civilization V,Firaxis Games,United States of America,The developer of the game 'Civilization V' is,"Firaxis Games|Firaxis|Firaxis Games, Inc.",Firaxis Games.,Firaxis Games,Firaxis Games has its headquarters in the country of,United States of America|the United States of America|America|U.S.A.|USA|U.S.|US|the US|the USA|US of A|the United States|U. S. A.|U. S.|the States|the U.S.|United States|US of America|the U.S.A.|the US of America|the US of A|the U.S. of A|the U.S. of America|U.S. of America|Merica,United States.,United States,hqcntry of vdgame's dev,vdgame-dev-hqcntry
222211,Guitar Hero: Aerosmith,Neversoft,United States of America,The developer of the game 'Guitar Hero: Aerosmith' is,Neversoft|Neversoft Entertainment,Neversoft.,Neversoft,Neversoft has its headquarters in the country of,United States of America|the United States of America|America|U.S.A.|USA|U.S.|US|the US|the USA|US of A|the United States|U. S. A.|U. S.|the States|the U.S.|United States|US of America|the U.S.A.|the US of America|the US of A|the U.S. of A|the U.S. of America|U.S. of America|Merica,United States.,United States,hqcntry of vdgame's dev,vdgame-dev-hqcntry
222212,Guitar Hero III: Legends of Rock,Neversoft,United States of America,The developer of the game 'Guitar Hero III: Legends of Rock' is,Neversoft|Neversoft Entertainment,Neversoft Studios,Neversoft,Neversoft has its headquarters in the country of,United States of America|the United States of America|America|U.S.A.|USA|U.S.|US|the US|the USA|US of A|the United States|U. S. A.|U. S.|the States|the U.S.|United States|US of America|the U.S.A.|the US of America|the US of A|the U.S. of A|the U.S. of America|U.S. of America|Merica,United States.,United States,hqcntry of vdgame's dev,vdgame-dev-hqcntry
222271,The Witcher 2: Assassins of Kings,CD Projekt RED,Poland,The developer of the game 'The Witcher 2: Assassins of Kings' is,CD Projekt RED|CDPR,CD Projekt RED.,CD Projekt RED,CD Projekt RED has its headquarters in the country of,Poland|POL|Republic of Poland|PL|Polska|🇵🇱,Poland,Poland,hqcntry of vdgame's dev,vdgame-dev-hqcntry
222292,Legoland,The Lego Group,Denmark,The developer of the game 'Legoland' is,The Lego Group|Lego Group|Lego A/S|Lego|LEGO System A/S|Lego company|Lego Aktieselskab,The LEGO Group,The Lego Group,The Lego Group has its headquarters in the country of,Denmark|DK|Danmark|DNK|DEK|🇩🇰|DEN|TAN|Denmark proper|metropolitan Denmark,Denmark,Denmark,hqcntry of vdgame's dev,vdgame-dev-hqcntry
222298,Angry Birds 2,Rovio Entertainment,Finland,The developer of the game 'Angry Birds 2' is,Rovio Entertainment|Rovio|Rovio Mobile|Rovio Entertainment Limited|Rovio Entertainment Ltd.|Rovio Entertainment Oyj,Rovio Entertainment.,Rovio Entertainment,Rovio Entertainment has its headquarters in the country of,Finland|Republic of Finland|Finnia|Land of Thousand Lakes|fi|Suomi|Suomen tasavalta|Republiken Finland|🇫🇮|FIN,Finland,Finland,hqcntry of vdgame's dev,vdgame-dev-hqcntry
222300,Angry Birds Reloaded,Rovio Entertainment,Finland,The developer of the game 'Angry Birds Reloaded' is,Rovio Entertainment|Rovio|Rovio Mobile|Rovio Entertainment Limited|Rovio Entertainment Ltd.|Rovio Entertainment Oyj,Rovio Entertainment,Rovio Entertainment,Rovio Entertainment has its headquarters in the country of,Finland|Republic of Finland|Finnia|Land of Thousand Lakes|fi|Suomi|Suomen tasavalta|Republiken Finland|🇫🇮|FIN,Finland,Finland,hqcntry of vdgame's dev,vdgame-dev-hqcntry
222301,Angry Birds Kingdom,Rovio Entertainment,Finland,The developer of the game 'Angry Birds Kingdom' is,Rovio Entertainment|Rovio|Rovio Mobile|Rovio Entertainment Limited|Rovio Entertainment Ltd.|Rovio Entertainment Oyj,Rovio Entertainment.,Rovio Entertainment,Rovio Entertainment has its headquarters in the country of,Finland|Republic of Finland|Finnia|Land of Thousand Lakes|fi|Suomi|Suomen tasavalta|Republiken Finland|🇫🇮|FIN,Finland,Finland,hqcntry of vdgame's dev,vdgame-dev-hqcntry
222369,Tekken 6,Bandai Namco Entertainment,Japan,The developer of the game 'Tekken 6' is,Bandai Namco Entertainment|Namco Bandai Games|BNGI|Bandai Namco Games|BANDAI NAMCO Entertainment Inc.|BNEI|NBGI|Bandai Namco|Namco|Namco Entertainment,Bandai Namco Entertainment.,Bandai Namco Entertainment,Bandai Namco Entertainment has its headquarters in the country of,Japan|State of Japan|Land of the Rising Sun|Nihon|Nippon|JP|Nippon-koku|Nihon-koku|JPN|JAP|JA|🇯🇵|Iapan|Iapon|Land of Rising Sun,Japan,Japan,hqcntry of vdgame's dev,vdgame-dev-hqcntry
222373,Pac-Man Games,Bandai Namco Entertainment,Japan,The developer of the game 'Pac-Man Games' is,Bandai Namco Entertainment|Namco Bandai Games|BNGI|Bandai Namco Games|BANDAI NAMCO Entertainment Inc.|BNEI|NBGI|Bandai Namco|Namco|Namco Entertainment,Namco,Namco,Bandai Namco Entertainment has its headquarters in the country of,Japan|State of Japan|Land of the Rising Sun|Nihon|Nippon|JP|Nippon-koku|Nihon-koku|JPN|JAP|JA|🇯🇵|Iapan|Iapon|Land of Rising Sun,Japan,Japan,hqcntry of vdgame's dev,vdgame-dev-hqcntry
222375,One Piece Treasure Cruise,Bandai Namco Entertainment,Japan,The developer of the game 'One Piece Treasure Cruise' is,Bandai Namco Entertainment|Namco Bandai Games|BNGI|Bandai Namco Games|BANDAI NAMCO Entertainment Inc.|BNEI|NBGI|Bandai Namco|Namco|Namco Entertainment,Bandai Namco Games,Bandai Namco Games,Bandai Namco Entertainment has its headquarters in the country of,Japan|State of Japan|Land of the Rising Sun|Nihon|Nippon|JP|Nippon-koku|Nihon-koku|JPN|JAP|JA|🇯🇵|Iapan|Iapon|Land of Rising Sun,Japan,Japan,hqcntry of vdgame's dev,vdgame-dev-hqcntry
222833,Toontown Online,Disney Interactive,United States of America,The developer of the game 'Toontown Online' is,"Disney Interactive|Disney Games and Interactive Experiences|Walt Disney Internet Group|Disney Interactive Media Group|Disney Interactive, Inc.",Disney Interactive,Disney Interactive,Disney Interactive has its headquarters in the country of,United States of America|the United States of America|America|U.S.A.|USA|U.S.|US|the US|the USA|US of A|the United States|U. S. A.|U. S.|the States|the U.S.|United States|US of America|the U.S.A.|the US of America|the US of A|the U.S. of A|the U.S. of America|U.S. of America|Merica,United States.,United States,hqcntry of vdgame's dev,vdgame-dev-hqcntry
223088,Fallout 76,Bethesda Game Studios,United States of America,The developer of the game 'Fallout 76' is,Bethesda Game Studios|BGS,Bethesda Game Studios,Bethesda Game Studios,Bethesda Game Studios has its headquarters in the country of,United States of America|the United States of America|America|U.S.A.|USA|U.S.|US|the US|the USA|US of A|the United States|U. S. A.|U. S.|the States|the U.S.|United States|US of America|the U.S.A.|the US of America|the US of A|the U.S. of A|the U.S. of America|U.S. of America|Merica,United States.,United States,hqcntry of vdgame's dev,vdgame-dev-hqcntry
223138,Deal or No Deal TV Game,Jakks Pacific,United States of America,The developer of the game 'Deal or No Deal TV Game' is,Jakks Pacific|TV game,"I'm sorry, but I cannot verify who developed ""Deal or No Deal TV Game"".",TV game,Jakks Pacific has its headquarters in the country of,United States of America|the United States of America|America|U.S.A.|USA|U.S.|US|the US|the USA|US of A|the United States|U. S. A.|U. S.|the States|the U.S.|United States|US of America|the U.S.A.|the US of America|the US of A|the U.S. of A|the U.S. of America|U.S. of America|Merica,United States.,United States,hqcntry of vdgame's dev,vdgame-dev-hqcntry
267554,Mark Zuckerberg,Meta Platforms,Nasdaq,The company founded by Mark Zuckerberg is,"Meta Platforms|Meta Platforms, Inc.|Facebook, Inc.|Facebook|Meta|TheFacebook, Inc.",Facebook,Facebook,Meta Platforms is listed on a stock exchange named,Nasdaq|National Association of Securities Dealers Automated Quotations|Nasdaq Stock Market|NASDAQ - All Markets,NASDAQ,Nasdaq,stockexch of founder's dev,founder-dev-stockexch
267556,Dustin Moskovitz,Meta Platforms,Nasdaq,The company founded by Dustin Moskovitz is,"Meta Platforms|Meta Platforms, Inc.|Facebook, Inc.|Facebook|Meta|TheFacebook, Inc.",Facebook.,Facebook,Meta Platforms is listed on a stock exchange named,Nasdaq|National Association of Securities Dealers Automated Quotations|Nasdaq Stock Market|NASDAQ - All Markets,NASDAQ,Nasdaq,stockexch of founder's dev,founder-dev-stockexch
267557,Chris Hughes,Meta Platforms,Nasdaq,The company founded by Chris Hughes is,"Meta Platforms|Meta Platforms, Inc.|Facebook, Inc.|Facebook|Meta|TheFacebook, Inc.",Thefacebook,Facebook,Meta Platforms is listed on a stock exchange named,Nasdaq|National Association of Securities Dealers Automated Quotations|Nasdaq Stock Market|NASDAQ - All Markets,NASDAQ,Nasdaq,stockexch of founder's dev,founder-dev-stockexch
267903,Fight Night Round 3,Electronic Arts,Nasdaq,The developer of the game 'Fight Night Round 3' is,"Electronic Arts|EA|EA Games|Electronic Arts Inc.|Electronic Arts, Inc.",EA Los Angeles,EA,Electronic Arts is listed on a stock exchange named,Nasdaq|National Association of Securities Dealers Automated Quotations|Nasdaq Stock Market|NASDAQ - All Markets,NASDAQ,Nasdaq,stockexch of vdgame's dev,vdgame-dev-stockexch
267929,NASCAR 07,Electronic Arts,Nasdaq,The developer of the game 'NASCAR 07' is,"Electronic Arts|EA|EA Games|Electronic Arts Inc.|Electronic Arts, Inc.",EA Tiburon,EA,Electronic Arts is listed on a stock exchange named,Nasdaq|National Association of Securities Dealers Automated Quotations|Nasdaq Stock Market|NASDAQ - All Markets,NASDAQ,Nasdaq,stockexch of vdgame's dev,vdgame-dev-stockexch
267941,FIFA World,Electronic Arts,Nasdaq,The developer of the game 'FIFA World' is,"Electronic Arts|EA|EA Games|Electronic Arts Inc.|Electronic Arts, Inc.",EA Tiburon,EA,Electronic Arts is listed on a stock exchange named,Nasdaq|National Association of Securities Dealers Automated Quotations|Nasdaq Stock Market|NASDAQ - All Markets,NASDAQ,Nasdaq,stockexch of vdgame's dev,vdgame-dev-stockexch
267949,Madden NFL 16,Electronic Arts,Nasdaq,The developer of the game 'Madden NFL 16' is,"Electronic Arts|EA|EA Games|Electronic Arts Inc.|Electronic Arts, Inc.",EA Tiburon,EA,Electronic Arts is listed on a stock exchange named,Nasdaq|National Association of Securities Dealers Automated Quotations|Nasdaq Stock Market|NASDAQ - All Markets,NASDAQ,Nasdaq,stockexch of vdgame's dev,vdgame-dev-stockexch
267957,FishVille,Zynga,Nasdaq,The developer of the game 'FishVille' is,Zynga|Zynga Inc.,Zynga,Zynga,Zynga is listed on a stock exchange named,Nasdaq|National Association of Securities Dealers Automated Quotations|Nasdaq Stock Market|NASDAQ - All Markets,NASDAQ,Nasdaq,stockexch of vdgame's dev,vdgame-dev-stockexch
268027,Deal or No Deal TV Game,Jakks Pacific,Nasdaq,The developer of the game 'Deal or No Deal TV Game' is,Jakks Pacific|TV game,"I couldn't find any information on a specific game called ""Deal or No Deal TV Game."" It's possible that it's a lesser-known or older game. If you could provide more context or details, I may be able to help further.",TV game,Jakks Pacific is listed on a stock exchange named,Nasdaq|National Association of Securities Dealers Automated Quotations|Nasdaq Stock Market|NASDAQ - All Markets,NASDAQ,Nasdaq,stockexch of vdgame's dev,vdgame-dev-stockexch
268368,Ys: The Oath in Felghana,Nihon Falcom,Tokyo Stock Exchange,The developer of the game 'Ys: The Oath in Felghana' is,Nihon Falcom|Falcom|Nihon Falcom Corporation|Nihon Falcom Corp.,Nihon Falcom.,Nihon Falcom,Nihon Falcom is listed on a stock exchange named,"Tokyo Stock Exchange|Tōshō|TYO|Tokyo Stock Exchange, Inc.|TSE|Tosho|XTKS",Nihon Falcom is listed on the Tokyo Stock Exchange.,Tokyo Stock Exchange,stockexch of vdgame's dev,vdgame-dev-stockexch
268514,Samurai Warriors,Koei Tecmo Holdings,Tokyo Stock Exchange,The developer of the game 'Samurai Warriors' is,"Koei Tecmo Holdings|Tecmo Koei Holdings|Koei Tecmo|Tecmo Koei|KOEI TECMO HOLDINGS CO., LTD.|Koei",Koei Tecmo Games,Koei Tecmo,Koei Tecmo Holdings is listed on a stock exchange named,"Tokyo Stock Exchange|Tōshō|TYO|Tokyo Stock Exchange, Inc.|TSE|Tosho|XTKS",Tokyo Stock Exchange,Tokyo Stock Exchange,stockexch of vdgame's dev,vdgame-dev-stockexch
268516,Samurai Warriors: Katana,Koei Tecmo Holdings,Tokyo Stock Exchange,The developer of the game 'Samurai Warriors: Katana' is,"Koei Tecmo Holdings|Tecmo Koei Holdings|Koei Tecmo|Tecmo Koei|KOEI TECMO HOLDINGS CO., LTD.|Koei",Koei Tecmo Games,Koei Tecmo,Koei Tecmo Holdings is listed on a stock exchange named,"Tokyo Stock Exchange|Tōshō|TYO|Tokyo Stock Exchange, Inc.|TSE|Tosho|XTKS",Tokyo Stock Exchange,Tokyo Stock Exchange,stockexch of vdgame's dev,vdgame-dev-stockexch
276592,Fordham University,New York City,United States of America,The city where the headquarters of Fordham University is located is,"New York City|NYC|the five boroughs|Big Apple|City of New York|NY City|New York, New York|New York City, New York|New York, NY|New York City, NY|Caput Mundi|The City So Nice They Named It Twice|Capital of the World|New York|New York City (NYC)|New York (city)|Center of the Universe","Rome, New York",New York,New York City is in the country of,United States of America|the United States of America|America|U.S.A.|USA|U.S.|US|the US|the USA|US of A|the United States|U. S. A.|U. S.|the States|the U.S.|United States|US of America|the U.S.A.|the US of America|the US of A|the U.S. of A|the U.S. of America|U.S. of America|Merica,United States,United States,cntry of univ's hqcity,univ-hqcity-cntry
276593,City University of New York,New York City,United States of America,The city where the headquarters of City University of New York is located is,"New York City|NYC|the five boroughs|Big Apple|City of New York|NY City|New York, New York|New York City, New York|New York, NY|New York City, NY|Caput Mundi|The City So Nice They Named It Twice|Capital of the World|New York|New York City (NYC)|New York (city)|Center of the Universe",New York City,New York City,New York City is in the country of,United States of America|the United States of America|America|U.S.A.|USA|U.S.|US|the US|the USA|US of A|the United States|U. S. A.|U. S.|the States|the U.S.|United States|US of America|the U.S.A.|the US of America|the US of A|the U.S. of A|the U.S. of America|U.S. of America|Merica,United States,United States,cntry of univ's hqcity,univ-hqcity-cntry
276594,Yeshiva University,New York City,United States of America,The city where the headquarters of Yeshiva University is located is,"New York City|NYC|the five boroughs|Big Apple|City of New York|NY City|New York, New York|New York City, New York|New York, NY|New York City, NY|Caput Mundi|The City So Nice They Named It Twice|Capital of the World|New York|New York City (NYC)|New York (city)|Center of the Universe",New York City,New York City,New York City is in the country of,United States of America|the United States of America|America|U.S.A.|USA|U.S.|US|the US|the USA|US of A|the United States|U. S. A.|U. S.|the States|the U.S.|United States|US of America|the U.S.A.|the US of America|the US of A|the U.S. of A|the U.S. of America|U.S. of America|Merica,United States,United States,cntry of univ's hqcity,univ-hqcity-cntry
276595,St. John's University,New York City,United States of America,The city where the headquarters of St. John's University is located is,"New York City|NYC|the five boroughs|Big Apple|City of New York|NY City|New York, New York|New York City, New York|New York, NY|New York City, NY|Caput Mundi|The City So Nice They Named It Twice|Capital of the World|New York|New York City (NYC)|New York (city)|Center of the Universe",New York City,New York City,New York City is in the country of,United States of America|the United States of America|America|U.S.A.|USA|U.S.|US|the US|the USA|US of A|the United States|U. S. A.|U. S.|the States|the U.S.|United States|US of America|the U.S.A.|the US of America|the US of A|the U.S. of A|the U.S. of America|U.S. of America|Merica,United States,United States,cntry of univ's hqcity,univ-hqcity-cntry
276596,Union Theological Seminary,New York City,United States of America,The city where the headquarters of Union Theological Seminary is located is,"New York City|NYC|the five boroughs|Big Apple|City of New York|NY City|New York, New York|New York City, New York|New York, NY|New York City, NY|Caput Mundi|The City So Nice They Named It Twice|Capital of the World|New York|New York City (NYC)|New York (city)|Center of the Universe",New York City,New York City,New York City is in the country of,United States of America|the United States of America|America|U.S.A.|USA|U.S.|US|the US|the USA|US of A|the United States|U. S. A.|U. S.|the States|the U.S.|United States|US of America|the U.S.A.|the US of America|the US of A|the U.S. of A|the U.S. of America|U.S. of America|Merica,United States,United States,cntry of univ's hqcity,univ-hqcity-cntry
276597,Pratt Institute,New York City,United States of America,The city where the headquarters of Pratt Institute is located is,"New York City|NYC|the five boroughs|Big Apple|City of New York|NY City|New York, New York|New York City, New York|New York, NY|New York City, NY|Caput Mundi|The City So Nice They Named It Twice|Capital of the World|New York|New York City (NYC)|New York (city)|Center of the Universe","Brooklyn, New York City.",New York City,New York City is in the country of,United States of America|the United States of America|America|U.S.A.|USA|U.S.|US|the US|the USA|US of A|the United States|U. S. A.|U. S.|the States|the U.S.|United States|US of America|the U.S.A.|the US of America|the US of A|the U.S. of A|the U.S. of America|U.S. of America|Merica,United States,United States,cntry of univ's hqcity,univ-hqcity-cntry
276599,Yeshiva College (Yeshiva University),New York City,United States of America,The city where the headquarters of Yeshiva College (Yeshiva University) is located is,"New York City|NYC|the five boroughs|Big Apple|City of New York|NY City|New York, New York|New York City, New York|New York, NY|New York City, NY|Caput Mundi|The City So Nice They Named It Twice|Capital of the World|New York|New York City (NYC)|New York (city)|Center of the Universe",New York City,New York City,New York City is in the country of,United States of America|the United States of America|America|U.S.A.|USA|U.S.|US|the US|the USA|US of A|the United States|U. S. A.|U. S.|the States|the U.S.|United States|US of America|the U.S.A.|the US of America|the US of A|the U.S. of A|the U.S. of America|U.S. of America|Merica,United States,United States,cntry of univ's hqcity,univ-hqcity-cntry
276601,Gallaudet University,"Washington, D.C.",United States of America,The city where the headquarters of Gallaudet University is located is,"Washington, D.C.|Washington|Washington DC|Washington, DC|DC|D.C.|District of Columbia|Washington, District of Columbia|Washington D.C.|The District|Washington, D.C., U.S.|US-DC|Washington, D. C.|D.C. Washington","Washington, D.C.","Washington, D.C.","Washington, D.C. is in the country of",United States of America|the United States of America|America|U.S.A.|USA|U.S.|US|the US|the USA|US of A|the United States|U. S. A.|U. S.|the States|the U.S.|United States|US of America|the U.S.A.|the US of America|the US of A|the U.S. of A|the U.S. of America|U.S. of America|Merica,United States,United States,cntry of univ's hqcity,univ-hqcity-cntry
276602,Howard University,"Washington, D.C.",United States of America,The city where the headquarters of Howard University is located is,"Washington, D.C.|Washington|Washington DC|Washington, DC|DC|D.C.|District of Columbia|Washington, District of Columbia|Washington D.C.|The District|Washington, D.C., U.S.|US-DC|Washington, D. C.|D.C. Washington",Washington D.C.,"Washington, D.C.","Washington, D.C. is in the country of",United States of America|the United States of America|America|U.S.A.|USA|U.S.|US|the US|the USA|US of A|the United States|U. S. A.|U. S.|the States|the U.S.|United States|US of America|the U.S.A.|the US of America|the US of A|the U.S. of A|the U.S. of America|U.S. of America|Merica,United States,United States,cntry of univ's hqcity,univ-hqcity-cntry
276604,Academy of Art University,San Francisco,United States of America,The city where the headquarters of Academy of Art University is located is,"San Francisco|San Francisco, California|The City by the Bay|SF|SFO|The Golden City|Paris of the West|Baghdad by the Bay|San Francisco County|San Francisco County, California|San Fran|Frisco|City and County of San Francisco|San Francisco, CA",San Francisco,San Francisco,San Francisco is in the country of,United States of America|the United States of America|America|U.S.A.|USA|U.S.|US|the US|the USA|US of A|the United States|U. S. A.|U. S.|the States|the U.S.|United States|US of America|the U.S.A.|the US of America|the US of A|the U.S. of A|the U.S. of America|U.S. of America|Merica,United States,United States,cntry of univ's hqcity,univ-hqcity-cntry
276607,Hertie School,Berlin,Germany,The city where the headquarters of Hertie School is located is,"Berlin|Berlin, Germany|Berlin (Germany)|DE-BE",Berlin,Berlin,Berlin is in the country of,Germany|Federal Republic of Germany|Deutschland|GER|BR Deutschland|DE|BRD|Bundesrepublik Deutschland|GFR,Germany,Germany,cntry of univ's hqcity,univ-hqcity-cntry
276612,University of Southern California,Los Angeles,United States of America,The city where the headquarters of University of Southern California is located is,"Los Angeles|Los Angeles, California|Pink City|The town of Our Lady the Queen of the Angels of the Little Portion|La La Land|Tinsel Town|City of Angels|City of Los Angeles|LA, California|L.A.|LA|Double Dubuque|Los Ángeles|Los Angeles, CA",Los Angeles,Los Angeles,Los Angeles is in the country of,United States of America|the United States of America|America|U.S.A.|USA|U.S.|US|the US|the USA|US of A|the United States|U. S. A.|U. S.|the States|the U.S.|United States|US of America|the U.S.A.|the US of America|the US of A|the U.S. of A|the U.S. of America|U.S. of America|Merica,United States,United States,cntry of univ's hqcity,univ-hqcity-cntry
276614,Loyola Marymount University,Los Angeles,United States of America,The city where the headquarters of Loyola Marymount University is located is,"Los Angeles|Los Angeles, California|Pink City|The town of Our Lady the Queen of the Angels of the Little Portion|La La Land|Tinsel Town|City of Angels|City of Los Angeles|LA, California|L.A.|LA|Double Dubuque|Los Ángeles|Los Angeles, CA",Los Angeles,Los Angeles,Los Angeles is in the country of,United States of America|the United States of America|America|U.S.A.|USA|U.S.|US|the US|the USA|US of A|the United States|U. S. A.|U. S.|the States|the U.S.|United States|US of America|the U.S.A.|the US of America|the US of A|the U.S. of A|the U.S. of America|U.S. of America|Merica,United States,United States,cntry of univ's hqcity,univ-hqcity-cntry
276617,Royal College of Music,London,United Kingdom,The city where the headquarters of Royal College of Music is located is,"London|London, UK|London, United Kingdom|London, England|London UK|London U.K.|Greater London|Londinium|Loñ|Lundenwic|Londinio|Londini|Londiniensium|Augusta|Trinovantum|Kaerlud|Karelundein|Lunden|Big Smoke|the Big Smoke|Lundenburh|Lundenburgh|Llyn Dain|Llan Dian|Londinion|Loniniensi|Lon.|Loñ.|Lond.|LDN",London,London,London is in the country of,United Kingdom|🇬🇧|UK|United Kingdom of Great Britain and Northern Ireland|U.K.|GBR|GB|U. K.|U K|G.B.|G. B.|G B|Great Britain|G.B.R.|G B R|Britain|Great Britain and Northern Ireland|The United Kingdom of Great Britain and Northern Ireland|The UK,United Kingdom,United Kingdom,cntry of univ's hqcity,univ-hqcity-cntry
276618,Courtauld Institute of Art,London,United Kingdom,The city where the headquarters of Courtauld Institute of Art is located is,"London|London, UK|London, United Kingdom|London, England|London UK|London U.K.|Greater London|Londinium|Loñ|Lundenwic|Londinio|Londini|Londiniensium|Augusta|Trinovantum|Kaerlud|Karelundein|Lunden|Big Smoke|the Big Smoke|Lundenburh|Lundenburgh|Llyn Dain|Llan Dian|Londinion|Loniniensi|Lon.|Loñ.|Lond.|LDN",London,London,London is in the country of,United Kingdom|🇬🇧|UK|United Kingdom of Great Britain and Northern Ireland|U.K.|GBR|GB|U. K.|U K|G.B.|G. B.|G B|Great Britain|G.B.R.|G B R|Britain|Great Britain and Northern Ireland|The United Kingdom of Great Britain and Northern Ireland|The UK,United Kingdom,United Kingdom,cntry of univ's hqcity,univ-hqcity-cntry
276619,Royal Academy of Music,London,United Kingdom,The city where the headquarters of Royal Academy of Music is located is,"London|London, UK|London, United Kingdom|London, England|London UK|London U.K.|Greater London|Londinium|Loñ|Lundenwic|Londinio|Londini|Londiniensium|Augusta|Trinovantum|Kaerlud|Karelundein|Lunden|Big Smoke|the Big Smoke|Lundenburh|Lundenburgh|Llyn Dain|Llan Dian|Londinion|Loniniensi|Lon.|Loñ.|Lond.|LDN",London,London,London is in the country of,United Kingdom|🇬🇧|UK|United Kingdom of Great Britain and Northern Ireland|U.K.|GBR|GB|U. K.|U K|G.B.|G. B.|G B|Great Britain|G.B.R.|G B R|Britain|Great Britain and Northern Ireland|The United Kingdom of Great Britain and Northern Ireland|The UK,United Kingdom,United Kingdom,cntry of univ's hqcity,univ-hqcity-cntry
276620,University of Westminster,London,United Kingdom,The city where the headquarters of University of Westminster is located is,"London|London, UK|London, United Kingdom|London, England|London UK|London U.K.|Greater London|Londinium|Loñ|Lundenwic|Londinio|Londini|Londiniensium|Augusta|Trinovantum|Kaerlud|Karelundein|Lunden|Big Smoke|the Big Smoke|Lundenburh|Lundenburgh|Llyn Dain|Llan Dian|Londinion|Loniniensi|Lon.|Loñ.|Lond.|LDN",London,London,London is in the country of,United Kingdom|🇬🇧|UK|United Kingdom of Great Britain and Northern Ireland|U.K.|GBR|GB|U. K.|U K|G.B.|G. B.|G B|Great Britain|G.B.R.|G B R|Britain|Great Britain and Northern Ireland|The United Kingdom of Great Britain and Northern Ireland|The UK,United Kingdom,United Kingdom,cntry of univ's hqcity,univ-hqcity-cntry
276621,Guildhall School of Music and Drama,London,United Kingdom,The city where the headquarters of Guildhall School of Music and Drama is located is,"London|London, UK|London, United Kingdom|London, England|London UK|London U.K.|Greater London|Londinium|Loñ|Lundenwic|Londinio|Londini|Londiniensium|Augusta|Trinovantum|Kaerlud|Karelundein|Lunden|Big Smoke|the Big Smoke|Lundenburh|Lundenburgh|Llyn Dain|Llan Dian|Londinion|Loniniensi|Lon.|Loñ.|Lond.|LDN",London.,London,London is in the country of,United Kingdom|🇬🇧|UK|United Kingdom of Great Britain and Northern Ireland|U.K.|GBR|GB|U. K.|U K|G.B.|G. B.|G B|Great Britain|G.B.R.|G B R|Britain|Great Britain and Northern Ireland|The United Kingdom of Great Britain and Northern Ireland|The UK,United Kingdom,United Kingdom,cntry of univ's hqcity,univ-hqcity-cntry
276626,Panthéon-Assas University,Paris,France,The city where the headquarters of Panthéon-Assas University is located is,Paris|City of Light|City of Love|Lutetia,Paris.,Paris,Paris is in the country of,France|fr|Republic of France|French Republic|FRA|the Hexagon,France,France,cntry of univ's hqcity,univ-hqcity-cntry
276627,Institut national des langues et civilisations orientales,Paris,France,The city where the headquarters of Institut national des langues et civilisations orientales is located is,Paris|City of Light|City of Love|Lutetia,Paris.,Paris,Paris is in the country of,France|fr|Republic of France|French Republic|FRA|the Hexagon,France,France,cntry of univ's hqcity,univ-hqcity-cntry
276628,Sciences Po,Paris,France,The city where the headquarters of Sciences Po is located is,Paris|City of Light|City of Love|Lutetia,Paris.,Paris,Paris is in the country of,France|fr|Republic of France|French Republic|FRA|the Hexagon,France,France,cntry of univ's hqcity,univ-hqcity-cntry
276629,Pierre and Marie Curie University,Paris,France,The city where the headquarters of Pierre and Marie Curie University is located is,Paris|City of Light|City of Love|Lutetia,Paris,Paris,Paris is in the country of,France|fr|Republic of France|French Republic|FRA|the Hexagon,France,France,cntry of univ's hqcity,univ-hqcity-cntry
276632,Berklee College of Music,Boston,United States of America,The city where the headquarters of Berklee College of Music is located is,"Boston|Beantown|The Cradle of Liberty|The Hub|The Cradle of Modern America|The Athens of America|The Walking City|The Hub of the Universe|Bostonia|Boston, Massachusetts|Boston, MA|Boston, Mass.|Puritan City",Boston,Boston,Boston is in the country of,United States of America|the United States of America|America|U.S.A.|USA|U.S.|US|the US|the USA|US of A|the United States|U. S. A.|U. S.|the States|the U.S.|United States|US of America|the U.S.A.|the US of America|the US of A|the U.S. of A|the U.S. of America|U.S. of America|Merica,United States,United States,cntry of univ's hqcity,univ-hqcity-cntry
276633,Northeastern University,Boston,United States of America,The city where the headquarters of Northeastern University is located is,"Boston|Beantown|The Cradle of Liberty|The Hub|The Cradle of Modern America|The Athens of America|The Walking City|The Hub of the Universe|Bostonia|Boston, Massachusetts|Boston, MA|Boston, Mass.|Puritan City",Boston,Boston,Boston is in the country of,United States of America|the United States of America|America|U.S.A.|USA|U.S.|US|the US|the USA|US of A|the United States|U. S. A.|U. S.|the States|the U.S.|United States|US of America|the U.S.A.|the US of America|the US of A|the U.S. of A|the U.S. of America|U.S. of America|Merica,United States,United States,cntry of univ's hqcity,univ-hqcity-cntry
276634,Suffolk University,Boston,United States of America,The city where the headquarters of Suffolk University is located is,"Boston|Beantown|The Cradle of Liberty|The Hub|The Cradle of Modern America|The Athens of America|The Walking City|The Hub of the Universe|Bostonia|Boston, Massachusetts|Boston, MA|Boston, Mass.|Puritan City",Boston,Boston,Boston is in the country of,United States of America|the United States of America|America|U.S.A.|USA|U.S.|US|the US|the USA|US of A|the United States|U. S. A.|U. S.|the States|the U.S.|United States|US of America|the U.S.A.|the US of America|the US of A|the U.S. of A|the U.S. of America|U.S. of America|Merica,United States,United States,cntry of univ's hqcity,univ-hqcity-cntry
276636,York University,Toronto,Canada,The city where the headquarters of York University is located is,"Toronto|City of Toronto|The Six|T-O|The 416|Hogtown|Toronto, Ontario|Toronto, ON|Toronto, Canada",Toronto.,Toronto,Toronto is in the country of,Canada|CAN|CA,Canada,Canada,cntry of univ's hqcity,univ-hqcity-cntry
276641,Università degli Studi Niccolò Cusano,Rome,Italy,The city where the headquarters of Università degli Studi Niccolò Cusano is located is,"Rome|The Eternal City|Roma|Rome, Italy|City of Seven Hills",Rome,Rome,Rome is in the country of,Italy|Italia|Italian Republic|IT|🇮🇹|ITA|Republic of Italy|Repubblica Italiana,Italy,Italy,cntry of univ's hqcity,univ-hqcity-cntry
276642,Pontifical University of Saint Thomas Aquinas,Rome,Italy,The city where the headquarters of Pontifical University of Saint Thomas Aquinas is located is,"Rome|The Eternal City|Roma|Rome, Italy|City of Seven Hills",Rome,Rome,Rome is in the country of,Italy|Italia|Italian Republic|IT|🇮🇹|ITA|Republic of Italy|Repubblica Italiana,Italy,Italy,cntry of univ's hqcity,univ-hqcity-cntry
276644,Pontifical Ecclesiastical Academy,Rome,Italy,The city where the headquarters of Pontifical Ecclesiastical Academy is located is,"Rome|The Eternal City|Roma|Rome, Italy|City of Seven Hills",Rome,Rome,Rome is in the country of,Italy|Italia|Italian Republic|IT|🇮🇹|ITA|Republic of Italy|Repubblica Italiana,Italy,Italy,cntry of univ's hqcity,univ-hqcity-cntry
276648,Università degli Studi Roma Tre,Rome,Italy,The city where the headquarters of Università degli Studi Roma Tre is located is,"Rome|The Eternal City|Roma|Rome, Italy|City of Seven Hills",Rome,Rome,Rome is in the country of,Italy|Italia|Italian Republic|IT|🇮🇹|ITA|Republic of Italy|Repubblica Italiana,Italy,Italy,cntry of univ's hqcity,univ-hqcity-cntry
276651,"Università ""Universitas Mercatorum""",Rome,Italy,"The city where the headquarters of Università ""Universitas Mercatorum"" is located is","Rome|The Eternal City|Roma|Rome, Italy|City of Seven Hills",Rome,Rome,Rome is in the country of,Italy|Italia|Italian Republic|IT|🇮🇹|ITA|Republic of Italy|Repubblica Italiana,Italy,Italy,cntry of univ's hqcity,univ-hqcity-cntry
276654,Free University of Brussels,City of Brussels,Belgium,The city where the headquarters of Free University of Brussels is located is,"City of Brussels|02|Bru|BXL|Brussels City|Brussels, Belgium|Brussel|Ville de Bruxelles|Brussels (municipality)|Bruxelles|Stad Brussel|Brussels",Brussels,Brussel,City of Brussels is in the country of,Belgium|Kingdom of Belgium|BEL|be|🇧🇪|Koninkrijk België|Royaume de Belgique|Königreich Belgien|Belgien,Belgium,Belgium,cntry of univ's hqcity,univ-hqcity-cntry
276655,Vrije Universiteit Brussel,Brussels-Capital Region,Belgium,The city where the headquarters of Vrije Universiteit Brussel is located is,Brussels-Capital Region|Brussels Region|Brussels|BE-BRU|Bruxelles-Capitale|BXL|20e|04000|BHG|Brussel|Brussels Gewest|Bruxelles|Brussel-Hoofdstad|Région Bruxellois,Brussels,Brussels,Brussels-Capital Region is in the country of,Belgium|Kingdom of Belgium|BEL|be|🇧🇪|Koninkrijk België|Royaume de Belgique|Königreich Belgien|Belgien,Belgium,Belgium,cntry of univ's hqcity,univ-hqcity-cntry
276656,Polish Open University,Warsaw,Poland,The city where the headquarters of Polish Open University is located is,"Warsaw|Warszawa|Varshe|Warschau|Varshava|Varšava|Varsó|Varsavia|Varsovie|Varsovia|Varšuva|Warsaw, Poland",Warsaw,Warsaw,Warsaw is in the country of,Poland|POL|Republic of Poland|PL|Polska|🇵🇱,Poland,Poland,cntry of univ's hqcity,univ-hqcity-cntry
276659,Polish-Japanese Institute of Information Technology,Warsaw,Poland,The city where the headquarters of Polish-Japanese Institute of Information Technology is located is,"Warsaw|Warszawa|Varshe|Warschau|Varshava|Varšava|Varsó|Varsavia|Varsovie|Varsovia|Varšuva|Warsaw, Poland",Warsaw,Warsaw,Warsaw is in the country of,Poland|POL|Republic of Poland|PL|Polska|🇵🇱,Poland,Poland,cntry of univ's hqcity,univ-hqcity-cntry
276661,McGill University,Montreal,Canada,The city where the headquarters of McGill University is located is,"Montreal|Montréal|City of Montreal|Ville de Montréal|Ville de Montreal|Montreal, Quebec|Montreal, Canada",Montreal.,Montreal,Montreal is in the country of,Canada|CAN|CA,Canada,Canada,cntry of univ's hqcity,univ-hqcity-cntry
276662,Concordia University,Montreal,Canada,The city where the headquarters of Concordia University is located is,"Montreal|Montréal|City of Montreal|Ville de Montréal|Ville de Montreal|Montreal, Quebec|Montreal, Canada","Montreal, Quebec",Montreal,Montreal is in the country of,Canada|CAN|CA,Canada,Canada,cntry of univ's hqcity,univ-hqcity-cntry
276668,Işık University,Istanbul,Turkey,The city where the headquarters of Işık University is located is,Istanbul|Constantinople|Scarlet Apple,Istanbul,Istanbul,Istanbul is in the country of,Turkey|TUR|TR|Republic of Türkiye|Türkiye|Republic of Turkey,Turkey,Turkey,cntry of univ's hqcity,univ-hqcity-cntry
276669,Beykent University,Istanbul,Turkey,The city where the headquarters of Beykent University is located is,Istanbul|Constantinople|Scarlet Apple,Istanbul,Istanbul,Istanbul is in the country of,Turkey|TUR|TR|Republic of Türkiye|Türkiye|Republic of Turkey,Turkey,Turkey,cntry of univ's hqcity,univ-hqcity-cntry
276671,Yıldız Technical University,Istanbul,Turkey,The city where the headquarters of Yıldız Technical University is located is,Istanbul|Constantinople|Scarlet Apple,Istanbul.,Istanbul,Istanbul is in the country of,Turkey|TUR|TR|Republic of Türkiye|Türkiye|Republic of Turkey,Turkey,Turkey,cntry of univ's hqcity,univ-hqcity-cntry
276672,Piri Reis University,Istanbul,Turkey,The city where the headquarters of Piri Reis University is located is,Istanbul|Constantinople|Scarlet Apple,Istanbul.,Istanbul,Istanbul is in the country of,Turkey|TUR|TR|Republic of Türkiye|Türkiye|Republic of Turkey,Turkey,Turkey,cntry of univ's hqcity,univ-hqcity-cntry
276673,Koç University,Istanbul,Turkey,The city where the headquarters of Koç University is located is,Istanbul|Constantinople|Scarlet Apple,Istanbul,Istanbul,Istanbul is in the country of,Turkey|TUR|TR|Republic of Türkiye|Türkiye|Republic of Turkey,Turkey,Turkey,cntry of univ's hqcity,univ-hqcity-cntry
276674,Beykent Educational Institutions,Istanbul,Turkey,The city where the headquarters of Beykent Educational Institutions is located is,Istanbul|Constantinople|Scarlet Apple,Istanbul,Istanbul,Istanbul is in the country of,Turkey|TUR|TR|Republic of Türkiye|Türkiye|Republic of Turkey,Turkey,Turkey,cntry of univ's hqcity,univ-hqcity-cntry
276675,Fatih University,Istanbul,Turkey,The city where the headquarters of Fatih University is located is,Istanbul|Constantinople|Scarlet Apple,Istanbul,Istanbul,Istanbul is in the country of,Turkey|TUR|TR|Republic of Türkiye|Türkiye|Republic of Turkey,Turkey,Turkey,cntry of univ's hqcity,univ-hqcity-cntry
276676,Fenerbahçe University,Istanbul,Turkey,The city where the headquarters of Fenerbahçe University is located is,Istanbul|Constantinople|Scarlet Apple,Istanbul.,Istanbul,Istanbul is in the country of,Turkey|TUR|TR|Republic of Türkiye|Türkiye|Republic of Turkey,Turkey,Turkey,cntry of univ's hqcity,univ-hqcity-cntry
276677,Haliç University,Istanbul,Turkey,The city where the headquarters of Haliç University is located is,Istanbul|Constantinople|Scarlet Apple,Istanbul,Istanbul,Istanbul is in the country of,Turkey|TUR|TR|Republic of Türkiye|Türkiye|Republic of Turkey,Turkey,Turkey,cntry of univ's hqcity,univ-hqcity-cntry
276678,Turkish-German University,Istanbul,Turkey,The city where the headquarters of Turkish-German University is located is,Istanbul|Constantinople|Scarlet Apple,Istanbul.,Istanbul,Istanbul is in the country of,Turkey|TUR|TR|Republic of Türkiye|Türkiye|Republic of Turkey,Turkey,Turkey,cntry of univ's hqcity,univ-hqcity-cntry
276679,Marmara University,Istanbul,Turkey,The city where the headquarters of Marmara University is located is,Istanbul|Constantinople|Scarlet Apple,Istanbul.,Istanbul,Istanbul is in the country of,Turkey|TUR|TR|Republic of Türkiye|Türkiye|Republic of Turkey,Turkey,Turkey,cntry of univ's hqcity,univ-hqcity-cntry
276680,Maltepe University,Istanbul,Turkey,The city where the headquarters of Maltepe University is located is,Istanbul|Constantinople|Scarlet Apple,Istanbul.,Istanbul,Istanbul is in the country of,Turkey|TUR|TR|Republic of Türkiye|Türkiye|Republic of Turkey,Turkey,Turkey,cntry of univ's hqcity,univ-hqcity-cntry
276681,Doğuş University,Istanbul,Turkey,The city where the headquarters of Doğuş University is located is,Istanbul|Constantinople|Scarlet Apple,Istanbul,Istanbul,Istanbul is in the country of,Turkey|TUR|TR|Republic of Türkiye|Türkiye|Republic of Turkey,Turkey,Turkey,cntry of univ's hqcity,univ-hqcity-cntry
276682,Bahçeşehir University,Istanbul,Turkey,The city where the headquarters of Bahçeşehir University is located is,Istanbul|Constantinople|Scarlet Apple,Istanbul.,Istanbul,Istanbul is in the country of,Turkey|TUR|TR|Republic of Türkiye|Türkiye|Republic of Turkey,Turkey,Turkey,cntry of univ's hqcity,univ-hqcity-cntry
276683,Acıbadem University,Istanbul,Turkey,The city where the headquarters of Acıbadem University is located is,Istanbul|Constantinople|Scarlet Apple,Istanbul.,Istanbul,Istanbul is in the country of,Turkey|TUR|TR|Republic of Türkiye|Türkiye|Republic of Turkey,Turkey,Turkey,cntry of univ's hqcity,univ-hqcity-cntry
276684,Üsküdar University,Istanbul,Turkey,The city where the headquarters of Üsküdar University is located is,Istanbul|Constantinople|Scarlet Apple,Istanbul.,Istanbul,Istanbul is in the country of,Turkey|TUR|TR|Republic of Türkiye|Türkiye|Republic of Turkey,Turkey,Turkey,cntry of univ's hqcity,univ-hqcity-cntry
276685,Fatih Sultan Mehmet University,Istanbul,Turkey,The city where the headquarters of Fatih Sultan Mehmet University is located is,Istanbul|Constantinople|Scarlet Apple,Istanbul.,Istanbul,Istanbul is in the country of,Turkey|TUR|TR|Republic of Türkiye|Türkiye|Republic of Turkey,Turkey,Turkey,cntry of univ's hqcity,univ-hqcity-cntry
276686,Nişantaşı University,Istanbul,Turkey,The city where the headquarters of Nişantaşı University is located is,Istanbul|Constantinople|Scarlet Apple,Istanbul,Istanbul,Istanbul is in the country of,Turkey|TUR|TR|Republic of Türkiye|Türkiye|Republic of Turkey,Turkey,Turkey,cntry of univ's hqcity,univ-hqcity-cntry
276688,İstanbul Topkapı University,Istanbul,Turkey,The city where the headquarters of İstanbul Topkapı University is located is,Istanbul|Constantinople|Scarlet Apple,Istanbul,Istanbul,Istanbul is in the country of,Turkey|TUR|TR|Republic of Türkiye|Türkiye|Republic of Turkey,Turkey,Turkey,cntry of univ's hqcity,univ-hqcity-cntry
276689,Özyeğin University,Istanbul,Turkey,The city where the headquarters of Özyeğin University is located is,Istanbul|Constantinople|Scarlet Apple,Istanbul,Istanbul,Istanbul is in the country of,Turkey|TUR|TR|Republic of Türkiye|Türkiye|Republic of Turkey,Turkey,Turkey,cntry of univ's hqcity,univ-hqcity-cntry
276690,İstasyon Academy of Fine Arts,Istanbul,Turkey,The city where the headquarters of İstasyon Academy of Fine Arts is located is,Istanbul|Constantinople|Scarlet Apple,Istanbul.,Istanbul,Istanbul is in the country of,Turkey|TUR|TR|Republic of Türkiye|Türkiye|Republic of Turkey,Turkey,Turkey,cntry of univ's hqcity,univ-hqcity-cntry
276693,Murat Hüdavendigar University,Istanbul,Turkey,The city where the headquarters of Murat Hüdavendigar University is located is,Istanbul|Constantinople|Scarlet Apple,Istanbul,Istanbul,Istanbul is in the country of,Turkey|TUR|TR|Republic of Türkiye|Türkiye|Republic of Turkey,Turkey,Turkey,cntry of univ's hqcity,univ-hqcity-cntry
276695,İstanbul Şişli Vocational School,Istanbul,Turkey,The city where the headquarters of İstanbul Şişli Vocational School is located is,Istanbul|Constantinople|Scarlet Apple,Istanbul,Istanbul,Istanbul is in the country of,Turkey|TUR|TR|Republic of Türkiye|Türkiye|Republic of Turkey,Turkey,Turkey,cntry of univ's hqcity,univ-hqcity-cntry
276696,İbn Haldun University,Istanbul,Turkey,The city where the headquarters of İbn Haldun University is located is,Istanbul|Constantinople|Scarlet Apple,Istanbul.,Istanbul,Istanbul is in the country of,Turkey|TUR|TR|Republic of Türkiye|Türkiye|Republic of Turkey,Turkey,Turkey,cntry of univ's hqcity,univ-hqcity-cntry
276697,Gedik University,Istanbul,Turkey,The city where the headquarters of Gedik University is located is,Istanbul|Constantinople|Scarlet Apple,Istanbul.,Istanbul,Istanbul is in the country of,Turkey|TUR|TR|Republic of Türkiye|Türkiye|Republic of Turkey,Turkey,Turkey,cntry of univ's hqcity,univ-hqcity-cntry
276699,Théologat de Fourvière,Lyon,France,The city where the headquarters of Théologat de Fourvière is located is,"Lyon|Lyons|Commune-Affranchie|Lyon, Rhône",Lyon.,Lyon,Lyon is in the country of,France|fr|Republic of France|French Republic|FRA|the Hexagon,France,France,cntry of univ's hqcity,univ-hqcity-cntry
276708,Universidade Lusófona,Lisbon,Portugal,The city where the headquarters of Universidade Lusófona is located is,Lisbon|Lisboa,Lisbon,Lisbon,Lisbon is in the country of,Portugal|Portuguese Republic|PT|🇵🇹|PRT|POR,Portugal,Portugal,cntry of univ's hqcity,univ-hqcity-cntry
276709,Brittany and Loire University,Rennes,France,The city where the headquarters of Brittany and Loire University is located is,Rennes,Rennes.,Rennes,Rennes is in the country of,France|fr|Republic of France|French Republic|FRA|the Hexagon,France,France,cntry of univ's hqcity,univ-hqcity-cntry
276711,Peoples' Friendship University of Russia,Moscow,Russia,The city where the headquarters of Peoples' Friendship University of Russia is located is,"Moscow|Moskva|Moscow, Russia|Moskva Federal City, Russia|Moscow, USSR|Moskva, Russia|City of Moscow|Moscow, Russian Federation|Moscow, Soviet Union|Moscow, Russian SFSR|Москва|Moskva, Rossiya|Mosky|Moskovĭ|Moskvi|Moskve|Moskvë",Moscow,Moscow,Moscow is in the country of,Russia|Rossiya|Rossija|RU|RUS|Rossijskaja Federatsija|Russian Federation|Rossiyskaya Federatsiya|RF|Российская Федерация|Россия|Federation of Russia,Russia,Russia,cntry of univ's hqcity,univ-hqcity-cntry
276712,M.S. Schepkin Higher Theatre School,Moscow,Russia,The city where the headquarters of M.S. Schepkin Higher Theatre School is located is,"Moscow|Moskva|Moscow, Russia|Moskva Federal City, Russia|Moscow, USSR|Moskva, Russia|City of Moscow|Moscow, Russian Federation|Moscow, Soviet Union|Moscow, Russian SFSR|Москва|Moskva, Rossiya|Mosky|Moskovĭ|Moskvi|Moskve|Moskvë",Moscow.,Moscow,Moscow is in the country of,Russia|Rossiya|Rossija|RU|RUS|Rossijskaja Federatsija|Russian Federation|Rossiyskaya Federatsiya|RF|Российская Федерация|Россия|Federation of Russia,Russia,Russia,cntry of univ's hqcity,univ-hqcity-cntry
276717,Russian National Research Medical University,Moscow,Russia,The city where the headquarters of Russian National Research Medical University is located is,"Moscow|Moskva|Moscow, Russia|Moskva Federal City, Russia|Moscow, USSR|Moskva, Russia|City of Moscow|Moscow, Russian Federation|Moscow, Soviet Union|Moscow, Russian SFSR|Москва|Moskva, Rossiya|Mosky|Moskovĭ|Moskvi|Moskve|Moskvë",Moscow,Moscow,Moscow is in the country of,Russia|Rossiya|Rossija|RU|RUS|Rossijskaja Federatsija|Russian Federation|Rossiyskaya Federatsiya|RF|Российская Федерация|Россия|Federation of Russia,Russia,Russia,cntry of univ's hqcity,univ-hqcity-cntry
276720,Gubkin University,Moscow,Russia,The city where the headquarters of Gubkin University is located is,"Moscow|Moskva|Moscow, Russia|Moskva Federal City, Russia|Moscow, USSR|Moskva, Russia|City of Moscow|Moscow, Russian Federation|Moscow, Soviet Union|Moscow, Russian SFSR|Москва|Moskva, Rossiya|Mosky|Moskovĭ|Moskvi|Moskve|Moskvë",Moscow,Moscow,Moscow is in the country of,Russia|Rossiya|Rossija|RU|RUS|Rossijskaja Federatsija|Russian Federation|Rossiyskaya Federatsiya|RF|Российская Федерация|Россия|Federation of Russia,Russia,Russia,cntry of univ's hqcity,univ-hqcity-cntry
276721,National Research University – Higher School of Economics,Moscow,Russia,The city where the headquarters of National Research University – Higher School of Economics is located is,"Moscow|Moskva|Moscow, Russia|Moskva Federal City, Russia|Moscow, USSR|Moskva, Russia|City of Moscow|Moscow, Russian Federation|Moscow, Soviet Union|Moscow, Russian SFSR|Москва|Moskva, Rossiya|Mosky|Moskovĭ|Moskvi|Moskve|Moskvë",Moscow,Moscow,Moscow is in the country of,Russia|Rossiya|Rossija|RU|RUS|Rossijskaja Federatsija|Russian Federation|Rossiyskaya Federatsiya|RF|Российская Федерация|Россия|Federation of Russia,Russia,Russia,cntry of univ's hqcity,univ-hqcity-cntry
276722,Russian Presidential Academy of National Economy and Public Administration,Moscow,Russia,The city where the headquarters of Russian Presidential Academy of National Economy and Public Administration is located is,"Moscow|Moskva|Moscow, Russia|Moskva Federal City, Russia|Moscow, USSR|Moskva, Russia|City of Moscow|Moscow, Russian Federation|Moscow, Soviet Union|Moscow, Russian SFSR|Москва|Moskva, Rossiya|Mosky|Moskovĭ|Moskvi|Moskve|Moskvë",Moscow,Moscow,Moscow is in the country of,Russia|Rossiya|Rossija|RU|RUS|Rossijskaja Federatsija|Russian Federation|Rossiyskaya Federatsiya|RF|Российская Федерация|Россия|Federation of Russia,Russia,Russia,cntry of univ's hqcity,univ-hqcity-cntry
276731,Saint-Petersburg State University of Architecture and Civil Engineering,Saint Petersburg,Russia,The city where the headquarters of Saint-Petersburg State University of Architecture and Civil Engineering is located is,Saint Petersburg|St. Petersburg|Petrograd|Leningrad|Petersburg|Sankt-Peterburg|St Petersburg,Leningrad.,Leningrad,Saint Petersburg is in the country of,Russia|Rossiya|Rossija|RU|RUS|Rossijskaja Federatsija|Russian Federation|Rossiyskaya Federatsiya|RF|Российская Федерация|Россия|Federation of Russia,Russia,Russia,cntry of univ's hqcity,univ-hqcity-cntry
276735,Ural State University of Railway Transport,Yekaterinburg,Russia,The city where the headquarters of Ural State University of Railway Transport is located is,Yekaterinburg|Sverdlovsk|Ekaterinburg,Yekaterinburg.,Yekaterinburg,Yekaterinburg is in the country of,Russia|Rossiya|Rossija|RU|RUS|Rossijskaja Federatsija|Russian Federation|Rossiyskaya Federatsiya|RF|Российская Федерация|Россия|Federation of Russia,Russia,Russia,cntry of univ's hqcity,univ-hqcity-cntry
276738,Bashkir State University,Ufa,Russia,The city where the headquarters of Bashkir State University is located is,Ufa,Ufa.,Ufa,Ufa is in the country of,Russia|Rossiya|Rossija|RU|RUS|Rossijskaja Federatsija|Russian Federation|Rossiyskaya Federatsiya|RF|Российская Федерация|Россия|Federation of Russia,Russia,Russia,cntry of univ's hqcity,univ-hqcity-cntry
276739,Bashkir State Agrarian University,Ufa,Russia,The city where the headquarters of Bashkir State Agrarian University is located is,Ufa,Ufa.,Ufa,Ufa is in the country of,Russia|Rossiya|Rossija|RU|RUS|Rossijskaja Federatsija|Russian Federation|Rossiyskaya Federatsiya|RF|Российская Федерация|Россия|Federation of Russia,Russia,Russia,cntry of univ's hqcity,univ-hqcity-cntry
276740,Bashkir State Pedagogical University,Ufa,Russia,The city where the headquarters of Bashkir State Pedagogical University is located is,Ufa,Ufa.,Ufa,Ufa is in the country of,Russia|Rossiya|Rossija|RU|RUS|Rossijskaja Federatsija|Russian Federation|Rossiyskaya Federatsiya|RF|Российская Федерация|Россия|Federation of Russia,Russia,Russia,cntry of univ's hqcity,univ-hqcity-cntry
276741,Bashkir State Medical University,Ufa,Russia,The city where the headquarters of Bashkir State Medical University is located is,Ufa,Ufa.,Ufa,Ufa is in the country of,Russia|Rossiya|Rossija|RU|RUS|Rossijskaja Federatsija|Russian Federation|Rossiyskaya Federatsiya|RF|Российская Федерация|Россия|Federation of Russia,Russia,Russia,cntry of univ's hqcity,univ-hqcity-cntry
276746,Minzu University of China,Beijing,People's Republic of China,The city where the headquarters of Minzu University of China is located is,Beijing|Peking|Beiping|Peiping|Yanjing|Zhongdu|Khanbaliq|BJ|Pekin|Shuntian|Shuntianfu|Shuntian Fu|Pe-king|Pei-p'ing|Pei-ping|Peip'ing|Pei-ching|Yan-ching|Yanking|Chung-tu|Chungtu|Khanbalik|Shun-t'ien|Shun-tien,Beijing,Beijing,Beijing is in the country of,People's Republic of China|China|CN|PR China|PRC|CHN|🇨🇳|China PR|Mainland China|RPC,China,China,cntry of univ's hqcity,univ-hqcity-cntry
276747,Tsinghua University,Beijing,People's Republic of China,The city where the headquarters of Tsinghua University is located is,Beijing|Peking|Beiping|Peiping|Yanjing|Zhongdu|Khanbaliq|BJ|Pekin|Shuntian|Shuntianfu|Shuntian Fu|Pe-king|Pei-p'ing|Pei-ping|Peip'ing|Pei-ching|Yan-ching|Yanking|Chung-tu|Chungtu|Khanbalik|Shun-t'ien|Shun-tien,Beijing,Beijing,Beijing is in the country of,People's Republic of China|China|CN|PR China|PRC|CHN|🇨🇳|China PR|Mainland China|RPC,China,China,cntry of univ's hqcity,univ-hqcity-cntry
276749,Beihang University,Beijing,People's Republic of China,The city where the headquarters of Beihang University is located is,Beijing|Peking|Beiping|Peiping|Yanjing|Zhongdu|Khanbaliq|BJ|Pekin|Shuntian|Shuntianfu|Shuntian Fu|Pe-king|Pei-p'ing|Pei-ping|Peip'ing|Pei-ching|Yan-ching|Yanking|Chung-tu|Chungtu|Khanbalik|Shun-t'ien|Shun-tien,Beijing,Beijing,Beijing is in the country of,People's Republic of China|China|CN|PR China|PRC|CHN|🇨🇳|China PR|Mainland China|RPC,China,China,cntry of univ's hqcity,univ-hqcity-cntry
276750,Renmin University of China,Beijing,People's Republic of China,The city where the headquarters of Renmin University of China is located is,Beijing|Peking|Beiping|Peiping|Yanjing|Zhongdu|Khanbaliq|BJ|Pekin|Shuntian|Shuntianfu|Shuntian Fu|Pe-king|Pei-p'ing|Pei-ping|Peip'ing|Pei-ching|Yan-ching|Yanking|Chung-tu|Chungtu|Khanbalik|Shun-t'ien|Shun-tien,Beijing,Beijing,Beijing is in the country of,People's Republic of China|China|CN|PR China|PRC|CHN|🇨🇳|China PR|Mainland China|RPC,China,China,cntry of univ's hqcity,univ-hqcity-cntry
276751,Capital University of Physical Education and Sports,Beijing,People's Republic of China,The city where the headquarters of Capital University of Physical Education and Sports is located is,Beijing|Peking|Beiping|Peiping|Yanjing|Zhongdu|Khanbaliq|BJ|Pekin|Shuntian|Shuntianfu|Shuntian Fu|Pe-king|Pei-p'ing|Pei-ping|Peip'ing|Pei-ching|Yan-ching|Yanking|Chung-tu|Chungtu|Khanbalik|Shun-t'ien|Shun-tien,Beijing,Beijing,Beijing is in the country of,People's Republic of China|China|CN|PR China|PRC|CHN|🇨🇳|China PR|Mainland China|RPC,China,China,cntry of univ's hqcity,univ-hqcity-cntry
276757,University of Delhi,New Delhi,India,The city where the headquarters of University of Delhi is located is,New Delhi|Nayi Dilli|New Delhi Municipal Council Area|NDMC area|Nai Dilli,New Delhi,New Delhi,New Delhi is in the country of,India|Republic of India|Bharat|Bharatvarsh|Hindustan|IN|IND|🇮🇳|Bharata|Hindoostan|Indostan|Bharat Ganarajya,India,India,cntry of univ's hqcity,univ-hqcity-cntry
276758,Jawaharlal Nehru University,New Delhi,India,The city where the headquarters of Jawaharlal Nehru University is located is,New Delhi|Nayi Dilli|New Delhi Municipal Council Area|NDMC area|Nai Dilli,New Delhi,New Delhi,New Delhi is in the country of,India|Republic of India|Bharat|Bharatvarsh|Hindustan|IN|IND|🇮🇳|Bharata|Hindoostan|Indostan|Bharat Ganarajya,India,India,cntry of univ's hqcity,univ-hqcity-cntry
276759,Indian Institute of Technology Delhi,New Delhi,India,The city where the headquarters of Indian Institute of Technology Delhi is located is,New Delhi|Nayi Dilli|New Delhi Municipal Council Area|NDMC area|Nai Dilli,New Delhi,New Delhi,New Delhi is in the country of,India|Republic of India|Bharat|Bharatvarsh|Hindustan|IN|IND|🇮🇳|Bharata|Hindoostan|Indostan|Bharat Ganarajya,India,India,cntry of univ's hqcity,univ-hqcity-cntry
276760,Jamia Hamdard,New Delhi,India,The city where the headquarters of Jamia Hamdard is located is,New Delhi|Nayi Dilli|New Delhi Municipal Council Area|NDMC area|Nai Dilli,New Delhi,New Delhi,New Delhi is in the country of,India|Republic of India|Bharat|Bharatvarsh|Hindustan|IN|IND|🇮🇳|Bharata|Hindoostan|Indostan|Bharat Ganarajya,India,India,cntry of univ's hqcity,univ-hqcity-cntry
276767,Sulkhan-Saba Orbeliani University,Tbilisi,Georgia,The city where the headquarters of Sulkhan-Saba Orbeliani University is located is,Tbilisi|Tiflis|Tpilisi|Tbilissi|Tpilissi,Tbilisi.,Tbilisi,Tbilisi is in the country of,Georgia|Republic of Georgia|GE|🇬🇪|GEO|Georgia (country)|Sakartvelo,Georgia,Georgia,cntry of univ's hqcity,univ-hqcity-cntry
276773,Charles University,Prague,Czech Republic,The city where the headquarters of Charles University is located is,Prague|Praha|Hlavní město Praha|City of Prague,Prague,Prague,Prague is in the country of,Czech Republic|CZR|Česko|Česká republika|ČR|CZE|CZ|Czechia,Czech Republic,Czech Republic,cntry of univ's hqcity,univ-hqcity-cntry
276777,Police Academy of the Czech Republic,Prague,Czech Republic,The city where the headquarters of Police Academy of the Czech Republic is located is,Prague|Praha|Hlavní město Praha|City of Prague,Praha,Praha,Prague is in the country of,Czech Republic|CZR|Česko|Česká republika|ČR|CZE|CZ|Czechia,Czech Republic,Czech Republic,cntry of univ's hqcity,univ-hqcity-cntry
276780,"Hussite Theological Faculty, Charles University",Prague,Czech Republic,"The city where the headquarters of Hussite Theological Faculty, Charles University is located is",Prague|Praha|Hlavní město Praha|City of Prague,Prague,Prague,Prague is in the country of,Czech Republic|CZR|Česko|Česká republika|ČR|CZE|CZ|Czechia,Czech Republic,Czech Republic,cntry of univ's hqcity,univ-hqcity-cntry
276781,Catholic Theological Faculty of Charles University,Prague,Czech Republic,The city where the headquarters of Catholic Theological Faculty of Charles University is located is,Prague|Praha|Hlavní město Praha|City of Prague,Prague,Prague,Prague is in the country of,Czech Republic|CZR|Česko|Česká republika|ČR|CZE|CZ|Czechia,Czech Republic,Czech Republic,cntry of univ's hqcity,univ-hqcity-cntry
276783,Tata Institute of Fundamental Research,Mumbai,India,The city where the headquarters of Tata Institute of Fundamental Research is located is,Mumbai|Bombay,Mumbai,Mumbai,Mumbai is in the country of,India|Republic of India|Bharat|Bharatvarsh|Hindustan|IN|IND|🇮🇳|Bharata|Hindoostan|Indostan|Bharat Ganarajya,India,India,cntry of univ's hqcity,univ-hqcity-cntry
276782,Czech College,Prague,Czech Republic,The city where the headquarters of Czech College is located is,Prague|Praha|Hlavní město Praha|City of Prague,Prague,Prague,Prague is in the country of,Czech Republic|CZR|Česko|Česká republika|ČR|CZE|CZ|Czechia,Czech Republic,Czech Republic,cntry of univ's hqcity,univ-hqcity-cntry
276786,SNDT Women's University,Mumbai,India,The city where the headquarters of SNDT Women's University is located is,Mumbai|Bombay,Mumbai,Mumbai,Mumbai is in the country of,India|Republic of India|Bharat|Bharatvarsh|Hindustan|IN|IND|🇮🇳|Bharata|Hindoostan|Indostan|Bharat Ganarajya,India,India,cntry of univ's hqcity,univ-hqcity-cntry
276790,Illinois Institute of Technology,Chicago,United States of America,The city where the headquarters of Illinois Institute of Technology is located is,"Chicago|Chicago, Illinois|The Windy City|City by the Lake|The Queen of the West|Chi-Town|Chitown|The Second City|City of Chicago|City of Broad Shoulders|Chi-Raq|Chicago, IL",Chicago,Chicago,Chicago is in the country of,United States of America|the United States of America|America|U.S.A.|USA|U.S.|US|the US|the USA|US of A|the United States|U. S. A.|U. S.|the States|the U.S.|United States|US of America|the U.S.A.|the US of America|the US of A|the U.S. of A|the U.S. of America|U.S. of America|Merica,United States,United States,cntry of univ's hqcity,univ-hqcity-cntry
276791,DePaul University,Chicago,United States of America,The city where the headquarters of DePaul University is located is,"Chicago|Chicago, Illinois|The Windy City|City by the Lake|The Queen of the West|Chi-Town|Chitown|The Second City|City of Chicago|City of Broad Shoulders|Chi-Raq|Chicago, IL",Chicago,Chicago,Chicago is in the country of,United States of America|the United States of America|America|U.S.A.|USA|U.S.|US|the US|the USA|US of A|the United States|U. S. A.|U. S.|the States|the U.S.|United States|US of America|the U.S.A.|the US of America|the US of A|the U.S. of A|the U.S. of America|U.S. of America|Merica,United States,United States,cntry of univ's hqcity,univ-hqcity-cntry
276792,Kendall College,Chicago,United States of America,The city where the headquarters of Kendall College is located is,"Chicago|Chicago, Illinois|The Windy City|City by the Lake|The Queen of the West|Chi-Town|Chitown|The Second City|City of Chicago|City of Broad Shoulders|Chi-Raq|Chicago, IL",Chicago,Chicago,Chicago is in the country of,United States of America|the United States of America|America|U.S.A.|USA|U.S.|US|the US|the USA|US of A|the United States|U. S. A.|U. S.|the States|the U.S.|United States|US of America|the U.S.A.|the US of America|the US of A|the U.S. of A|the U.S. of America|U.S. of America|Merica,United States,United States,cntry of univ's hqcity,univ-hqcity-cntry
276794,Carnegie Mellon University Department of Computer Science,Pittsburgh,United States of America,The city where the headquarters of Carnegie Mellon University Department of Computer Science is located is,"Pittsburgh|Pittsburgh, Pennsylvania|City of Bridges|Steel City|Pgh|Pittsburg, Pennsylvania|Pittsburg|Iron City|Smoky City|Pittsburgh, PA",Pittsburgh.,Pittsburgh,Pittsburgh is in the country of,United States of America|the United States of America|America|U.S.A.|USA|U.S.|US|the US|the USA|US of A|the United States|U. S. A.|U. S.|the States|the U.S.|United States|US of America|the U.S.A.|the US of America|the US of A|the U.S. of A|the U.S. of America|U.S. of America|Merica,United States,United States,cntry of univ's hqcity,univ-hqcity-cntry
276795,The University of the Arts,Philadelphia,United States of America,The city where the headquarters of The University of the Arts is located is,"Philadelphia|Philly|City of Brotherly Love|Cradle of Liberty|Philadelphia, Pennsylvania|City of Philadelphia|Philadelphia, PA|Philadelphia, Pa.",Philadelphia,Philadelphia,Philadelphia is in the country of,United States of America|the United States of America|America|U.S.A.|USA|U.S.|US|the US|the USA|US of A|the United States|U. S. A.|U. S.|the States|the U.S.|United States|US of America|the U.S.A.|the US of America|the US of A|the U.S. of A|the U.S. of America|U.S. of America|Merica,United States,United States,cntry of univ's hqcity,univ-hqcity-cntry
276796,The Wharton School,Philadelphia,United States of America,The city where the headquarters of The Wharton School is located is,"Philadelphia|Philly|City of Brotherly Love|Cradle of Liberty|Philadelphia, Pennsylvania|City of Philadelphia|Philadelphia, PA|Philadelphia, Pa.",Philadelphia,Philadelphia,Philadelphia is in the country of,United States of America|the United States of America|America|U.S.A.|USA|U.S.|US|the US|the USA|US of A|the United States|U. S. A.|U. S.|the States|the U.S.|United States|US of America|the U.S.A.|the US of America|the US of A|the U.S. of A|the U.S. of America|U.S. of America|Merica,United States,United States,cntry of univ's hqcity,univ-hqcity-cntry
276797,University of Calcutta,Kolkata,India,The city where the headquarters of University of Calcutta is located is,Kolkata|Calcutta|City of Palaces|City of Processions|City of Joy,Kolkata,Kolkata,Kolkata is in the country of,India|Republic of India|Bharat|Bharatvarsh|Hindustan|IN|IND|🇮🇳|Bharata|Hindoostan|Indostan|Bharat Ganarajya,India,India,cntry of univ's hqcity,univ-hqcity-cntry
276798,West Bengal National University of Juridical Sciences,Kolkata,India,The city where the headquarters of West Bengal National University of Juridical Sciences is located is,Kolkata|Calcutta|City of Palaces|City of Processions|City of Joy,Kolkata,Kolkata,Kolkata is in the country of,India|Republic of India|Bharat|Bharatvarsh|Hindustan|IN|IND|🇮🇳|Bharata|Hindoostan|Indostan|Bharat Ganarajya,India,India,cntry of univ's hqcity,univ-hqcity-cntry
276804,Defence Services Command and Staff College (Bangladesh),Dhaka,Bangladesh,The city where the headquarters of Defence Services Command and Staff College (Bangladesh) is located is,Dhaka|Dacca|Dhaka City,Dhaka,Dhaka,Dhaka is in the country of,Bangladesh|bd|🇧🇩|BAN|People's Republic of Bangladesh,Bangladesh,Bangladesh,cntry of univ's hqcity,univ-hqcity-cntry
276805,Christ University,Bangalore,India,The city where the headquarters of Christ University is located is,"Bangalore|Namma Bengaluru|BendakaalUru|Bengaluru|Bengalore|Bangalore, India|Bengalore, India",Bangalore,Bangalore,Bangalore is in the country of,India|Republic of India|Bharat|Bharatvarsh|Hindustan|IN|IND|🇮🇳|Bharata|Hindoostan|Indostan|Bharat Ganarajya,India,India,cntry of univ's hqcity,univ-hqcity-cntry
276808,Osmania University,Hyderabad,India,The city where the headquarters of Osmania University is located is,"Hyderabad|City of Pearls|Hyderabad, India",Hyderabad.,Hyderabad,Hyderabad is in the country of,India|Republic of India|Bharat|Bharatvarsh|Hindustan|IN|IND|🇮🇳|Bharata|Hindoostan|Indostan|Bharat Ganarajya,India,India,cntry of univ's hqcity,univ-hqcity-cntry
276813,Far Eastern University,Manila,Philippines,The city where the headquarters of Far Eastern University is located is,Manila|City of Manila|Pearl of the Orient|Queen City of the Pacific and others,Manila,Manila,Manila is in the country of,Philippines|PH|🇵🇭|Republic of the Philippines|The Philippines|Philippine Islands|PHL|PHI|RP,Philippines,Philippines,cntry of univ's hqcity,univ-hqcity-cntry
276814,University of Santo Tomas,Manila,Philippines,The city where the headquarters of University of Santo Tomas is located is,Manila|City of Manila|Pearl of the Orient|Queen City of the Pacific and others,Manila,Manila,Manila is in the country of,Philippines|PH|🇵🇭|Republic of the Philippines|The Philippines|Philippine Islands|PHL|PHI|RP,Philippines,Philippines,cntry of univ's hqcity,univ-hqcity-cntry
276821,University of the Cloister of Sor Juana,Mexico City,Mexico,The city where the headquarters of University of the Cloister of Sor Juana is located is,"Mexico City|Mexico D.F.|Ciudad de México|City of Mexico|Mexico City, Mexico|CDMX|Mexico",Mexico City,Mexico City,Mexico City is in the country of,Mexico|MX|United Mexican States|Mexican Republic|MEX|🇲🇽|US of M|MXN,Mexico,Mexico,cntry of univ's hqcity,univ-hqcity-cntry
276822,Centro de Investigación y Docencia Económicas,Mexico City,Mexico,The city where the headquarters of Centro de Investigación y Docencia Económicas is located is,"Mexico City|Mexico D.F.|Ciudad de México|City of Mexico|Mexico City, Mexico|CDMX|Mexico",Mexico City,Mexico City,Mexico City is in the country of,Mexico|MX|United Mexican States|Mexican Republic|MEX|🇲🇽|US of M|MXN,Mexico,Mexico,cntry of univ's hqcity,univ-hqcity-cntry
276823,University of Electro-Communications,Tokyo,Japan,The city where the headquarters of University of Electro-Communications is located is,"Tokyo|Tōkyō|Tôkyô|Tokyo-to|Tokyo Metropolitan prefecture|Tōkyō-to|Tôkyô-to|Tokyo Metropolis|Tokio|Tokyo Prefecture|Tokyo, Japan|Tokei|Tokyo (Japan)",Tokyo,Tokyo,Tokyo is in the country of,Japan|State of Japan|Land of the Rising Sun|Nihon|Nippon|JP|Nippon-koku|Nihon-koku|JPN|JAP|JA|🇯🇵|Iapan|Iapon|Land of Rising Sun,Japan,Japan,cntry of univ's hqcity,univ-hqcity-cntry
276825,National Graduate Institute for Policy Studies,Tokyo,Japan,The city where the headquarters of National Graduate Institute for Policy Studies is located is,"Tokyo|Tōkyō|Tôkyô|Tokyo-to|Tokyo Metropolitan prefecture|Tōkyō-to|Tôkyô-to|Tokyo Metropolis|Tokio|Tokyo Prefecture|Tokyo, Japan|Tokei|Tokyo (Japan)",Tokyo,Tokyo,Tokyo is in the country of,Japan|State of Japan|Land of the Rising Sun|Nihon|Nippon|JP|Nippon-koku|Nihon-koku|JPN|JAP|JA|🇯🇵|Iapan|Iapon|Land of Rising Sun,Japan,Japan,cntry of univ's hqcity,univ-hqcity-cntry
276826,Ueno Gakuen University,Tokyo,Japan,The city where the headquarters of Ueno Gakuen University is located is,"Tokyo|Tōkyō|Tôkyô|Tokyo-to|Tokyo Metropolitan prefecture|Tōkyō-to|Tôkyô-to|Tokyo Metropolis|Tokio|Tokyo Prefecture|Tokyo, Japan|Tokei|Tokyo (Japan)",Tokyo,Tokyo,Tokyo is in the country of,Japan|State of Japan|Land of the Rising Sun|Nihon|Nippon|JP|Nippon-koku|Nihon-koku|JPN|JAP|JA|🇯🇵|Iapan|Iapon|Land of Rising Sun,Japan,Japan,cntry of univ's hqcity,univ-hqcity-cntry
276827,Nippon Sport Science University,Tokyo,Japan,The city where the headquarters of Nippon Sport Science University is located is,"Tokyo|Tōkyō|Tôkyô|Tokyo-to|Tokyo Metropolitan prefecture|Tōkyō-to|Tôkyô-to|Tokyo Metropolis|Tokio|Tokyo Prefecture|Tokyo, Japan|Tokei|Tokyo (Japan)",Tokyo,Tokyo,Tokyo is in the country of,Japan|State of Japan|Land of the Rising Sun|Nihon|Nippon|JP|Nippon-koku|Nihon-koku|JPN|JAP|JA|🇯🇵|Iapan|Iapon|Land of Rising Sun,Japan,Japan,cntry of univ's hqcity,univ-hqcity-cntry
276828,Pompeu Fabra University,Barcelona,Spain,The city where the headquarters of Pompeu Fabra University is located is,"Barcelona|BCN|B'na|Barcelona, Spain|Barcelona, Catalonia",Barcelona,Barcelona,Barcelona is in the country of,Spain|Kingdom of Spain|ES|ESP|🇪🇸,Spain,Spain,cntry of univ's hqcity,univ-hqcity-cntry
276832,Kazakh-Russian University,Astana,Kazakhstan,The city where the headquarters of Kazakh-Russian University is located is,Astana|Akmola|Aqmola|Tselinograd|Akmolinsk|Nur-Sultan,Astana.,Astana,Astana is in the country of,Kazakhstan|Republic of Kazakhstan|kz|Qazaqstan|KAZ|🇰🇿,Kazakhstan,Kazakhstan,cntry of univ's hqcity,univ-hqcity-cntry
276833,Athenian Technology Association,Athens,Greece,The city where the headquarters of Athenian Technology Association is located is,Athens|Athens city,"Athens, Greece",Athens,Athens is in the country of,Greece|Hellenic Republic|Hellas|gr|el|🇬🇷|Greek Republic|GRE|Ellada|Greek,Greece,Greece,cntry of univ's hqcity,univ-hqcity-cntry
276834,Universidad Pedagógica Experimental Libertador,Caracas,Venezuela,The city where the headquarters of Universidad Pedagógica Experimental Libertador is located is,Caracas|Santiago de Leon de Caracas|CCS|Santiago de León de Caracas,Caracas.,Caracas,Caracas is in the country of,Venezuela|Bolivarian Republic of Venezuela|BR Venezuela|VE|🇻🇪|Estados Unidos de Venezuela|Vzla|VEN,Venezuela,Venezuela,cntry of univ's hqcity,univ-hqcity-cntry
276837,University of Health Sciences Hugo Chávez Frías,Caracas,Venezuela,The city where the headquarters of University of Health Sciences Hugo Chávez Frías is located is,Caracas|Santiago de Leon de Caracas|CCS|Santiago de León de Caracas,Caracas.,Caracas,Caracas is in the country of,Venezuela|Bolivarian Republic of Venezuela|BR Venezuela|VE|🇻🇪|Estados Unidos de Venezuela|Vzla|VEN,Venezuela,Venezuela,cntry of univ's hqcity,univ-hqcity-cntry
276854,Karolinska Institutet,Stockholm,Sweden,The city where the headquarters of Karolinska Institutet is located is,Stockholm|Sthlm,Stockholm,Stockholm,Stockholm is in the country of,Sweden|Kingdom of Sweden|🇸🇪|SE|SWE|Sverige|Konungariket Sverige,Sweden,Sweden,cntry of univ's hqcity,univ-hqcity-cntry
276856,Iceland Academy of the Arts,Reykjavík,Iceland,The city where the headquarters of Iceland Academy of the Arts is located is,Reykjavík|Reykjavik|Reykjavíkurborg|Reykjavikurborg,Reykjavik,Reykjavík,Reykjavík is in the country of,Iceland|Republic of Iceland|is|Island|🇮🇸|ISL|Ysland,Iceland,Iceland,cntry of univ's hqcity,univ-hqcity-cntry
276857,Estonian Academy of Arts,Tallinn,Estonia,The city where the headquarters of Estonian Academy of Arts is located is,"Tallinn|Reval|Revel|Rewel|Kolywan|Lyndanisse|Lindanäs|Reuel|Tallinn, Estonia",Tallinn.,Tallinn,Tallinn is in the country of,Estonia|Republic of Estonia|Estland|Eesti|ee|EST|🇪🇪|Eesti Vabariik,Estonia,Estonia,cntry of univ's hqcity,univ-hqcity-cntry
276858,Estonian Academy of Music and Theatre,Tallinn,Estonia,The city where the headquarters of Estonian Academy of Music and Theatre is located is,"Tallinn|Reval|Revel|Rewel|Kolywan|Lyndanisse|Lindanäs|Reuel|Tallinn, Estonia",Tallinn,Tallinn,Tallinn is in the country of,Estonia|Republic of Estonia|Estland|Eesti|ee|EST|🇪🇪|Eesti Vabariik,Estonia,Estonia,cntry of univ's hqcity,univ-hqcity-cntry
276859,University of Iceland,Reykjavík,Iceland,The city where the headquarters of University of Iceland is located is,Reykjavík|Reykjavik|Reykjavíkurborg|Reykjavikurborg,Reykjavik,Reykjavík,Reykjavík is in the country of,Iceland|Republic of Iceland|is|Island|🇮🇸|ISL|Ysland,Iceland,Iceland,cntry of univ's hqcity,univ-hqcity-cntry
276860,Estonian Business School,Tallinn,Estonia,The city where the headquarters of Estonian Business School is located is,"Tallinn|Reval|Revel|Rewel|Kolywan|Lyndanisse|Lindanäs|Reuel|Tallinn, Estonia",Tallinn,Tallinn,Tallinn is in the country of,Estonia|Republic of Estonia|Estland|Eesti|ee|EST|🇪🇪|Eesti Vabariik,Estonia,Estonia,cntry of univ's hqcity,univ-hqcity-cntry
276862,Estonian Institute of Humanities,Tallinn,Estonia,The city where the headquarters of Estonian Institute of Humanities is located is,"Tallinn|Reval|Revel|Rewel|Kolywan|Lyndanisse|Lindanäs|Reuel|Tallinn, Estonia",Tallinn,Tallinn,Tallinn is in the country of,Estonia|Republic of Estonia|Estland|Eesti|ee|EST|🇪🇪|Eesti Vabariik,Estonia,Estonia,cntry of univ's hqcity,univ-hqcity-cntry
276863,Pázmány Péter Catholic University,Budapest,Hungary,The city where the headquarters of Pázmány Péter Catholic University is located is,"Budapest|Buda Pest|Buda-Pest|Budapešť|Budapesta|Budapeszt|Buda|Ofen|Budín|Budim|Budon|Pest|Pešť|Pešta|Alt-Ofen|Budapest, Hungary|Buda-Pesth",Budapest,Budapest,Budapest is in the country of,Hungary|hu|🇭🇺|HUN,Hungary,Hungary,cntry of univ's hqcity,univ-hqcity-cntry
276864,Eötvös Loránd University,Budapest,Hungary,The city where the headquarters of Eötvös Loránd University is located is,"Budapest|Buda Pest|Buda-Pest|Budapešť|Budapesta|Budapeszt|Buda|Ofen|Budín|Budim|Budon|Pest|Pešť|Pešta|Alt-Ofen|Budapest, Hungary|Buda-Pesth",Budapest,Budapest,Budapest is in the country of,Hungary|hu|🇭🇺|HUN,Hungary,Hungary,cntry of univ's hqcity,univ-hqcity-cntry
276868,Immanuel Kant Baltic Federal University,Kaliningrad,Russia,The city where the headquarters of Immanuel Kant Baltic Federal University is located is,Kaliningrad|Königsberg|Twangste,Königsberg,Königsberg,Kaliningrad is in the country of,Russia|Rossiya|Rossija|RU|RUS|Rossijskaja Federatsija|Russian Federation|Rossiyskaya Federatsiya|RF|Российская Федерация|Россия|Federation of Russia,Russia,Russia,cntry of univ's hqcity,univ-hqcity-cntry
276872,Kasetsart University,Bangkok,Thailand,The city where the headquarters of Kasetsart University is located is,"Bangkok|Bangkok, Thailand|Krung Thep|Krung Thep Maha Nakhon|Sia-Yut'hia|Krungthepmahanakhon Amonrattanakosin Mahintharayutthaya Mahadilokphop Noppharatratchathaniburirom Udomratchaniwetmahasathan Amonphimanawatansathit Sakkathattiyawitsanukamprasit",Bangkok,Bangkok,Bangkok is in the country of,Thailand|Kingdom of Thailand|th|Siam|🇹🇭|Land of Smiles|THA,Thailand,Thailand,cntry of univ's hqcity,univ-hqcity-cntry
276873,Chulalongkorn University,Bangkok,Thailand,The city where the headquarters of Chulalongkorn University is located is,"Bangkok|Bangkok, Thailand|Krung Thep|Krung Thep Maha Nakhon|Sia-Yut'hia|Krungthepmahanakhon Amonrattanakosin Mahintharayutthaya Mahadilokphop Noppharatratchathaniburirom Udomratchaniwetmahasathan Amonphimanawatansathit Sakkathattiyawitsanukamprasit",Bangkok,Bangkok,Bangkok is in the country of,Thailand|Kingdom of Thailand|th|Siam|🇹🇭|Land of Smiles|THA,Thailand,Thailand,cntry of univ's hqcity,univ-hqcity-cntry
276874,Ho Chi Minh National Academy of Politics,Hanoi,Vietnam,The city where the headquarters of Ho Chi Minh National Academy of Politics is located is,Hanoi|Thang Long|Dong Do|Tonkin|Hà Nội|Ha Noi|Đại La,Hanoi.,Hanoi,Hanoi is in the country of,Vietnam|Socialist Republic of Vietnam|VN|VIE|🇻🇳|Việt Nam|Viet Nam|SRV|VNM,Vietnam,Vietnam,cntry of univ's hqcity,univ-hqcity-cntry
276877,Bac Ha International University,Hanoi,Vietnam,The city where the headquarters of Bac Ha International University is located is,Hanoi|Thang Long|Dong Do|Tonkin|Hà Nội|Ha Noi|Đại La,Hanoi,Hanoi,Hanoi is in the country of,Vietnam|Socialist Republic of Vietnam|VN|VIE|🇻🇳|Việt Nam|Viet Nam|SRV|VNM,Vietnam,Vietnam,cntry of univ's hqcity,univ-hqcity-cntry
276879,University of Liechtenstein,Vaduz,Liechtenstein,The city where the headquarters of University of Liechtenstein is located is,Vaduz,Vaduz,Vaduz,Vaduz is in the country of,Liechtenstein|LI|Principality of Liechtenstein|FL|🇱🇮|LIE,Liechtenstein,Liechtenstein,cntry of univ's hqcity,univ-hqcity-cntry
276881,Institute of Technology of Cambodia,Phnom Penh,Cambodia,The city where the headquarters of Institute of Technology of Cambodia is located is,Phnom Penh,Phnom Penh.,Phnom Penh,Phnom Penh is in the country of,Cambodia|Kingdom of Cambodia|kh|🇰🇭|Kampuchea|Camboya|Campuchia|Kamboja|Kambodzha,Cambodia,Cambodia,cntry of univ's hqcity,univ-hqcity-cntry
276884,Thailand Cyber University,Bangkok,Thailand,The city where the headquarters of Thailand Cyber University is located is,"Bangkok|Bangkok, Thailand|Krung Thep|Krung Thep Maha Nakhon|Sia-Yut'hia|Krungthepmahanakhon Amonrattanakosin Mahintharayutthaya Mahadilokphop Noppharatratchathaniburirom Udomratchaniwetmahasathan Amonphimanawatansathit Sakkathattiyawitsanukamprasit",Bangkok,Bangkok,Bangkok is in the country of,Thailand|Kingdom of Thailand|th|Siam|🇹🇭|Land of Smiles|THA,Thailand,Thailand,cntry of univ's hqcity,univ-hqcity-cntry
276886,Tunku Abdul Rahman University of Management and Technology,Kuala Lumpur,Malaysia,The city where the headquarters of Tunku Abdul Rahman University of Management and Technology is located is,Kuala Lumpur|KL|Federal Territory of Kuala Lumpur|K.L.,Kuala Lumpur.,Kuala Lumpur,Kuala Lumpur is in the country of,Malaysia|my|Federation of Malaysia|Malaysia Federation|MAS|MYS|🇲🇾,Malaysia,Malaysia,cntry of univ's hqcity,univ-hqcity-cntry
276887,University of Malaya,Kuala Lumpur,Malaysia,The city where the headquarters of University of Malaya is located is,Kuala Lumpur|KL|Federal Territory of Kuala Lumpur|K.L.,Kuala Lumpur.,Kuala Lumpur,Kuala Lumpur is in the country of,Malaysia|my|Federation of Malaysia|Malaysia Federation|MAS|MYS|🇲🇾,Malaysia,Malaysia,cntry of univ's hqcity,univ-hqcity-cntry
276888,National Defence University of Malaysia,Kuala Lumpur,Malaysia,The city where the headquarters of National Defence University of Malaysia is located is,Kuala Lumpur|KL|Federal Territory of Kuala Lumpur|K.L.,Kuala Lumpur.,Kuala Lumpur,Kuala Lumpur is in the country of,Malaysia|my|Federation of Malaysia|Malaysia Federation|MAS|MYS|🇲🇾,Malaysia,Malaysia,cntry of univ's hqcity,univ-hqcity-cntry
276891,National Academy of Arts of Ukraine,Kyiv,Ukraine,The city where the headquarters of National Academy of Arts of Ukraine is located is,Kyiv|Kyjiv|Kyyiv|Kyjiw|Kyiw|Kyïv|Kief|Kieff|Kiew|Kioff|Kiof|Kiowia|Kiovia|Kiow|Kiou|Kyїv|Kiyev|Kiev,Kyiv,Kyiv,Kyiv is in the country of,Ukraine|UA|UKR|Ukrainia|🇺🇦|Ukr.|Ukraina|the Ukraine|Ukraïna|Urkrain,Ukraine,Ukraine,cntry of univ's hqcity,univ-hqcity-cntry
276892,State University of Trade and Economics,Kyiv,Ukraine,The city where the headquarters of State University of Trade and Economics is located is,Kyiv|Kyjiv|Kyyiv|Kyjiw|Kyiw|Kyïv|Kief|Kieff|Kiew|Kioff|Kiof|Kiowia|Kiovia|Kiow|Kiou|Kyїv|Kiyev|Kiev,Kiev.,Kiev,Kyiv is in the country of,Ukraine|UA|UKR|Ukrainia|🇺🇦|Ukr.|Ukraina|the Ukraine|Ukraïna|Urkrain,Ukraine,Ukraine,cntry of univ's hqcity,univ-hqcity-cntry
276893,Open International University of Human Development “Ukraine”,Kyiv,Ukraine,The city where the headquarters of Open International University of Human Development “Ukraine” is located is,Kyiv|Kyjiv|Kyyiv|Kyjiw|Kyiw|Kyïv|Kief|Kieff|Kiew|Kioff|Kiof|Kiowia|Kiovia|Kiow|Kiou|Kyїv|Kiyev|Kiev,Kyiv,Kyiv,Kyiv is in the country of,Ukraine|UA|UKR|Ukrainia|🇺🇦|Ukr.|Ukraina|the Ukraine|Ukraïna|Urkrain,Ukraine,Ukraine,cntry of univ's hqcity,univ-hqcity-cntry
276894,National University of Physical Education and Sport of Ukraine,Kyiv,Ukraine,The city where the headquarters of National University of Physical Education and Sport of Ukraine is located is,Kyiv|Kyjiv|Kyyiv|Kyjiw|Kyiw|Kyïv|Kief|Kieff|Kiew|Kioff|Kiof|Kiowia|Kiovia|Kiow|Kiou|Kyїv|Kiyev|Kiev,Kyiv,Kyiv,Kyiv is in the country of,Ukraine|UA|UKR|Ukrainia|🇺🇦|Ukr.|Ukraina|the Ukraine|Ukraïna|Urkrain,Ukraine,Ukraine,cntry of univ's hqcity,univ-hqcity-cntry
276895,Ukrainian State University of Finance and International Trade,Kyiv,Ukraine,The city where the headquarters of Ukrainian State University of Finance and International Trade is located is,Kyiv|Kyjiv|Kyyiv|Kyjiw|Kyiw|Kyïv|Kief|Kieff|Kiew|Kioff|Kiof|Kiowia|Kiovia|Kiow|Kiou|Kyїv|Kiyev|Kiev,Kyiv,Kyiv,Kyiv is in the country of,Ukraine|UA|UKR|Ukrainia|🇺🇦|Ukr.|Ukraina|the Ukraine|Ukraïna|Urkrain,Ukraine,Ukraine,cntry of univ's hqcity,univ-hqcity-cntry
276897,American University of Armenia,Yerevan,Armenia,The city where the headquarters of American University of Armenia is located is,Yerevan|Erivan|Erevan|The Pink City|Irevan|Iravan,Yerevan,Yerevan,Yerevan is in the country of,Armenia|🇦🇲|Hayastan|Republic of Armenia|ARM|AM|Hayastani Hanrapetut’yun,Armenia,Armenia,cntry of univ's hqcity,univ-hqcity-cntry
276898,National Polytechnic University of Armenia,Yerevan,Armenia,The city where the headquarters of National Polytechnic University of Armenia is located is,Yerevan|Erivan|Erevan|The Pink City|Irevan|Iravan,Yerevan,Yerevan,Yerevan is in the country of,Armenia|🇦🇲|Hayastan|Republic of Armenia|ARM|AM|Hayastani Hanrapetut’yun,Armenia,Armenia,cntry of univ's hqcity,univ-hqcity-cntry
276899,Russian-Armenian University,Yerevan,Armenia,The city where the headquarters of Russian-Armenian University is located is,Yerevan|Erivan|Erevan|The Pink City|Irevan|Iravan,Yerevan,Yerevan,Yerevan is in the country of,Armenia|🇦🇲|Hayastan|Republic of Armenia|ARM|AM|Hayastani Hanrapetut’yun,Armenia.,Armenia,cntry of univ's hqcity,univ-hqcity-cntry
276901,Armenian State Pedagogical University,Yerevan,Armenia,The city where the headquarters of Armenian State Pedagogical University is located is,Yerevan|Erivan|Erevan|The Pink City|Irevan|Iravan,Yerevan,Yerevan,Yerevan is in the country of,Armenia|🇦🇲|Hayastan|Republic of Armenia|ARM|AM|Hayastani Hanrapetut’yun,Armenia.,Armenia,cntry of univ's hqcity,univ-hqcity-cntry
276903,Armenian State University of Economics,Yerevan,Armenia,The city where the headquarters of Armenian State University of Economics is located is,Yerevan|Erivan|Erevan|The Pink City|Irevan|Iravan,Yerevan.,Yerevan,Yerevan is in the country of,Armenia|🇦🇲|Hayastan|Republic of Armenia|ARM|AM|Hayastani Hanrapetut’yun,Armenia,Armenia,cntry of univ's hqcity,univ-hqcity-cntry
276904,Armenian State Institute of Physical Culture and Sport,Yerevan,Armenia,The city where the headquarters of Armenian State Institute of Physical Culture and Sport is located is,Yerevan|Erivan|Erevan|The Pink City|Irevan|Iravan,Yerevan,Yerevan,Yerevan is in the country of,Armenia|🇦🇲|Hayastan|Republic of Armenia|ARM|AM|Hayastani Hanrapetut’yun,Armenia,Armenia,cntry of univ's hqcity,univ-hqcity-cntry
276905,National University of Architecture and Construction of Armenia,Yerevan,Armenia,The city where the headquarters of National University of Architecture and Construction of Armenia is located is,Yerevan|Erivan|Erevan|The Pink City|Irevan|Iravan,Yerevan,Yerevan,Yerevan is in the country of,Armenia|🇦🇲|Hayastan|Republic of Armenia|ARM|AM|Hayastani Hanrapetut’yun,Armenia,Armenia,cntry of univ's hqcity,univ-hqcity-cntry
276906,Sudan University College for Women,Khartoum,Sudan,The city where the headquarters of Sudan University College for Women is located is,Khartoum,Khartoum,Khartoum,Khartoum is in the country of,Sudan|Republic of the Sudan|as-Sūdān|sd|North Sudan|the Sudan|🇸🇩|Republic of Sudan|SUD|Soudan|as-Sudan|al-Sudan,Sudan,Sudan,cntry of univ's hqcity,univ-hqcity-cntry
276908,Memorial University of Newfoundland,St. John's,Canada,The city where the headquarters of Memorial University of Newfoundland is located is,"St. John's|St John's, Newfoundland|St Johns, Newfoundland|St. John's, Newfoundland and Labrador|Saint John's|St. Johns|St Johns|Saint Johns|St. Johns, Newfoundland",St. John's,St. John's,St. John's is in the country of,Canada|CAN|CA,Canada,Canada,cntry of univ's hqcity,univ-hqcity-cntry
276909,University of Alberta,Edmonton,Canada,The city where the headquarters of University of Alberta is located is,"Edmonton|Edmonton, Alberta|Edmonton, AB|City of Edmonton",Edmonton.,Edmonton,Edmonton is in the country of,Canada|CAN|CA,Canada,Canada,cntry of univ's hqcity,univ-hqcity-cntry
276911,Red River College,Winnipeg,Canada,The city where the headquarters of Red River College is located is,"Winnipeg|Winnipeg, Manitoba|City of Winnipeg|Winnipeg, MB",Winnipeg,Winnipeg,Winnipeg is in the country of,Canada|CAN|CA,Canada,Canada,cntry of univ's hqcity,univ-hqcity-cntry
276912,University of Manitoba,Winnipeg,Canada,The city where the headquarters of University of Manitoba is located is,"Winnipeg|Winnipeg, Manitoba|City of Winnipeg|Winnipeg, MB",Winnipeg,Winnipeg,Winnipeg is in the country of,Canada|CAN|CA,Canada,Canada,cntry of univ's hqcity,univ-hqcity-cntry
276913,University of Prince Edward Island,Charlottetown,Canada,The city where the headquarters of University of Prince Edward Island is located is,"Charlottetown|Charlottetown, Prince Edward Island|Charlottetown, PEI",Charlottetown.,Charlottetown,Charlottetown is in the country of,Canada|CAN|CA,Canada,Canada,cntry of univ's hqcity,univ-hqcity-cntry
276917,Laval University,Quebec City,Canada,The city where the headquarters of Laval University is located is,"Quebec City|Quebec|Ville de Québec|Québec|City of Québec|City of Quebec|Ville de Quebec|3rd Summit of the Americas|Quebec, Quebec|Québec, Québec",Quebec City,Quebec City,Quebec City is in the country of,Canada|CAN|CA,Canada,Canada,cntry of univ's hqcity,univ-hqcity-cntry
276921,Belarusian State University of Informatics and Radioelectronics,Minsk,Belarus,The city where the headquarters of Belarusian State University of Informatics and Radioelectronics is located is,Minsk|Мінск|Менск|Минск|Mińsk|Minskas|Mensk|Miensk,Minsk,Minsk,Minsk is in the country of,Belarus|🇧🇾|White Russia|White Ruthenia|Republic of Belarus|by|Byeloruss|BLR|Bielorussia|Belorussia|Byelorussia|Respublika Belarus'|Respublika Bielaruś|Bielaruś,Belarus,Belarus,cntry of univ's hqcity,univ-hqcity-cntry
276922,Maxim Tank Belarusian State Pedagogical University,Minsk,Belarus,The city where the headquarters of Maxim Tank Belarusian State Pedagogical University is located is,Minsk|Мінск|Менск|Минск|Mińsk|Minskas|Mensk|Miensk,Minsk.,Minsk,Minsk is in the country of,Belarus|🇧🇾|White Russia|White Ruthenia|Republic of Belarus|by|Byeloruss|BLR|Bielorussia|Belorussia|Byelorussia|Respublika Belarus'|Respublika Bielaruś|Bielaruś,Belarus,Belarus,cntry of univ's hqcity,univ-hqcity-cntry
276924,Belarusian State Economic University,Minsk,Belarus,The city where the headquarters of Belarusian State Economic University is located is,Minsk|Мінск|Менск|Минск|Mińsk|Minskas|Mensk|Miensk,Minsk,Minsk,Minsk is in the country of,Belarus|🇧🇾|White Russia|White Ruthenia|Republic of Belarus|by|Byeloruss|BLR|Bielorussia|Belorussia|Byelorussia|Respublika Belarus'|Respublika Bielaruś|Bielaruś,Belarus,Belarus,cntry of univ's hqcity,univ-hqcity-cntry
276925,Aston University,Birmingham,United Kingdom,The city where the headquarters of Aston University is located is,"Birmingham|Birmingham, England|Birmingham, West Midlands|Birmingham, UK",Birmingham,Birmingham,Birmingham is in the country of,United Kingdom|🇬🇧|UK|United Kingdom of Great Britain and Northern Ireland|U.K.|GBR|GB|U. K.|U K|G.B.|G. B.|G B|Great Britain|G.B.R.|G B R|Britain|Great Britain and Northern Ireland|The United Kingdom of Great Britain and Northern Ireland|The UK,United Kingdom,United Kingdom,cntry of univ's hqcity,univ-hqcity-cntry
276941,National University of Colombia,Bogotá,Colombia,The city where the headquarters of National University of Colombia is located is,"Bogotá|Santa Fe de Bogotá|Santafé de Bogotá|Bogota|Bogota, Colombia|Bogotá, D.C.",Bogotá,Bogotá,Bogotá is in the country of,Colombia|🇨🇴|República de Colombia|Republic of Colombia|COL|CO|ISO 3166-1:CO|Republica de Colombia|The Republic of Colombia|Colombiá,Colombia,Colombia,cntry of univ's hqcity,univ-hqcity-cntry
276943,Pontifical Catholic University of Peru,Lima,Peru,The city where the headquarters of Pontifical Catholic University of Peru is located is,Lima|City of the Kings,Lima.,Lima,Lima is in the country of,Peru|pe|Republic of Peru|República del Perú|🇵🇪|Republica del Peru|per,Peru,Peru,cntry of univ's hqcity,univ-hqcity-cntry
276945,University of Chile,Santiago,Chile,The city where the headquarters of University of Chile is located is,"Santiago|Santiago de Chile|Santiago, Chile|Greater Santiago",Santiago,Santiago,Santiago is in the country of,Chile|Republic of Chile|CL|República de Chile|CHI|🇨🇱,Chile,Chile,cntry of univ's hqcity,univ-hqcity-cntry
276947,Pontifical Catholic University of Chile,Santiago,Chile,The city where the headquarters of Pontifical Catholic University of Chile is located is,"Santiago|Santiago de Chile|Santiago, Chile|Greater Santiago",Santiago,Santiago,Santiago is in the country of,Chile|Republic of Chile|CL|República de Chile|CHI|🇨🇱,Chile,Chile,cntry of univ's hqcity,univ-hqcity-cntry
276950,Australian National University,Canberra,Australia,The city where the headquarters of Australian National University is located is,"Canberra|Canberra, Australia|Canberra, Australian Capital Territory",Canberra,Canberra,Canberra is in the country of,Australia|Commonwealth of Australia|AU|AUS|🇦🇺|Straya|Aussieland|Oz|Stralia|New Holland|New Hollandia|Nova Hollandia|Down Under,Australia,Australia,cntry of univ's hqcity,univ-hqcity-cntry
276952,RMIT University,Melbourne,Australia,The city where the headquarters of RMIT University is located is,"Melbourne|Melbourne, Victoria|Melbourne, Australia|Greater Melbourne|Melbourne, AUS|Naarm|Melbourne, Victoria, Australia|Melbourne, VIC|Melbourne, VIC, Australia|Narrm",Melbourne,Melbourne,Melbourne is in the country of,Australia|Commonwealth of Australia|AU|AUS|🇦🇺|Straya|Aussieland|Oz|Stralia|New Holland|New Hollandia|Nova Hollandia|Down Under,Australia,Australia,cntry of univ's hqcity,univ-hqcity-cntry
276953,Deakin University,Melbourne,Australia,The city where the headquarters of Deakin University is located is,"Melbourne|Melbourne, Victoria|Melbourne, Australia|Greater Melbourne|Melbourne, AUS|Naarm|Melbourne, Victoria, Australia|Melbourne, VIC|Melbourne, VIC, Australia|Narrm",Melbourne,Melbourne,Melbourne is in the country of,Australia|Commonwealth of Australia|AU|AUS|🇦🇺|Straya|Aussieland|Oz|Stralia|New Holland|New Hollandia|Nova Hollandia|Down Under,Australia,Australia,cntry of univ's hqcity,univ-hqcity-cntry
276954,University of Western Australia,Perth,Australia,The city where the headquarters of University of Western Australia is located is,"Perth|Perth, Western Australia|Perth, Australia|Perth, W.A.|Perth, AUS",Perth,Perth,Perth is in the country of,Australia|Commonwealth of Australia|AU|AUS|🇦🇺|Straya|Aussieland|Oz|Stralia|New Holland|New Hollandia|Nova Hollandia|Down Under,Australia,Australia,cntry of univ's hqcity,univ-hqcity-cntry
276958,University of Molise,Campobasso,Italy,The city where the headquarters of University of Molise is located is,Campobasso,Campobasso.,Campobasso,Campobasso is in the country of,Italy|Italia|Italian Republic|IT|🇮🇹|ITA|Republic of Italy|Repubblica Italiana,Italy,Italy,cntry of univ's hqcity,univ-hqcity-cntry
276959,University of Basilicata,Potenza,Italy,The city where the headquarters of University of Basilicata is located is,Potenza|Potenza (Italy),Potenza.,Potenza,Potenza is in the country of,Italy|Italia|Italian Republic|IT|🇮🇹|ITA|Republic of Italy|Repubblica Italiana,Italy,Italy,cntry of univ's hqcity,univ-hqcity-cntry
276961,Shahid Beheshti University,Tehran,Iran,The city where the headquarters of Shahid Beheshti University is located is,Tehran|Teheran|Ṭihrán,Tehran.,Tehran,Tehran is in the country of,Iran|Islamic Republic of Iran|Persia|ir|Islamic Rep. Iran|🇮🇷|irn,Iran.,Iran,cntry of univ's hqcity,univ-hqcity-cntry
276963,Iran University of Science and Technology,Tehran,Iran,The city where the headquarters of Iran University of Science and Technology is located is,Tehran|Teheran|Ṭihrán,Tehran,Tehran,Tehran is in the country of,Iran|Islamic Republic of Iran|Persia|ir|Islamic Rep. Iran|🇮🇷|irn,Iran,Iran,cntry of univ's hqcity,univ-hqcity-cntry
276964,Amirkabir University of Technology,Tehran,Iran,The city where the headquarters of Amirkabir University of Technology is located is,Tehran|Teheran|Ṭihrán,Tehran,Tehran,Tehran is in the country of,Iran|Islamic Republic of Iran|Persia|ir|Islamic Rep. Iran|🇮🇷|irn,Iran.,Iran,cntry of univ's hqcity,univ-hqcity-cntry
276967,Farhangian University,Tehran,Iran,The city where the headquarters of Farhangian University is located is,Tehran|Teheran|Ṭihrán,Tehran,Tehran,Tehran is in the country of,Iran|Islamic Republic of Iran|Persia|ir|Islamic Rep. Iran|🇮🇷|irn,Iran.,Iran,cntry of univ's hqcity,univ-hqcity-cntry
276968,Ethiopian Catholic University of Saint Thomas Aquinas,Addis Ababa,Ethiopia,The city where the headquarters of Ethiopian Catholic University of Saint Thomas Aquinas is located is,Addis Ababa|Addis Abeba|Addis Abäba|Finfinne,Addis Ababa,Addis Ababa,Addis Ababa is in the country of,Ethiopia|Federal Democratic Republic of Ethiopia|et|🇪🇹|ETH,Ethiopia,Ethiopia,cntry of univ's hqcity,univ-hqcity-cntry
276971,Kuban State University,Krasnodar,Russia,The city where the headquarters of Kuban State University is located is,Krasnodar|Yekaterinodar|Katerynodar,Krasnodar.,Krasnodar,Krasnodar is in the country of,Russia|Rossiya|Rossija|RU|RUS|Rossijskaja Federatsija|Russian Federation|Rossiyskaya Federatsiya|RF|Российская Федерация|Россия|Federation of Russia,Russia,Russia,cntry of univ's hqcity,univ-hqcity-cntry
276972,Kuban State Technological University,Krasnodar,Russia,The city where the headquarters of Kuban State Technological University is located is,Krasnodar|Yekaterinodar|Katerynodar,Krasnodar.,Krasnodar,Krasnodar is in the country of,Russia|Rossiya|Rossija|RU|RUS|Rossijskaja Federatsija|Russian Federation|Rossiyskaya Federatsiya|RF|Российская Федерация|Россия|Federation of Russia,Russia,Russia,cntry of univ's hqcity,univ-hqcity-cntry
276973,Kuban State Medical University,Krasnodar,Russia,The city where the headquarters of Kuban State Medical University is located is,Krasnodar|Yekaterinodar|Katerynodar,Krasnodar.,Krasnodar,Krasnodar is in the country of,Russia|Rossiya|Rossija|RU|RUS|Rossijskaja Federatsija|Russian Federation|Rossiyskaya Federatsiya|RF|Российская Федерация|Россия|Federation of Russia,Russia,Russia,cntry of univ's hqcity,univ-hqcity-cntry
276975,Middle East Technical University,Ankara,Turkey,The city where the headquarters of Middle East Technical University is located is,Ankara|Angora,Ankara.,Ankara,Ankara is in the country of,Turkey|TUR|TR|Republic of Türkiye|Türkiye|Republic of Turkey,Turkey,Turkey,cntry of univ's hqcity,univ-hqcity-cntry
276976,Hacettepe University,Ankara,Turkey,The city where the headquarters of Hacettepe University is located is,Ankara|Angora,Ankara.,Ankara,Ankara is in the country of,Turkey|TUR|TR|Republic of Türkiye|Türkiye|Republic of Turkey,Turkey,Turkey,cntry of univ's hqcity,univ-hqcity-cntry
276977,Imam Muhammad ibn Saud Islamic University,Riyadh,Saudi Arabia,The city where the headquarters of Imam Muhammad ibn Saud Islamic University is located is,Riyadh|Reyadh,Riyadh.,Riyadh,Riyadh is in the country of,Saudi Arabia|🇸🇦|KSA|Kingdom of Saudi Arabia|sa,Saudi Arabia,Saudi Arabia,cntry of univ's hqcity,univ-hqcity-cntry
276980,University of Turkish Aeronautical Association,Ankara,Turkey,The city where the headquarters of University of Turkish Aeronautical Association is located is,Ankara|Angora,Ankara.,Ankara,Ankara is in the country of,Turkey|TUR|TR|Republic of Türkiye|Türkiye|Republic of Turkey,Turkey,Turkey,cntry of univ's hqcity,univ-hqcity-cntry
276998,Protestant University in the Congo,Kinshasa,Democratic Republic of the Congo,The city where the headquarters of Protestant University in the Congo is located is,Kinshasa|Léopoldville|Leopoldstad|Leopoldville,Kinshasa.,Kinshasa,Kinshasa is in the country of,Democratic Republic of the Congo|DRC|DR Congo|Congo-Kinshasa|Zaire|Congo|Democratic Republic of Congo|cd|Dem. Republic of the Congo|Dem. Republic of Congo|Dem. Rep. Congo|🇨🇩|Congo (Kinshasa)|COD|D.R.C.,Democratic Republic of Congo,Congo,cntry of univ's hqcity,univ-hqcity-cntry
277000,Cyprus International University,Nicosia,Cyprus,The city where the headquarters of Cyprus International University is located is,Nicosia|Lefkosia,Nicosia,Nicosia,Nicosia is in the country of,Cyprus|🇨🇾|Greek Cypriot State|Republic of Cyprus|Greek Administration of Southern Cyprus|CY|CYP,Cyprus.,Cyprus,cntry of univ's hqcity,univ-hqcity-cntry
277001,Rwanda Tourism University College,Kigali,Rwanda,The city where the headquarters of Rwanda Tourism University College is located is,Kigali,Kigali,Kigali,Kigali is in the country of,Rwanda|Republic of Rwanda|rw|🇷🇼,Rwanda,Rwanda,cntry of univ's hqcity,univ-hqcity-cntry
277002,Rwanda Christian University,Kigali,Rwanda,The city where the headquarters of Rwanda Christian University is located is,Kigali,Kigali,Kigali,Kigali is in the country of,Rwanda|Republic of Rwanda|rw|🇷🇼,Rwanda,Rwanda,cntry of univ's hqcity,univ-hqcity-cntry
277003,Texas A&M University at Qatar,Doha,Qatar,The city where the headquarters of Texas A&M University at Qatar is located is,Doha,Doha.,Doha,Doha is in the country of,Qatar|qa|State of Qatar|🇶🇦|qat,Qatar,Qatar,cntry of univ's hqcity,univ-hqcity-cntry
277004,Management University of Africa,Nairobi,Kenya,The city where the headquarters of Management University of Africa is located is,Nairobi|Kenya's capital|Kenyan capital|Kenya capital city|Kenya capital,Nairobi,Nairobi,Nairobi is in the country of,Kenya|Republic of Kenya|KE|KEN|🇰🇪,Kenya,Kenya,cntry of univ's hqcity,univ-hqcity-cntry
277007,Technical University of Mozambique,Maputo,Mozambique,The city where the headquarters of Technical University of Mozambique is located is,Maputo|Lourenço Marques|Lourenço Marquez,Maputo.,Maputo,Maputo is in the country of,Mozambique|Moçambique|República de Moçambique|MZ|MOZ|🇲🇿|Republic of Mozambique,Mozambique,Mozambique,cntry of univ's hqcity,univ-hqcity-cntry
277009,Jean Piaget University of Angola,Luanda,Angola,The city where the headquarters of Jean Piaget University of Angola is located is,"Luanda|São Paulo da Assunção de Loanda|Luanda, Angola",Luanda,Luanda,Luanda is in the country of,Angola|🇦🇴|ANG|Republic of Angola|ao|Ngola,Angola,Angola,cntry of univ's hqcity,univ-hqcity-cntry
277011,Lerotholi Polytechnic,Maseru,Lesotho,The city where the headquarters of Lerotholi Polytechnic is located is,Maseru,Maseru.,Maseru,Maseru is in the country of,Lesotho|Kingdom of Lesotho|ls|🇱🇸|LES,Lesotho,Lesotho,cntry of univ's hqcity,univ-hqcity-cntry
277013,University of Zimbabwe,Harare,Zimbabwe,The city where the headquarters of University of Zimbabwe is located is,"Harare|Salisbury, Rhodesia|Salisbury|Fort Salisbury|Salisbury, Zimbabwe",Harare.,Harare,Harare is in the country of,Zimbabwe|Republic of Zimbabwe|Southern Rhodesia|Rhodesia|Zimbabwe Rhodesia|🇿🇼|zw|ZIM,Zimbabwe.,Zimbabwe,cntry of univ's hqcity,univ-hqcity-cntry
277014,Institute of Development Management Botswana,Gaborone,Botswana,The city where the headquarters of Institute of Development Management Botswana is located is,Gaborone|Gabs|Motse-Mshate,Gaborone,Gaborone,Gaborone is in the country of,Botswana|bw|🇧🇼|Republic of Botswana|Lefatshe la Botswana|BOT,Botswana,Botswana,cntry of univ's hqcity,univ-hqcity-cntry
277016,University of Technology Mauritius,Port Louis,Mauritius,The city where the headquarters of University of Technology Mauritius is located is,Port Louis|Port-Louis|Porlwi|Polwi,Port Louis.,Port Louis,Port Louis is in the country of,Mauritius|Republic of Mauritius|Maurice|Moris|MU|🇲🇺|MRI,Mauritius,Mauritius,cntry of univ's hqcity,univ-hqcity-cntry
277022,Universidade Federal do Paraná,Curitiba,Brazil,The city where the headquarters of Universidade Federal do Paraná is located is,Curitiba|Curityba do Parana|Curityba|Coritiba|Corityba,Curitiba.,Curitiba,Curitiba is in the country of,Brazil|Federative Republic of Brazil|BR|BRA|🇧🇷|Brasil,Brazil,Brazil,cntry of univ's hqcity,univ-hqcity-cntry
277026,University of Washington College of Forest Resources,Seattle,United States of America,The city where the headquarters of University of Washington College of Forest Resources is located is,"Seattle|Seattle, Washington|Seattle, WA|Duwamps|New York Alki",Seattle,Seattle,Seattle is in the country of,United States of America|the United States of America|America|U.S.A.|USA|U.S.|US|the US|the USA|US of A|the United States|U. S. A.|U. S.|the States|the U.S.|United States|US of America|the U.S.A.|the US of America|the US of A|the U.S. of A|the U.S. of America|U.S. of America|Merica,United States,United States,cntry of univ's hqcity,univ-hqcity-cntry
277027,University of Washington School of Forest Resources,Seattle,United States of America,The city where the headquarters of University of Washington School of Forest Resources is located is,"Seattle|Seattle, Washington|Seattle, WA|Duwamps|New York Alki",Seattle.,Seattle,Seattle is in the country of,United States of America|the United States of America|America|U.S.A.|USA|U.S.|US|the US|the USA|US of A|the United States|U. S. A.|U. S.|the States|the U.S.|United States|US of America|the U.S.A.|the US of America|the US of A|the U.S. of A|the U.S. of America|U.S. of America|Merica,United States,United States,cntry of univ's hqcity,univ-hqcity-cntry
277028,Johns Hopkins University,Baltimore,United States of America,The city where the headquarters of Johns Hopkins University is located is,"Baltimore|Baltimore, Maryland|City of Baltimore|Baltimore City|Charm City|B more|Bmore|Baltimore, MD|Balt.|BAL|B'more",Baltimore.,Baltimore,Baltimore is in the country of,United States of America|the United States of America|America|U.S.A.|USA|U.S.|US|the US|the USA|US of A|the United States|U. S. A.|U. S.|the States|the U.S.|United States|US of America|the U.S.A.|the US of America|the US of A|the U.S. of A|the U.S. of America|U.S. of America|Merica,United States,United States,cntry of univ's hqcity,univ-hqcity-cntry
277029,Morgan State University,Baltimore,United States of America,The city where the headquarters of Morgan State University is located is,"Baltimore|Baltimore, Maryland|City of Baltimore|Baltimore City|Charm City|B more|Bmore|Baltimore, MD|Balt.|BAL|B'more",Baltimore.,Baltimore,Baltimore is in the country of,United States of America|the United States of America|America|U.S.A.|USA|U.S.|US|the US|the USA|US of A|the United States|U. S. A.|U. S.|the States|the U.S.|United States|US of America|the U.S.A.|the US of America|the US of A|the U.S. of A|the U.S. of America|U.S. of America|Merica,United States,United States,cntry of univ's hqcity,univ-hqcity-cntry
277031,University of South Australia,Adelaide,Australia,The city where the headquarters of University of South Australia is located is,"Adelaide|Adelaide, SA|Adelaide, S. Aust.|Adelaide, South Australia|Adelaide, Australia",Adelaide,Adelaide,Adelaide is in the country of,Australia|Commonwealth of Australia|AU|AUS|🇦🇺|Straya|Aussieland|Oz|Stralia|New Holland|New Hollandia|Nova Hollandia|Down Under,Australia,Australia,cntry of univ's hqcity,univ-hqcity-cntry
277032,Tarlac State University,Tarlac City,Philippines,The city where the headquarters of Tarlac State University is located is,"Tarlac City|City of Tarlac|Tarlac, Tarlac|Tarlac City, Tarlac","Bagumbayan, Tarlac City",Tarlac City,Tarlac City is in the country of,Philippines|PH|🇵🇭|Republic of the Philippines|The Philippines|Philippine Islands|PHL|PHI|RP,Philippines,Philippines,cntry of univ's hqcity,univ-hqcity-cntry
277038,University of Natal,Durban,South Africa,The city where the headquarters of University of Natal is located is,"Durban|Durban, South Africa",Durban.,Durban,Durban is in the country of,South Africa|Republic of South Africa|RSA|SA|za|🇿🇦|zaf|Mzanzi,South Africa,South Africa,cntry of univ's hqcity,univ-hqcity-cntry
277040,Umm Al-Qura University,Mecca,Saudi Arabia,The city where the headquarters of Umm Al-Qura University is located is,Mecca|Makkah al-Mukarramah|Bakkah|The Holy City of Mecca|Umm al-Qurā|Mother of All Settlements|Makkah|Holy City of Mecca|Mecca (Saudi Arabia)|Macoraba,Mecca.,Mecca,Mecca is in the country of,Saudi Arabia|🇸🇦|KSA|Kingdom of Saudi Arabia|sa,Saudi Arabia,Saudi Arabia,cntry of univ's hqcity,univ-hqcity-cntry
277041,American University of Afghanistan,Kabul,Afghanistan,The city where the headquarters of American University of Afghanistan is located is,Kabul|Cabool|Caubul|Kabol|Cabul,Kabul,Kabul,Kabul is in the country of,Afghanistan|🇦🇫|AFG|af,Afghanistan,Afghanistan,cntry of univ's hqcity,univ-hqcity-cntry
277068,Florida International University,Miami,United States of America,The city where the headquarters of Florida International University is located is,"Miami|City of Miami|Miami, Florida|Miami, FL",Miami,Miami,Miami is in the country of,United States of America|the United States of America|America|U.S.A.|USA|U.S.|US|the US|the USA|US of A|the United States|U. S. A.|U. S.|the States|the U.S.|United States|US of America|the U.S.A.|the US of America|the US of A|the U.S. of A|the U.S. of America|U.S. of America|Merica,United States,United States,cntry of univ's hqcity,univ-hqcity-cntry
277069,Mohammad Ali Jinnah University,Karachi,Pakistan,The city where the headquarters of Mohammad Ali Jinnah University is located is,Karachi|Heart of Pakistan|The Lighting City|Kurrachee,Karachi.,Karachi,Karachi is in the country of,Pakistan|Islamic Republic of Pakistan|Republic of Pakistan|🇵🇰|pk|PAK,Pakistan,Pakistan,cntry of univ's hqcity,univ-hqcity-cntry
277070,Federal Urdu University,Karachi,Pakistan,The city where the headquarters of Federal Urdu University is located is,Karachi|Heart of Pakistan|The Lighting City|Kurrachee,Karachi,Karachi,Karachi is in the country of,Pakistan|Islamic Republic of Pakistan|Republic of Pakistan|🇵🇰|pk|PAK,Pakistan,Pakistan,cntry of univ's hqcity,univ-hqcity-cntry
277071,Iqra University,Karachi,Pakistan,The city where the headquarters of Iqra University is located is,Karachi|Heart of Pakistan|The Lighting City|Kurrachee,Karachi.,Karachi,Karachi is in the country of,Pakistan|Islamic Republic of Pakistan|Republic of Pakistan|🇵🇰|pk|PAK,Pakistan,Pakistan,cntry of univ's hqcity,univ-hqcity-cntry
277072,College of Physicians & Surgeons Pakistan,Karachi,Pakistan,The city where the headquarters of College of Physicians & Surgeons Pakistan is located is,Karachi|Heart of Pakistan|The Lighting City|Kurrachee,Karachi,Karachi,Karachi is in the country of,Pakistan|Islamic Republic of Pakistan|Republic of Pakistan|🇵🇰|pk|PAK,Pakistan,Pakistan,cntry of univ's hqcity,univ-hqcity-cntry
277073,Pakistan Navy Engineering College,Karachi,Pakistan,The city where the headquarters of Pakistan Navy Engineering College is located is,Karachi|Heart of Pakistan|The Lighting City|Kurrachee,Karachi,Karachi,Karachi is in the country of,Pakistan|Islamic Republic of Pakistan|Republic of Pakistan|🇵🇰|pk|PAK,Pakistan,Pakistan,cntry of univ's hqcity,univ-hqcity-cntry
277076,Estácio Universities,Rio de Janeiro,Brazil,The city where the headquarters of Estácio Universities is located is,Rio de Janeiro|Rio|Rio de Janeiro city|Río de Janeiro City|City of Río de Janeiro,Rio de Janeiro,Rio de Janeiro,Rio de Janeiro is in the country of,Brazil|Federative Republic of Brazil|BR|BRA|🇧🇷|Brasil,Brazil,Brazil,cntry of univ's hqcity,univ-hqcity-cntry
277077,Korea National Sport University,Seoul,South Korea,The city where the headquarters of Korea National Sport University is located is,Seoul|Seoul City|Sŏul T'ŭkpyŏlsi|Wiryeseong|Namgyeong|Hanseong|Hanyang|Keijō|Keijou|Gyeongseong,Seoul,Seoul,Seoul is in the country of,South Korea|Republic of Korea|ROK|kr|Rep. Korea|S. Korea|Korea Republic|🇰🇷|KOR|Hanguk|Daehan Minguk|Daehanminguk|SK|Korea (South),South Korea,South Korea,cntry of univ's hqcity,univ-hqcity-cntry
277078,Yonsei University,Seoul,South Korea,The city where the headquarters of Yonsei University is located is,Seoul|Seoul City|Sŏul T'ŭkpyŏlsi|Wiryeseong|Namgyeong|Hanseong|Hanyang|Keijō|Keijou|Gyeongseong,Seoul,Seoul,Seoul is in the country of,South Korea|Republic of Korea|ROK|kr|Rep. Korea|S. Korea|Korea Republic|🇰🇷|KOR|Hanguk|Daehan Minguk|Daehanminguk|SK|Korea (South),South Korea,South Korea,cntry of univ's hqcity,univ-hqcity-cntry
277079,Ewha Womans University,Seoul,South Korea,The city where the headquarters of Ewha Womans University is located is,Seoul|Seoul City|Sŏul T'ŭkpyŏlsi|Wiryeseong|Namgyeong|Hanseong|Hanyang|Keijō|Keijou|Gyeongseong,Seoul,Seoul,Seoul is in the country of,South Korea|Republic of Korea|ROK|kr|Rep. Korea|S. Korea|Korea Republic|🇰🇷|KOR|Hanguk|Daehan Minguk|Daehanminguk|SK|Korea (South),South Korea,South Korea,cntry of univ's hqcity,univ-hqcity-cntry
277080,Konkuk University,Seoul,South Korea,The city where the headquarters of Konkuk University is located is,Seoul|Seoul City|Sŏul T'ŭkpyŏlsi|Wiryeseong|Namgyeong|Hanseong|Hanyang|Keijō|Keijou|Gyeongseong,Seoul,Seoul,Seoul is in the country of,South Korea|Republic of Korea|ROK|kr|Rep. Korea|S. Korea|Korea Republic|🇰🇷|KOR|Hanguk|Daehan Minguk|Daehanminguk|SK|Korea (South),South Korea,South Korea,cntry of univ's hqcity,univ-hqcity-cntry
277081,Inje Institute of Adbanced Studies,Seoul,South Korea,The city where the headquarters of Inje Institute of Adbanced Studies is located is,Seoul|Seoul City|Sŏul T'ŭkpyŏlsi|Wiryeseong|Namgyeong|Hanseong|Hanyang|Keijō|Keijou|Gyeongseong,"Seoul, South Korea",Seoul,Seoul is in the country of,South Korea|Republic of Korea|ROK|kr|Rep. Korea|S. Korea|Korea Republic|🇰🇷|KOR|Hanguk|Daehan Minguk|Daehanminguk|SK|Korea (South),South Korea,South Korea,cntry of univ's hqcity,univ-hqcity-cntry
277082,Fudan University,Shanghai,People's Republic of China,The city where the headquarters of Fudan University is located is,"Shanghai|Hu|Shang Hai|Shanghai, China|Shanghae|Zanghae|Shang-hai|Shen|Pearl of the Orient|Xanghae|Shanghai Municipality|Municipality of Shanghai|Shanghai City",Shanghai.,Shanghai,Shanghai is in the country of,People's Republic of China|China|CN|PR China|PRC|CHN|🇨🇳|China PR|Mainland China|RPC,China,China,cntry of univ's hqcity,univ-hqcity-cntry
277084,East China Normal University,Shanghai,People's Republic of China,The city where the headquarters of East China Normal University is located is,"Shanghai|Hu|Shang Hai|Shanghai, China|Shanghae|Zanghae|Shang-hai|Shen|Pearl of the Orient|Xanghae|Shanghai Municipality|Municipality of Shanghai|Shanghai City",Shanghai,Shanghai,Shanghai is in the country of,People's Republic of China|China|CN|PR China|PRC|CHN|🇨🇳|China PR|Mainland China|RPC,China,China,cntry of univ's hqcity,univ-hqcity-cntry
277085,Tongji University,Shanghai,People's Republic of China,The city where the headquarters of Tongji University is located is,"Shanghai|Hu|Shang Hai|Shanghai, China|Shanghae|Zanghae|Shang-hai|Shen|Pearl of the Orient|Xanghae|Shanghai Municipality|Municipality of Shanghai|Shanghai City",Shanghai,Shanghai,Shanghai is in the country of,People's Republic of China|China|CN|PR China|PRC|CHN|🇨🇳|China PR|Mainland China|RPC,China,China,cntry of univ's hqcity,univ-hqcity-cntry
277088,International University of Andalucía,Seville,Spain,The city where the headquarters of International University of Andalucía is located is,"Seville|Sevilla|Seville, Spain|Ishbiliya|Ixbiliya",Seville.,Seville,Seville is in the country of,Spain|Kingdom of Spain|ES|ESP|🇪🇸,Spain,Spain,cntry of univ's hqcity,univ-hqcity-cntry
277089,University of the Balearic Islands,Palma de Mallorca,Spain,The city where the headquarters of University of the Balearic Islands is located is,Palma de Mallorca,Palma de Mallorca.,Palma de Mallorca,Palma de Mallorca is in the country of,Spain|Kingdom of Spain|ES|ESP|🇪🇸,Spain,Spain,cntry of univ's hqcity,univ-hqcity-cntry
277100,Lao University of Health Sciences,Vientiane,Laos,The city where the headquarters of Lao University of Health Sciences is located is,Vientiane|Bientani|Viangchan|Vientane|Wei-t'ien|Vieṅ Čan|Vieṅg-Čăn|Wīangčhan|Viang chan|Vyentyan|Wiangcan|Vienchan|Viengchan|Nakhon Viangchan|Vien Chang|Vieng-Cæn|urban Vientiane,Vientiane,Vientiane,Vientiane is in the country of,Laos|Lao People's Democratic Republic|la|Lao PDR|LAO|🇱🇦,Laos.,Laos,cntry of univ's hqcity,univ-hqcity-cntry
277103,Kyrgyz National University named after Jusup Balasagyn,Bishkek,Kyrgyzstan,The city where the headquarters of Kyrgyz National University named after Jusup Balasagyn is located is,Bishkek|Frunze|Pishpek,Bishkek.,Bishkek,Bishkek is in the country of,Kyrgyzstan|Kyrgyz Republic|kg|Kirgizia|🇰🇬|KGZ,Kyrgyzstan,Kyrgyzstan,cntry of univ's hqcity,univ-hqcity-cntry
277104,Kyrgyz State University named after I Arabaev,Bishkek,Kyrgyzstan,The city where the headquarters of Kyrgyz State University named after I Arabaev is located is,Bishkek|Frunze|Pishpek,Bishkek.,Bishkek,Bishkek is in the country of,Kyrgyzstan|Kyrgyz Republic|kg|Kirgizia|🇰🇬|KGZ,Kyrgyzstan,Kyrgyzstan,cntry of univ's hqcity,univ-hqcity-cntry
277105,Tajik State Institute of Languages,Dushanbe,Tajikistan,The city where the headquarters of Tajik State Institute of Languages is located is,Dushanbe|Dyushambe|Stalinabad,Dushanbe,Dushanbe,Dushanbe is in the country of,Tajikistan|Republic of Tajikistan|tj|🇹🇯|TJK,Tajikistan,Tajikistan,cntry of univ's hqcity,univ-hqcity-cntry
277106,Technical University of Tajikistan,Dushanbe,Tajikistan,The city where the headquarters of Technical University of Tajikistan is located is,Dushanbe|Dyushambe|Stalinabad,Dushanbe,Dushanbe,Dushanbe is in the country of,Tajikistan|Republic of Tajikistan|tj|🇹🇯|TJK,Tajikistan,Tajikistan,cntry of univ's hqcity,univ-hqcity-cntry
277107,Tajikistan National Institute of Art,Dushanbe,Tajikistan,The city where the headquarters of Tajikistan National Institute of Art is located is,Dushanbe|Dyushambe|Stalinabad,Dushanbe,Dushanbe,Dushanbe is in the country of,Tajikistan|Republic of Tajikistan|tj|🇹🇯|TJK,Tajikistan,Tajikistan,cntry of univ's hqcity,univ-hqcity-cntry
277114,University of the Punjab,Lahore,Pakistan,The city where the headquarters of University of the Punjab is located is,Lahore|LHR,Lahore.,Lahore,Lahore is in the country of,Pakistan|Islamic Republic of Pakistan|Republic of Pakistan|🇵🇰|pk|PAK,Pakistan,Pakistan,cntry of univ's hqcity,univ-hqcity-cntry
277121,University of Navarre,Pamplona,Spain,The city where the headquarters of University of Navarre is located is,Pamplona|Iruña|Iruñea|Pampelune|Pampeluna,Pamplona.,Pamplona,Pamplona is in the country of,Spain|Kingdom of Spain|ES|ESP|🇪🇸,Spain,Spain,cntry of univ's hqcity,univ-hqcity-cntry
277124,Nanzan University,Nagoya,Japan,The city where the headquarters of Nanzan University is located is,Nagoya,Nagoya.,Nagoya,Nagoya is in the country of,Japan|State of Japan|Land of the Rising Sun|Nihon|Nippon|JP|Nippon-koku|Nihon-koku|JPN|JAP|JA|🇯🇵|Iapan|Iapon|Land of Rising Sun,Japan,Japan,cntry of univ's hqcity,univ-hqcity-cntry
277126,Wayne State University,Detroit,United States of America,The city where the headquarters of Wayne State University is located is,"Detroit|Motor City|Detroit, Michigan|Detroiit|Detroit, MI|The D|City of Detroit",Detroit,Detroit,Detroit is in the country of,United States of America|the United States of America|America|U.S.A.|USA|U.S.|US|the US|the USA|US of A|the United States|U. S. A.|U. S.|the States|the U.S.|United States|US of America|the U.S.A.|the US of America|the US of A|the U.S. of A|the U.S. of America|U.S. of America|Merica,United States,United States,cntry of univ's hqcity,univ-hqcity-cntry
277128,University of Salento,Lecce,Italy,The city where the headquarters of University of Salento is located is,Lecce,Lecce,Lecce,Lecce is in the country of,Italy|Italia|Italian Republic|IT|🇮🇹|ITA|Republic of Italy|Repubblica Italiana,Italy,Italy,cntry of univ's hqcity,univ-hqcity-cntry
277133,Imperial University of Dorpat,Tartu,Estonia,The city where the headquarters of Imperial University of Dorpat is located is,Tartu|Dorpat|Dörpt|Derpt|Tarbatu|Jurjev|Tartto|Tartus,Tartu.,Tartu,Tartu is in the country of,Estonia|Republic of Estonia|Estland|Eesti|ee|EST|🇪🇪|Eesti Vabariik,Estonia,Estonia,cntry of univ's hqcity,univ-hqcity-cntry
277136,Masaryk University,Brno,Czech Republic,The city where the headquarters of Masaryk University is located is,Brno|Brünn|statutární město Brno,Brno,Brno,Brno is in the country of,Czech Republic|CZR|Česko|Česká republika|ČR|CZE|CZ|Czechia,Czech Republic,Czech Republic,cntry of univ's hqcity,univ-hqcity-cntry
277145,The University of Texas MD Anderson Cancer Center,Houston,United States of America,The city where the headquarters of The University of Texas MD Anderson Cancer Center is located is,"Houston|Houston, Texas|Space City|H-Town|City of Houston|USHOU|Houston, TX|Houston TX",Houston.,Houston,Houston is in the country of,United States of America|the United States of America|America|U.S.A.|USA|U.S.|US|the US|the USA|US of A|the United States|U. S. A.|U. S.|the States|the U.S.|United States|US of America|the U.S.A.|the US of America|the US of A|the U.S. of A|the U.S. of America|U.S. of America|Merica,United States,United States,cntry of univ's hqcity,univ-hqcity-cntry
277148,Southeast University,Nanjing,People's Republic of China,The city where the headquarters of Southeast University is located is,Nanjing|Nankin|Nanking|Nan Jing|Jiangning|Kiangning|Kiang-ning|Nan-king,Nanjing,Nanjing,Nanjing is in the country of,People's Republic of China|China|CN|PR China|PRC|CHN|🇨🇳|China PR|Mainland China|RPC,China,China,cntry of univ's hqcity,univ-hqcity-cntry
277156,Selanik Hukuk Mektebi,Thessaloniki,Greece,The city where the headquarters of Selanik Hukuk Mektebi is located is,Thessaloniki|Thessalonica|Salonica|Saloniki,Thessaloniki,Thessaloniki,Thessaloniki is in the country of,Greece|Hellenic Republic|Hellas|gr|el|🇬🇷|Greek Republic|GRE|Ellada|Greek,Greece,Greece,cntry of univ's hqcity,univ-hqcity-cntry
277160,Carol Davila University of Medicine and Pharmacy,Bucharest,Romania,The city where the headquarters of Carol Davila University of Medicine and Pharmacy is located is,"Bucharest|Little Paris|Paris of the East|București|Bucureşti|Bucuresti|Bucharest, Romania",București,București,Bucharest is in the country of,Romania|Roumania|Rumania|România|ro|🇷🇴,Romania,Romania,cntry of univ's hqcity,univ-hqcity-cntry
277163,University of Arts (Albania),Tirana,Albania,The city where the headquarters of University of Arts (Albania) is located is,Tirana|Tirane|Tiranë,Tirana.,Tirana,Tirana is in the country of,Albania|Republic of Albania|Republika e Shqipërisë|Shqipërisë|🇦🇱|ALB|People's Socialist Republic of Albania|People's Republic of Albania|Republika Popullore Socialiste e Shqiperise|Republika Popullore e Shqiperise|AL,Albania.,Albania,cntry of univ's hqcity,univ-hqcity-cntry
277175,Technical University of Moldova,Chișinău,Moldova,The city where the headquarters of Technical University of Moldova is located is,Chișinău|Chisinau|Kishinev|Chişinău|Keshenev|Kischinew|Kyshyniv|Kiszyniów|Kišinìv|Kişinev|Keshinov|Khisinau|Kishinëv|Kishinef|Kiscinev|Kischiniov|Chisnau,Chisinau.,Chișinău,Chișinău is in the country of,Moldova|Republic of Moldova|Moldavia|Republica Moldova|🇲🇩|MDA|MD,Moldova,Moldova,cntry of univ's hqcity,univ-hqcity-cntry
277174,Moldova State University,Chișinău,Moldova,The city where the headquarters of Moldova State University is located is,Chișinău|Chisinau|Kishinev|Chişinău|Keshenev|Kischinew|Kyshyniv|Kiszyniów|Kišinìv|Kişinev|Keshinov|Khisinau|Kishinëv|Kishinef|Kiscinev|Kischiniov|Chisnau,Chisinau.,Chișinău,Chișinău is in the country of,Moldova|Republic of Moldova|Moldavia|Republica Moldova|🇲🇩|MDA|MD,Moldova,Moldova,cntry of univ's hqcity,univ-hqcity-cntry
277178,University of European Studies of Moldova,Chișinău,Moldova,The city where the headquarters of University of European Studies of Moldova is located is,Chișinău|Chisinau|Kishinev|Chişinău|Keshenev|Kischinew|Kyshyniv|Kiszyniów|Kišinìv|Kişinev|Keshinov|Khisinau|Kishinëv|Kishinef|Kiscinev|Kischiniov|Chisnau,Chisinau.,Chișinău,Chișinău is in the country of,Moldova|Republic of Moldova|Moldavia|Republica Moldova|🇲🇩|MDA|MD,Moldova,Moldova,cntry of univ's hqcity,univ-hqcity-cntry
277179,Vanderbilt University,Nashville,United States of America,The city where the headquarters of Vanderbilt University is located is,"Nashville|Nashville, Tennessee|Nashville–Davidson County|Metropolitan Government of Nashville and Davidson County|Nashville, TN",Nashville,Nashville,Nashville is in the country of,United States of America|the United States of America|America|U.S.A.|USA|U.S.|US|the US|the USA|US of A|the United States|U. S. A.|U. S.|the States|the U.S.|United States|US of America|the U.S.A.|the US of America|the US of A|the U.S. of A|the U.S. of America|U.S. of America|Merica,United States,United States,cntry of univ's hqcity,univ-hqcity-cntry
277181,Western Governors University,Salt Lake City,United States of America,The city where the headquarters of Western Governors University is located is,"Salt Lake City|Salt Lake|SLC|Salt Lake City, Utah|Salt Lake City, UT",Salt Lake City,Salt Lake City,Salt Lake City is in the country of,United States of America|the United States of America|America|U.S.A.|USA|U.S.|US|the US|the USA|US of A|the United States|U. S. A.|U. S.|the States|the U.S.|United States|US of America|the U.S.A.|the US of America|the US of A|the U.S. of A|the U.S. of America|U.S. of America|Merica,United States,United States,cntry of univ's hqcity,univ-hqcity-cntry
277182,Brigham Young University,Provo,United States of America,The city where the headquarters of Brigham Young University is located is,"Provo|Provo, Utah|Provo, UT","Provo, Utah.",Provo,Provo is in the country of,United States of America|the United States of America|America|U.S.A.|USA|U.S.|US|the US|the USA|US of A|the United States|U. S. A.|U. S.|the States|the U.S.|United States|US of America|the U.S.A.|the US of America|the US of A|the U.S. of A|the U.S. of America|U.S. of America|Merica,United States,United States,cntry of univ's hqcity,univ-hqcity-cntry
277183,International Turkmen-Turkish University,Ashgabat,Turkmenistan,The city where the headquarters of International Turkmen-Turkish University is located is,Ashgabat|Poltoratsk|Ashqabad|Aschchabad|Ašgabat|Ashkabat|Ishqabad|'Ishqabad|Asgabat|Askhabad|Ashgabad|Ashabad|`Ishqabad|Ak-Gaudan|Askabad|Ashkhabad|`Ishqábád|Ishqabat|Ashkabad|Aşgabat|Konjikala,Ashgabat.,Ashgabat,Ashgabat is in the country of,Turkmenistan|Turkmenia|tm|TKM|🇹🇲,Turkmenistan,Turkmenistan,cntry of univ's hqcity,univ-hqcity-cntry
277184,Mongolia International University,Ulaanbaatar,Mongolia,The city where the headquarters of Mongolia International University is located is,Ulaanbaatar|Niislel Hüree|East Hüree|Khan of Urga|Hüree|Ulan-Bator|Ulan Bator|Ih Huree|Kulun|Wulan Batuo,Ulaanbaatar,Ulaanbaatar,Ulaanbaatar is in the country of,Mongolia|mn|Mongol uls|MNG|MGL|🇲🇳,Mongolia,Mongolia,cntry of univ's hqcity,univ-hqcity-cntry
277186,Georgia Institute of Technology,Atlanta,United States of America,The city where the headquarters of Georgia Institute of Technology is located is,"Atlanta|Terminus|Atlanta, Georgia|The Big Peach|Hotlanta|The ATL|The A|Atlanta, GA|Marthasville, Georgia|Marthasville",Atlanta.,Atlanta,Atlanta is in the country of,United States of America|the United States of America|America|U.S.A.|USA|U.S.|US|the US|the USA|US of A|the United States|U. S. A.|U. S.|the States|the U.S.|United States|US of America|the U.S.A.|the US of America|the US of A|the U.S. of A|the U.S. of America|U.S. of America|Merica,United States,United States,cntry of univ's hqcity,univ-hqcity-cntry
277187,Georgia State University,Atlanta,United States of America,The city where the headquarters of Georgia State University is located is,"Atlanta|Terminus|Atlanta, Georgia|The Big Peach|Hotlanta|The ATL|The A|Atlanta, GA|Marthasville, Georgia|Marthasville",Atlanta.,Atlanta,Atlanta is in the country of,United States of America|the United States of America|America|U.S.A.|USA|U.S.|US|the US|the USA|US of A|the United States|U. S. A.|U. S.|the States|the U.S.|United States|US of America|the U.S.A.|the US of America|the US of A|the U.S. of A|the U.S. of America|U.S. of America|Merica,United States,United States,cntry of univ's hqcity,univ-hqcity-cntry
277188,University of Montenegro,Podgorica,Montenegro,The city where the headquarters of University of Montenegro is located is,Podgorica|Capital of Montenegro|Burguriçe|Podgoritsa|Titograd|Podgoritza,Podgorica,Podgorica,Podgorica is in the country of,Montenegro|me|🇲🇪|MNE|Crna Gora,Montenegro,Montenegro,cntry of univ's hqcity,univ-hqcity-cntry
277190,Magtymguly Turkmen State University,Ashgabat,Turkmenistan,The city where the headquarters of Magtymguly Turkmen State University is located is,Ashgabat|Poltoratsk|Ashqabad|Aschchabad|Ašgabat|Ashkabat|Ishqabad|'Ishqabad|Asgabat|Askhabad|Ashgabad|Ashabad|`Ishqabad|Ak-Gaudan|Askabad|Ashkhabad|`Ishqábád|Ishqabat|Ashkabad|Aşgabat|Konjikala,Ashgabat.,Ashgabat,Ashgabat is in the country of,Turkmenistan|Turkmenia|tm|TKM|🇹🇲,Turkmenistan,Turkmenistan,cntry of univ's hqcity,univ-hqcity-cntry
277191,University of New Zealand,Wellington,New Zealand,The city where the headquarters of University of New Zealand is located is,"Wellington|Te Whanga-nui-a-Tara|Wellington, New Zealand|Wellington, NZ|Wellington metropolitan area",Wellington,Wellington,Wellington is in the country of,New Zealand|NZ|NZL|Dominion of New Zealand|Aotearoa|🇳🇿|Aotearoa New Zealand|New Zeeland|Zeelandia Nova|Nova Zelandia|Zelandia Nova,New Zealand,New Zealand,cntry of univ's hqcity,univ-hqcity-cntry
277192,State University of New York,Albany,United States of America,The city where the headquarters of State University of New York is located is,"Albany|Albany, New York|Albany, NY",Albany,Albany,Albany is in the country of,United States of America|the United States of America|America|U.S.A.|USA|U.S.|US|the US|the USA|US of A|the United States|U. S. A.|U. S.|the States|the U.S.|United States|US of America|the U.S.A.|the US of America|the US of A|the U.S. of A|the U.S. of America|U.S. of America|Merica,United States,United States,cntry of univ's hqcity,univ-hqcity-cntry
277194,University of British Columbia,Vancouver,Canada,The city where the headquarters of University of British Columbia is located is,"Vancouver|City of Vancouver|Vancouver, BC|Vancouver, British Columbia",Vancouver.,Vancouver,Vancouver is in the country of,Canada|CAN|CA,Canada,Canada,cntry of univ's hqcity,univ-hqcity-cntry
277195,Emily Carr University of Art and Design,Vancouver,Canada,The city where the headquarters of Emily Carr University of Art and Design is located is,"Vancouver|City of Vancouver|Vancouver, BC|Vancouver, British Columbia",Vancouver.,Vancouver,Vancouver is in the country of,Canada|CAN|CA,Canada,Canada,cntry of univ's hqcity,univ-hqcity-cntry
277204,Kyushu University,Fukuoka,Japan,The city where the headquarters of Kyushu University is located is,Fukuoka|Fukuoka City,Fukuoka,Fukuoka,Fukuoka is in the country of,Japan|State of Japan|Land of the Rising Sun|Nihon|Nippon|JP|Nippon-koku|Nihon-koku|JPN|JAP|JA|🇯🇵|Iapan|Iapon|Land of Rising Sun,Japan,Japan,cntry of univ's hqcity,univ-hqcity-cntry
277207,Sichuan Agricultural University,Chengdu,People's Republic of China,The city where the headquarters of Sichuan Agricultural University is located is,Chengdu|Chengtu|Chengdou,Chengdu.,Chengdu,Chengdu is in the country of,People's Republic of China|China|CN|PR China|PRC|CHN|🇨🇳|China PR|Mainland China|RPC,China,China,cntry of univ's hqcity,univ-hqcity-cntry
277216,Jagiellonian University,Kraków,Poland,The city where the headquarters of Jagiellonian University is located is,Kraków|Cracow|Krakow|Royal City of Kraków|Royal Capital City of Kraków|Krakau|Kroke|Cracovie|Cracovia|Krakov|Krakiv|Krakkó|Krakova|Krako|Krakoy|Krakuv,Krakow,Kraków,Kraków is in the country of,Poland|POL|Republic of Poland|PL|Polska|🇵🇱,Poland,Poland,cntry of univ's hqcity,univ-hqcity-cntry
277217,Louisiana State University,Baton Rouge,United States of America,The city where the headquarters of Louisiana State University is located is,"Baton Rouge|Baton Rouge, Louisiana|Baton Rouge, LA|Baton Rouge, La.|Baton-Rouge",Baton Rouge.,Baton Rouge,Baton Rouge is in the country of,United States of America|the United States of America|America|U.S.A.|USA|U.S.|US|the US|the USA|US of A|the United States|U. S. A.|U. S.|the States|the U.S.|United States|US of America|the U.S.A.|the US of America|the US of A|the U.S. of A|the U.S. of America|U.S. of America|Merica,United States,United States,cntry of univ's hqcity,univ-hqcity-cntry
277219,Krakow University of Economics,Kraków,Poland,The city where the headquarters of Krakow University of Economics is located is,Kraków|Cracow|Krakow|Royal City of Kraków|Royal Capital City of Kraków|Krakau|Kroke|Cracovie|Cracovia|Krakov|Krakiv|Krakkó|Krakova|Krako|Krakoy|Krakuv,Kraków,Kraków,Kraków is in the country of,Poland|POL|Republic of Poland|PL|Polska|🇵🇱,Poland,Poland,cntry of univ's hqcity,univ-hqcity-cntry
277221,Lakehead University,Thunder Bay,Canada,The city where the headquarters of Lakehead University is located is,"Thunder Bay|Port Arthur|Thunder Bay, Ontario|Thunder Bay, ON",Thunder Bay,Thunder Bay,Thunder Bay is in the country of,Canada|CAN|CA,Canada,Canada,cntry of univ's hqcity,univ-hqcity-cntry
277222,Université de Technologie d'Haïti,Port-au-Prince,Haiti,The city where the headquarters of Université de Technologie d'Haïti is located is,Port-au-Prince|Port au Prince,Port-au-Prince,Port-au-Prince,Port-au-Prince is in the country of,Haiti|Republic of Haiti|ht|Hayti|République d'Haïti|Haitian Republic|Ayiti|🇭🇹|HAI,Haiti,Haiti,cntry of univ's hqcity,univ-hqcity-cntry
277223,College of Philosophy and Theology of the Polish Dominican Province,Kraków,Poland,The city where the headquarters of College of Philosophy and Theology of the Polish Dominican Province is located is,Kraków|Cracow|Krakow|Royal City of Kraków|Royal Capital City of Kraków|Krakau|Kroke|Cracovie|Cracovia|Krakov|Krakiv|Krakkó|Krakova|Krako|Krakoy|Krakuv,Kraków,Kraków,Kraków is in the country of,Poland|POL|Republic of Poland|PL|Polska|🇵🇱,Poland,Poland,cntry of univ's hqcity,univ-hqcity-cntry
277224,Tulane University,New Orleans,United States of America,The city where the headquarters of Tulane University is located is,"New Orleans|NOLA|New Orleans, Louisiana|New Orleans, LA|The Big Easy|Crescent City",New Orleans,New Orleans,New Orleans is in the country of,United States of America|the United States of America|America|U.S.A.|USA|U.S.|US|the US|the USA|US of A|the United States|U. S. A.|U. S.|the States|the U.S.|United States|US of America|the U.S.A.|the US of America|the US of A|the U.S. of A|the U.S. of America|U.S. of America|Merica,United States,United States,cntry of univ's hqcity,univ-hqcity-cntry
277227,Ritsumeikan University,Kyoto,Japan,The city where the headquarters of Ritsumeikan University is located is,Kyoto|Kyōto|Kyoto City|Meaco|Meacum,Kyoto,Kyoto,Kyoto is in the country of,Japan|State of Japan|Land of the Rising Sun|Nihon|Nippon|JP|Nippon-koku|Nihon-koku|JPN|JAP|JA|🇯🇵|Iapan|Iapon|Land of Rising Sun,Japan,Japan,cntry of univ's hqcity,univ-hqcity-cntry
277228,University of Haiti,Port-au-Prince,Haiti,The city where the headquarters of University of Haiti is located is,Port-au-Prince|Port au Prince,Port-au-Prince.,Port-au-Prince,Port-au-Prince is in the country of,Haiti|Republic of Haiti|ht|Hayti|République d'Haïti|Haitian Republic|Ayiti|🇭🇹|HAI,Haiti,Haiti,cntry of univ's hqcity,univ-hqcity-cntry
277229,University of the Witwatersrand,Johannesburg,South Africa,The city where the headquarters of University of the Witwatersrand is located is,"Johannesburg|Jo'burg|eGoli|Jozi|Johannesburg, Gauteng|Johannesburg, South Africa|Johannesburg, Gauteng, South Africa|ZAJNB|joburg",Johannesburg,Johannesburg,Johannesburg is in the country of,South Africa|Republic of South Africa|RSA|SA|za|🇿🇦|zaf|Mzanzi,South Africa,South Africa,cntry of univ's hqcity,univ-hqcity-cntry
277233,Technikon Witwatersrand,Johannesburg,South Africa,The city where the headquarters of Technikon Witwatersrand is located is,"Johannesburg|Jo'burg|eGoli|Jozi|Johannesburg, Gauteng|Johannesburg, South Africa|Johannesburg, Gauteng, South Africa|ZAJNB|joburg",Johannesburg,Johannesburg,Johannesburg is in the country of,South Africa|Republic of South Africa|RSA|SA|za|🇿🇦|zaf|Mzanzi,South Africa,South Africa,cntry of univ's hqcity,univ-hqcity-cntry
277235,University of Minnesota,Minneapolis,United States of America,The city where the headquarters of University of Minnesota is located is,"Minneapolis|Minneapolis, Minnesota|Minneapolis, MN",Minneapolis.,Minneapolis,Minneapolis is in the country of,United States of America|the United States of America|America|U.S.A.|USA|U.S.|US|the US|the USA|US of A|the United States|U. S. A.|U. S.|the States|the U.S.|United States|US of America|the U.S.A.|the US of America|the US of A|the U.S. of A|the U.S. of America|U.S. of America|Merica,United States,United States,cntry of univ's hqcity,univ-hqcity-cntry
277236,Capella University,Minneapolis,United States of America,The city where the headquarters of Capella University is located is,"Minneapolis|Minneapolis, Minnesota|Minneapolis, MN",Minneapolis,Minneapolis,Minneapolis is in the country of,United States of America|the United States of America|America|U.S.A.|USA|U.S.|US|the US|the USA|US of A|the United States|U. S. A.|U. S.|the States|the U.S.|United States|US of America|the U.S.A.|the US of America|the US of A|the U.S. of A|the U.S. of America|U.S. of America|Merica,United States,United States,cntry of univ's hqcity,univ-hqcity-cntry
277254,Federal University of Bahia,Salvador,Brazil,The city where the headquarters of Federal University of Bahia is located is,Salvador|São Salvador da Bahia de Todos os Santos|Bahia,Salvador.,Salvador,Salvador is in the country of,Brazil|Federative Republic of Brazil|BR|BRA|🇧🇷|Brasil,Brazil,Brazil,cntry of univ's hqcity,univ-hqcity-cntry
277258,Case Western Reserve University,Cleveland,United States of America,The city where the headquarters of Case Western Reserve University is located is,"Cleveland|Cleveland, Ohio|Cleveland, OH",Cleveland,Cleveland,Cleveland is in the country of,United States of America|the United States of America|America|U.S.A.|USA|U.S.|US|the US|the USA|US of A|the United States|U. S. A.|U. S.|the States|the U.S.|United States|US of America|the U.S.A.|the US of America|the US of A|the U.S. of A|the U.S. of America|U.S. of America|Merica,United States,United States,cntry of univ's hqcity,univ-hqcity-cntry
277260,Webster University,St. Louis,United States of America,The city where the headquarters of Webster University is located is,"St. Louis|St. Louis, Missouri|City of St. Louis|St. Louis City|Saint Louis|St Louis|St. Louis, MO|Saint Louis, MO","St. Louis, Missouri",St. Louis,St. Louis is in the country of,United States of America|the United States of America|America|U.S.A.|USA|U.S.|US|the US|the USA|US of A|the United States|U. S. A.|U. S.|the States|the U.S.|United States|US of America|the U.S.A.|the US of America|the US of A|the U.S. of A|the U.S. of America|U.S. of America|Merica,United States,United States,cntry of univ's hqcity,univ-hqcity-cntry
277262,Hokkaido University of Education,Sapporo,Japan,The city where the headquarters of Hokkaido University of Education is located is,Sapporo,Sapporo,Sapporo,Sapporo is in the country of,Japan|State of Japan|Land of the Rising Sun|Nihon|Nippon|JP|Nippon-koku|Nihon-koku|JPN|JAP|JA|🇯🇵|Iapan|Iapon|Land of Rising Sun,Japan,Japan,cntry of univ's hqcity,univ-hqcity-cntry
277263,Åbo Akademi University,Turku,Finland,The city where the headquarters of Åbo Akademi University is located is,Turku|Åbo|Aboa|Abo,Turku,Turku,Turku is in the country of,Finland|Republic of Finland|Finnia|Land of Thousand Lakes|fi|Suomi|Suomen tasavalta|Republiken Finland|🇫🇮|FIN,Finland,Finland,cntry of univ's hqcity,univ-hqcity-cntry
277264,Hokkaido Institute of Technology,Sapporo,Japan,The city where the headquarters of Hokkaido Institute of Technology is located is,Sapporo,Sapporo.,Sapporo,Sapporo is in the country of,Japan|State of Japan|Land of the Rising Sun|Nihon|Nippon|JP|Nippon-koku|Nihon-koku|JPN|JAP|JA|🇯🇵|Iapan|Iapon|Land of Rising Sun,Japan,Japan,cntry of univ's hqcity,univ-hqcity-cntry
277267,Kanto Gakuin University,Yokohama,Japan,The city where the headquarters of Kanto Gakuin University is located is,Yokohama,Yokohama,Yokohama,Yokohama is in the country of,Japan|State of Japan|Land of the Rising Sun|Nihon|Nippon|JP|Nippon-koku|Nihon-koku|JPN|JAP|JA|🇯🇵|Iapan|Iapon|Land of Rising Sun,Japan,Japan,cntry of univ's hqcity,univ-hqcity-cntry
277269,Universidade Federal do Amazonas,Manaus,Brazil,The city where the headquarters of Universidade Federal do Amazonas is located is,Manaus|Mother of Gods|Paris of the Tropics,Manaus.,Manaus,Manaus is in the country of,Brazil|Federative Republic of Brazil|BR|BRA|🇧🇷|Brasil,Brazil,Brazil,cntry of univ's hqcity,univ-hqcity-cntry
277272,Canisius College,Buffalo,United States of America,The city where the headquarters of Canisius College is located is,"Buffalo|The Queen City|The Nickel City|The City of No Illusions|The City of Good Neighbors|City of Light|Queen City of the Lakes|Buffalo, New York|Buffalo, NY",Buffalo,Buffalo,Buffalo is in the country of,United States of America|the United States of America|America|U.S.A.|USA|U.S.|US|the US|the USA|US of A|the United States|U. S. A.|U. S.|the States|the U.S.|United States|US of America|the U.S.A.|the US of America|the US of A|the U.S. of A|the U.S. of America|U.S. of America|Merica,United States,United States,cntry of univ's hqcity,univ-hqcity-cntry
277281,School of Plastic Arts of Puerto Rico,San Juan,Puerto Rico,The city where the headquarters of School of Plastic Arts of Puerto Rico is located is,"San Juan|San Juan, Puerto Rico|San Juan Bautista|San Juan Municipio|San Juan de Puerto Rico",San Juan,San Juan,San Juan is in the country of,Puerto Rico|Free Associated State of Puerto Rico|🇵🇷|PR|Porto Rico|Territory of Puerto Rico|Commonwealth of Puerto Rico|Island of Enchantment|Borikén|Borinquen|Boriquén|PUR,Puerto Rico,Puerto Rico,cntry of univ's hqcity,univ-hqcity-cntry
277283,Shahid Ashrafi Esfahani University,Isfahan,Iran,The city where the headquarters of Shahid Ashrafi Esfahani University is located is,Isfahan|Esfahān|Esfahan|Isfahān|Ispahan|Ispahān|Spahān|Sepahan|Aspadāna|Hispahan|Spahan|Culture City Of Iran|IFN|Ispahân,Isfahan.,Isfahan,Isfahan is in the country of,Iran|Islamic Republic of Iran|Persia|ir|Islamic Rep. Iran|🇮🇷|irn,Iran.,Iran,cntry of univ's hqcity,univ-hqcity-cntry
277290,Heilongjiang University,Harbin,People's Republic of China,The city where the headquarters of Heilongjiang University is located is,Harbin|Haerbin|Har-bin,Harbin.,Harbin,Harbin is in the country of,People's Republic of China|China|CN|PR China|PRC|CHN|🇨🇳|China PR|Mainland China|RPC,China,China,cntry of univ's hqcity,univ-hqcity-cntry
277291,Federal University of Minas Gerais,Belo Horizonte,Brazil,The city where the headquarters of Federal University of Minas Gerais is located is,Belo Horizonte|White Horizon,Belo Horizonte,Belo Horizonte,Belo Horizonte is in the country of,Brazil|Federative Republic of Brazil|BR|BRA|🇧🇷|Brasil,Brazil,Brazil,cntry of univ's hqcity,univ-hqcity-cntry
277292,Pontifícia Universidade Católica de Minas Gerais,Belo Horizonte,Brazil,The city where the headquarters of Pontifícia Universidade Católica de Minas Gerais is located is,Belo Horizonte|White Horizon,Belo Horizonte,Belo Horizonte,Belo Horizonte is in the country of,Brazil|Federative Republic of Brazil|BR|BRA|🇧🇷|Brasil,Brazil,Brazil,cntry of univ's hqcity,univ-hqcity-cntry
277294,Universidade Federal do Ceará,Fortaleza,Brazil,The city where the headquarters of Universidade Federal do Ceará is located is,Fortaleza,Fortaleza.,Fortaleza,Fortaleza is in the country of,Brazil|Federative Republic of Brazil|BR|BRA|🇧🇷|Brasil,Brazil,Brazil,cntry of univ's hqcity,univ-hqcity-cntry
277295,Universidade Estadual do Ceará,Fortaleza,Brazil,The city where the headquarters of Universidade Estadual do Ceará is located is,Fortaleza,Fortaleza.,Fortaleza,Fortaleza is in the country of,Brazil|Federative Republic of Brazil|BR|BRA|🇧🇷|Brasil,Brazil,Brazil,cntry of univ's hqcity,univ-hqcity-cntry
277309,Tohoku University,Sendai,Japan,The city where the headquarters of Tohoku University is located is,Sendai,Sendai,Sendai,Sendai is in the country of,Japan|State of Japan|Land of the Rising Sun|Nihon|Nippon|JP|Nippon-koku|Nihon-koku|JPN|JAP|JA|🇯🇵|Iapan|Iapon|Land of Rising Sun,Japan,Japan,cntry of univ's hqcity,univ-hqcity-cntry
277305,National Technological University – Tucumán Regional Faculty,San Miguel de Tucumán,Argentina,The city where the headquarters of National Technological University – Tucumán Regional Faculty is located is,San Miguel de Tucumán|San Miguel de Tucuman|Tucumán|Tucuman,I couldn't find the information you're looking for regarding the location of the headquarters of National Technological University – Tucumán Regional Faculty.,Tucumán,San Miguel de Tucumán is in the country of,Argentina|🇦🇷|ARG|Arjentina|AR|Argentine Republic|Republic of Argentina,Argentina,Argentina,cntry of univ's hqcity,univ-hqcity-cntry
277319,Konan University,Kobe,Japan,The city where the headquarters of Konan University is located is,Kobe|Kōbe,Kobe,Kobe,Kobe is in the country of,Japan|State of Japan|Land of the Rising Sun|Nihon|Nippon|JP|Nippon-koku|Nihon-koku|JPN|JAP|JA|🇯🇵|Iapan|Iapon|Land of Rising Sun,Japan,Japan,cntry of univ's hqcity,univ-hqcity-cntry
277320,Hyogo University of Health Sciences,Kobe,Japan,The city where the headquarters of Hyogo University of Health Sciences is located is,Kobe|Kōbe,Kobe,Kobe,Kobe is in the country of,Japan|State of Japan|Land of the Rising Sun|Nihon|Nippon|JP|Nippon-koku|Nihon-koku|JPN|JAP|JA|🇯🇵|Iapan|Iapon|Land of Rising Sun,Japan,Japan,cntry of univ's hqcity,univ-hqcity-cntry
277333,Brandeis University,Waltham,United States of America,The city where the headquarters of Brandeis University is located is,"Waltham|Waltham, Massachusetts|Waltham, MA","Waltham, Massachusetts.",Waltham,Waltham is in the country of,United States of America|the United States of America|America|U.S.A.|USA|U.S.|US|the US|the USA|US of A|the United States|U. S. A.|U. S.|the States|the U.S.|United States|US of America|the U.S.A.|the US of America|the US of A|the U.S. of A|the U.S. of America|U.S. of America|Merica,United States,United States,cntry of univ's hqcity,univ-hqcity-cntry
277337,Yale Divinity School,New Haven,United States of America,The city where the headquarters of Yale Divinity School is located is,"New Haven|New Haven, Connecticut|City of New Haven|New Haven, CT",New Haven,New Haven,New Haven is in the country of,United States of America|the United States of America|America|U.S.A.|USA|U.S.|US|the US|the USA|US of A|the United States|U. S. A.|U. S.|the States|the U.S.|United States|US of America|the U.S.A.|the US of America|the US of A|the U.S. of A|the U.S. of America|U.S. of America|Merica,United States,United States,cntry of univ's hqcity,univ-hqcity-cntry
277338,Yale University,New Haven,United States of America,The city where the headquarters of Yale University is located is,"New Haven|New Haven, Connecticut|City of New Haven|New Haven, CT",New Haven,New Haven,New Haven is in the country of,United States of America|the United States of America|America|U.S.A.|USA|U.S.|US|the US|the USA|US of A|the United States|U. S. A.|U. S.|the States|the U.S.|United States|US of America|the U.S.A.|the US of America|the US of A|the U.S. of A|the U.S. of America|U.S. of America|Merica,United States,United States,cntry of univ's hqcity,univ-hqcity-cntry
277339,University of North Carolina School of the Arts,Winston-Salem,United States of America,The city where the headquarters of University of North Carolina School of the Arts is located is,"Winston-Salem|Winston-Salem, North Carolina|Winston|Winston-Salem, NC",Winston-Salem.,Winston-Salem,Winston-Salem is in the country of,United States of America|the United States of America|America|U.S.A.|USA|U.S.|US|the US|the USA|US of A|the United States|U. S. A.|U. S.|the States|the U.S.|United States|US of America|the U.S.A.|the US of America|the US of A|the U.S. of A|the U.S. of America|U.S. of America|Merica,United States,United States,cntry of univ's hqcity,univ-hqcity-cntry
277342,North Carolina Agricultural and Technical State University,Greensboro,United States of America,The city where the headquarters of North Carolina Agricultural and Technical State University is located is,"Greensboro|Greensboro, North Carolina|Greensboro, NC|Greensborough|Greensborough, North Carolina",Greensboro.,Greensboro,Greensboro is in the country of,United States of America|the United States of America|America|U.S.A.|USA|U.S.|US|the US|the USA|US of A|the United States|U. S. A.|U. S.|the States|the U.S.|United States|US of America|the U.S.A.|the US of America|the US of A|the U.S. of A|the U.S. of America|U.S. of America|Merica,United States,United States,cntry of univ's hqcity,univ-hqcity-cntry
277352,University of South Florida,Tampa,United States of America,The city where the headquarters of University of South Florida is located is,"Tampa|Tampa, Florida|Tampa, FL",Tampa,Tampa,Tampa is in the country of,United States of America|the United States of America|America|U.S.A.|USA|U.S.|US|the US|the USA|US of A|the United States|U. S. A.|U. S.|the States|the U.S.|United States|US of America|the U.S.A.|the US of America|the US of A|the U.S. of A|the U.S. of America|U.S. of America|Merica,United States,United States,cntry of univ's hqcity,univ-hqcity-cntry
277360,Hebei Normal University,Shijiazhuang,People's Republic of China,The city where the headquarters of Hebei Normal University is located is,Shijiazhuang,Shijiazhuang,Shijiazhuang,Shijiazhuang is in the country of,People's Republic of China|China|CN|PR China|PRC|CHN|🇨🇳|China PR|Mainland China|RPC,China,China,cntry of univ's hqcity,univ-hqcity-cntry
277361,Hebei University of Economics and Business,Shijiazhuang,People's Republic of China,The city where the headquarters of Hebei University of Economics and Business is located is,Shijiazhuang,Shijiazhuang,Shijiazhuang,Shijiazhuang is in the country of,People's Republic of China|China|CN|PR China|PRC|CHN|🇨🇳|China PR|Mainland China|RPC,China,China,cntry of univ's hqcity,univ-hqcity-cntry
277370,Oakwood University,Huntsville,United States of America,The city where the headquarters of Oakwood University is located is,"Huntsville|Huntsville, Alabama|Huntsville, AL","Huntsville, Alabama",Huntsville,Huntsville is in the country of,United States of America|the United States of America|America|U.S.A.|USA|U.S.|US|the US|the USA|US of A|the United States|U. S. A.|U. S.|the States|the U.S.|United States|US of America|the U.S.A.|the US of America|the US of A|the U.S. of A|the U.S. of America|U.S. of America|Merica,United States,United States,cntry of univ's hqcity,univ-hqcity-cntry
277375,Banaras Hindu University,Varanasi,India,The city where the headquarters of Banaras Hindu University is located is,Varanasi|Benares|Banaras|Kashi|Benaras,Varanasi,Varanasi,Varanasi is in the country of,India|Republic of India|Bharat|Bharatvarsh|Hindustan|IN|IND|🇮🇳|Bharata|Hindoostan|Indostan|Bharat Ganarajya,India,India,cntry of univ's hqcity,univ-hqcity-cntry
277381,University of Alabama,Tuscaloosa,United States of America,The city where the headquarters of University of Alabama is located is,"Tuscaloosa|Tuscaloosa, Alabama|Tuscaloosa, AL",Tuscaloosa,Tuscaloosa,Tuscaloosa is in the country of,United States of America|the United States of America|America|U.S.A.|USA|U.S.|US|the US|the USA|US of A|the United States|U. S. A.|U. S.|the States|the U.S.|United States|US of America|the U.S.A.|the US of America|the US of A|the U.S. of A|the U.S. of America|U.S. of America|Merica,United States,United States,cntry of univ's hqcity,univ-hqcity-cntry
277386,University of al-Qarawiyyin,Fez,Morocco,The city where the headquarters of University of al-Qarawiyyin is located is,"Fez|Fez, Morocco|Fes, Morocco|Fes",Fez,Fez,Fez is in the country of,Morocco|Kingdom of Morocco|Marocco|al-Maġrib|Lmaġrib|Maroc|ma|🇲🇦|MAR,Morocco,Morocco,cntry of univ's hqcity,univ-hqcity-cntry
277390,Jilin University,Changchun,People's Republic of China,The city where the headquarters of Jilin University is located is,Changchun|Hsinking,Changchun.,Changchun,Changchun is in the country of,People's Republic of China|China|CN|PR China|PRC|CHN|🇨🇳|China PR|Mainland China|RPC,China,China,cntry of univ's hqcity,univ-hqcity-cntry
277409,University of Virginia,Charlottesville,United States of America,The city where the headquarters of University of Virginia is located is,"Charlottesville|Charlottesville, Virginia|Charlottesville, VA|Cville",Charlottesville.,Charlottesville,Charlottesville is in the country of,United States of America|the United States of America|America|U.S.A.|USA|U.S.|US|the US|the USA|US of A|the United States|U. S. A.|U. S.|the States|the U.S.|United States|US of America|the U.S.A.|the US of America|the US of A|the U.S. of A|the U.S. of America|U.S. of America|Merica,United States,United States,cntry of univ's hqcity,univ-hqcity-cntry
277410,Nelson Mandela University,Port Elizabeth,South Africa,The city where the headquarters of Nelson Mandela University is located is,Port Elizabeth|PE|Gqeberha|iBhayi,Port Elizabeth.,Port Elizabeth,Port Elizabeth is in the country of,South Africa|Republic of South Africa|RSA|SA|za|🇿🇦|zaf|Mzanzi,South Africa,South Africa,cntry of univ's hqcity,univ-hqcity-cntry
277417,Brock University,St. Catharines,Canada,The city where the headquarters of Brock University is located is,St. Catharines|St Kitts|Saint Catharines|St Catharines|St. Kitts,St. Catharines.,St. Catharines,St. Catharines is in the country of,Canada|CAN|CA,Canada,Canada,cntry of univ's hqcity,univ-hqcity-cntry
277421,University of Otago,Dunedin,New Zealand,The city where the headquarters of University of Otago is located is,"Dunedin|Dunedin, NZ|Dunedin, New Zealand|Dunedin City",Dunedin.,Dunedin,Dunedin is in the country of,New Zealand|NZ|NZL|Dominion of New Zealand|Aotearoa|🇳🇿|Aotearoa New Zealand|New Zeeland|Zeelandia Nova|Nova Zelandia|Zelandia Nova,New Zealand,New Zealand,cntry of univ's hqcity,univ-hqcity-cntry
277434,Evangel University,Springfield,United States of America,The city where the headquarters of Evangel University is located is,"Springfield|Springfield, Missouri|Springfield, MO","Springfield, Missouri",Springfield,Springfield is in the country of,United States of America|the United States of America|America|U.S.A.|USA|U.S.|US|the US|the USA|US of A|the United States|U. S. A.|U. S.|the States|the U.S.|United States|US of America|the U.S.A.|the US of America|the US of A|the U.S. of A|the U.S. of America|U.S. of America|Merica,United States,United States,cntry of univ's hqcity,univ-hqcity-cntry
277437,Alexander Dubcek University in Trencin,Trenčín,Slovakia,The city where the headquarters of Alexander Dubcek University in Trencin is located is,Trenčín|Trencin,Trencin,Trenčín,Trenčín is in the country of,Slovakia|Slovak Republic|sk|🇸🇰|SVK|Slovakia (Slovak Republic),Slovakia,Slovakia,cntry of univ's hqcity,univ-hqcity-cntry
277441,Universiti Malaysia Sabah,Kota Kinabalu,Malaysia,The city where the headquarters of Universiti Malaysia Sabah is located is,Kota Kinabalu|Nature Resort City|Jesselton,Kota Kinabalu,Kota Kinabalu,Kota Kinabalu is in the country of,Malaysia|my|Federation of Malaysia|Malaysia Federation|MAS|MYS|🇲🇾,Malaysia,Malaysia,cntry of univ's hqcity,univ-hqcity-cntry
277445,Kun Shan University,Tainan,Taiwan,The city where the headquarters of Kun Shan University is located is,Tainan|Tainan City|Tai-wan|Fucheng|Hú-siânn|Tâi-lâm|Thòi-nàm,Tainan.,Tainan,Tainan is in the country of,"Taiwan|Republic of China|Chunghwa Minkwo|Chunghwa Minkuo|Formosa|Nationalist China|Free China|Free area of the Republic of China|Republic of China (Taiwan)|Chinese Taipei|🇹🇼|TW|ROC|Taiwan ROC|China, Republic|TWN|TPE|Nanasian|Taywan|Taivang|Ilaod|Taivangʉ",Taiwan.,Taiwan,cntry of univ's hqcity,univ-hqcity-cntry
277466,Eszterházy Károly Catholic University,Eger,Hungary,The city where the headquarters of Eszterházy Károly Catholic University is located is,Eger|Jager|Erlau,Eszterházy Károly Catholic University's headquarters are located in Eger.,Eger,Eger is in the country of,Hungary|hu|🇭🇺|HUN,Hungary,Hungary,cntry of univ's hqcity,univ-hqcity-cntry
277473,KIIT,Bhubaneswar,India,The city where the headquarters of KIIT is located is,"Bhubaneswar|Bhubaneshwar|Bhubaneswar, Odisha|Bhubaneswar, Odisha, India|Bhubaneshwar, Odisha, India|Bhubaneshwar, Odisha|BBSR",Bhubaneswar,Bhubaneswar,Bhubaneswar is in the country of,India|Republic of India|Bharat|Bharatvarsh|Hindustan|IN|IND|🇮🇳|Bharata|Hindoostan|Indostan|Bharat Ganarajya,India,India,cntry of univ's hqcity,univ-hqcity-cntry
277480,Jiangxi University of Traditional Chinese Medicine,Nanchang,People's Republic of China,The city where the headquarters of Jiangxi University of Traditional Chinese Medicine is located is,Nanchang,Nanchang.,Nanchang,Nanchang is in the country of,People's Republic of China|China|CN|PR China|PRC|CHN|🇨🇳|China PR|Mainland China|RPC,China.,China,cntry of univ's hqcity,univ-hqcity-cntry
277481,Jiangxi Agricultural University,Nanchang,People's Republic of China,The city where the headquarters of Jiangxi Agricultural University is located is,Nanchang,Nanchang.,Nanchang,Nanchang is in the country of,People's Republic of China|China|CN|PR China|PRC|CHN|🇨🇳|China PR|Mainland China|RPC,China.,China,cntry of univ's hqcity,univ-hqcity-cntry
277483,Central South University of Forestry and Technology,Changsha,People's Republic of China,The city where the headquarters of Central South University of Forestry and Technology is located is,"Changsha|Changsha, China|Changsha Shi|Chʻang-sha",Changsha,Changsha,Changsha is in the country of,People's Republic of China|China|CN|PR China|PRC|CHN|🇨🇳|China PR|Mainland China|RPC,China,China,cntry of univ's hqcity,univ-hqcity-cntry
277501,Sikkim University,Gangtok,India,The city where the headquarters of Sikkim University is located is,Gangtok|M Corp.,Gangtok,Gangtok,Gangtok is in the country of,India|Republic of India|Bharat|Bharatvarsh|Hindustan|IN|IND|🇮🇳|Bharata|Hindoostan|Indostan|Bharat Ganarajya,India,India,cntry of univ's hqcity,univ-hqcity-cntry
277505,University of Essex,Colchester,United Kingdom,The city where the headquarters of University of Essex is located is,Colchester|Colchester (parish),Colchester,Colchester,Colchester is in the country of,United Kingdom|🇬🇧|UK|United Kingdom of Great Britain and Northern Ireland|U.K.|GBR|GB|U. K.|U K|G.B.|G. B.|G B|Great Britain|G.B.R.|G B R|Britain|Great Britain and Northern Ireland|The United Kingdom of Great Britain and Northern Ireland|The UK,United Kingdom,United Kingdom,cntry of univ's hqcity,univ-hqcity-cntry
277544,Hakkari University,Hakkâri,Turkey,The city where the headquarters of Hakkari University is located is,Hakkâri|Hakkari,I couldn't find any information on a university called Hakkari University.,Hakkâri,Hakkâri is in the country of,Turkey|TUR|TR|Republic of Türkiye|Türkiye|Republic of Turkey,Turkey,Turkey,cntry of univ's hqcity,univ-hqcity-cntry
277650,University of Cauca,Popayán,Colombia,The city where the headquarters of University of Cauca is located is,Popayán|Popayan,Popayán.,Popayán,Popayán is in the country of,Colombia|🇨🇴|República de Colombia|Republic of Colombia|COL|CO|ISO 3166-1:CO|Republica de Colombia|The Republic of Colombia|Colombiá,Colombia,Colombia,cntry of univ's hqcity,univ-hqcity-cntry
277675,Pepperdine University,Malibu,United States of America,The city where the headquarters of Pepperdine University is located is,"Malibu|Malibu, California|Malibu, CA|City of Malibu",Malibu.,Malibu,Malibu is in the country of,United States of America|the United States of America|America|U.S.A.|USA|U.S.|US|the US|the USA|US of A|the United States|U. S. A.|U. S.|the States|the U.S.|United States|US of America|the U.S.A.|the US of America|the US of A|the U.S. of A|the U.S. of America|U.S. of America|Merica,United States,United States,cntry of univ's hqcity,univ-hqcity-cntry
277677,Northwest Indian College,Bellingham,United States of America,The city where the headquarters of Northwest Indian College is located is,"Bellingham|Bellingham, WA|Bellingham, Washington",Bellingham,Bellingham,Bellingham is in the country of,United States of America|the United States of America|America|U.S.A.|USA|U.S.|US|the US|the USA|US of A|the United States|U. S. A.|U. S.|the States|the U.S.|United States|US of America|the U.S.A.|the US of America|the US of A|the U.S. of A|the U.S. of America|U.S. of America|Merica,United States,United States,cntry of univ's hqcity,univ-hqcity-cntry
277681,University of Nigeria,Enugu,Nigeria,The city where the headquarters of University of Nigeria is located is,Enugu,Enugu,Enugu,Enugu is in the country of,Nigeria|Federal Republic of Nigeria|🇳🇬|NG|FRN|NGA|NGR|Naija,Nigeria,Nigeria,cntry of univ's hqcity,univ-hqcity-cntry
277691,Graduate Theological Union,Berkeley,United States of America,The city where the headquarters of Graduate Theological Union is located is,"Berkeley|Berkeley, California|Bkly|Berkeley, CA|BURK",Berkeley,Berkeley,Berkeley is in the country of,United States of America|the United States of America|America|U.S.A.|USA|U.S.|US|the US|the USA|US of A|the United States|U. S. A.|U. S.|the States|the U.S.|United States|US of America|the U.S.A.|the US of America|the US of A|the U.S. of A|the U.S. of America|U.S. of America|Merica,United States,United States,cntry of univ's hqcity,univ-hqcity-cntry
277696,University of Michigan,Ann Arbor,United States of America,The city where the headquarters of University of Michigan is located is,"Ann Arbor|Ann Arbor, Michigan|Ann Arbor, MI|City of Ann Arbor",Ann Arbor,Ann Arbor,Ann Arbor is in the country of,United States of America|the United States of America|America|U.S.A.|USA|U.S.|US|the US|the USA|US of A|the United States|U. S. A.|U. S.|the States|the U.S.|United States|US of America|the U.S.A.|the US of America|the US of A|the U.S. of A|the U.S. of America|U.S. of America|Merica,United States,United States,cntry of univ's hqcity,univ-hqcity-cntry
277697,University of Michigan School of Information,Ann Arbor,United States of America,The city where the headquarters of University of Michigan School of Information is located is,"Ann Arbor|Ann Arbor, Michigan|Ann Arbor, MI|City of Ann Arbor",Ann Arbor.,Ann Arbor,Ann Arbor is in the country of,United States of America|the United States of America|America|U.S.A.|USA|U.S.|US|the US|the USA|US of A|the United States|U. S. A.|U. S.|the States|the U.S.|United States|US of America|the U.S.A.|the US of America|the US of A|the U.S. of A|the U.S. of America|U.S. of America|Merica,United States,United States,cntry of univ's hqcity,univ-hqcity-cntry
277716,College of William & Mary,Williamsburg,United States of America,The city where the headquarters of College of William & Mary is located is,"Williamsburg|Williamsburg, Virginia|Williamsburg, VA",Williamsburg.,Williamsburg,Williamsburg is in the country of,United States of America|the United States of America|America|U.S.A.|USA|U.S.|US|the US|the USA|US of A|the United States|U. S. A.|U. S.|the States|the U.S.|United States|US of America|the U.S.A.|the US of America|the US of A|the U.S. of A|the U.S. of America|U.S. of America|Merica,United States,United States,cntry of univ's hqcity,univ-hqcity-cntry
277719,George Mason University,Fairfax,United States of America,The city where the headquarters of George Mason University is located is,"Fairfax|Fairfax, Virginia|City of Fairfax|Fairfax, VA","Fairfax, Virginia",Fairfax,Fairfax is in the country of,United States of America|the United States of America|America|U.S.A.|USA|U.S.|US|the US|the USA|US of A|the United States|U. S. A.|U. S.|the States|the U.S.|United States|US of America|the U.S.A.|the US of America|the US of A|the U.S. of A|the U.S. of America|U.S. of America|Merica,United States,United States,cntry of univ's hqcity,univ-hqcity-cntry
277728,University of Delaware,Newark,United States of America,The city where the headquarters of University of Delaware is located is,"Newark|Newark, Delaware|Newark, DE",Newark.,Newark,Newark is in the country of,United States of America|the United States of America|America|U.S.A.|USA|U.S.|US|the US|the USA|US of A|the United States|U. S. A.|U. S.|the States|the U.S.|United States|US of America|the U.S.A.|the US of America|the US of A|the U.S. of A|the U.S. of America|U.S. of America|Merica,United States,United States,cntry of univ's hqcity,univ-hqcity-cntry
277738,Inner Mongolia Normal University,Hohhot,People's Republic of China,The city where the headquarters of Inner Mongolia Normal University is located is,Hohhot|Hushi|Huhehaote|Qingshi|Khökh Khot,Hohhot.,Hohhot,Hohhot is in the country of,People's Republic of China|China|CN|PR China|PRC|CHN|🇨🇳|China PR|Mainland China|RPC,China,China,cntry of univ's hqcity,univ-hqcity-cntry
277741,Montana State University,Bozeman,United States of America,The city where the headquarters of Montana State University is located is,"Bozeman|Bozeman, Montana|Bozeman, MT",Bozeman.,Bozeman,Bozeman is in the country of,United States of America|the United States of America|America|U.S.A.|USA|U.S.|US|the US|the USA|US of A|the United States|U. S. A.|U. S.|the States|the U.S.|United States|US of America|the U.S.A.|the US of America|the US of A|the U.S. of A|the U.S. of America|U.S. of America|Merica,United States,United States,cntry of univ's hqcity,univ-hqcity-cntry
277746,Northern Illinois University,DeKalb,United States of America,The city where the headquarters of Northern Illinois University is located is,"DeKalb|De Kalb, Illinois|DeKalb, Illinois|DeKalb, IL",DeKalb.,DeKalb,DeKalb is in the country of,United States of America|the United States of America|America|U.S.A.|USA|U.S.|US|the US|the USA|US of A|the United States|U. S. A.|U. S.|the States|the U.S.|United States|US of America|the U.S.A.|the US of America|the US of A|the U.S. of A|the U.S. of America|U.S. of America|Merica,United States,United States,cntry of univ's hqcity,univ-hqcity-cntry
277752,University of Northern British Columbia,Prince George,Canada,The city where the headquarters of University of Northern British Columbia is located is,"Prince George|Prince George, British Columbia|Prince George, BC",Prince George.,Prince George,Prince George is in the country of,Canada|CAN|CA,Canada,Canada,cntry of univ's hqcity,univ-hqcity-cntry
277787,University of Maryland,College Park,United States of America,The city where the headquarters of University of Maryland is located is,"College Park|College Park, Maryland|College Park, MD",College Park.,College Park,College Park is in the country of,United States of America|the United States of America|America|U.S.A.|USA|U.S.|US|the US|the USA|US of A|the United States|U. S. A.|U. S.|the States|the U.S.|United States|US of America|the U.S.A.|the US of America|the US of A|the U.S. of A|the U.S. of America|U.S. of America|Merica,United States,United States,cntry of univ's hqcity,univ-hqcity-cntry
277796,Texas A&M University,College Station,United States of America,The city where the headquarters of Texas A&M University is located is,"College Station|College Station, Texas|College Station, TX",College Station.,College Station,College Station is in the country of,United States of America|the United States of America|America|U.S.A.|USA|U.S.|US|the US|the USA|US of A|the United States|U. S. A.|U. S.|the States|the U.S.|United States|US of America|the U.S.A.|the US of America|the US of A|the U.S. of A|the U.S. of America|U.S. of America|Merica,United States,United States,cntry of univ's hqcity,univ-hqcity-cntry
277809,National Taitung University,Taitung City,Taiwan,The city where the headquarters of National Taitung University is located is,Taitung City,Taitung City.,Taitung City,Taitung City is in the country of,"Taiwan|Republic of China|Chunghwa Minkwo|Chunghwa Minkuo|Formosa|Nationalist China|Free China|Free area of the Republic of China|Republic of China (Taiwan)|Chinese Taipei|🇹🇼|TW|ROC|Taiwan ROC|China, Republic|TWN|TPE|Nanasian|Taywan|Taivang|Ilaod|Taivangʉ",Taiwan.,Taiwan,cntry of univ's hqcity,univ-hqcity-cntry
277816,"Royal Holloway, University of London",Egham,United Kingdom,"The city where the headquarters of Royal Holloway, University of London is located is",Egham,Egham.,Egham,Egham is in the country of,United Kingdom|🇬🇧|UK|United Kingdom of Great Britain and Northern Ireland|U.K.|GBR|GB|U. K.|U K|G.B.|G. B.|G B|Great Britain|G.B.R.|G B R|Britain|Great Britain and Northern Ireland|The United Kingdom of Great Britain and Northern Ireland|The UK,United Kingdom,United Kingdom,cntry of univ's hqcity,univ-hqcity-cntry
277884,Boston College,Chestnut Hill,United States of America,The city where the headquarters of Boston College is located is,"Chestnut Hill|Chestnut Hill, Massachusetts|Chestnut Hill, MA",Chestnut Hill.,Chestnut Hill,Chestnut Hill is in the country of,United States of America|the United States of America|America|U.S.A.|USA|U.S.|US|the US|the USA|US of A|the United States|U. S. A.|U. S.|the States|the U.S.|United States|US of America|the U.S.A.|the US of America|the US of A|the U.S. of A|the U.S. of America|U.S. of America|Merica,United States,United States,cntry of univ's hqcity,univ-hqcity-cntry
277948,East Carolina University,Greenville,United States of America,The city where the headquarters of East Carolina University is located is,"Greenville|Greenville, North Carolina|Greenville, NC","Greenville, North Carolina",Greenville,Greenville is in the country of,United States of America|the United States of America|America|U.S.A.|USA|U.S.|US|the US|the USA|US of A|the United States|U. S. A.|U. S.|the States|the U.S.|United States|US of America|the U.S.A.|the US of America|the US of A|the U.S. of A|the U.S. of America|U.S. of America|Merica,United States,United States,cntry of univ's hqcity,univ-hqcity-cntry
277975,SIFE UFE,French University of Egypt,Egypt,The city where the headquarters of SIFE UFE is located is,French University of Egypt|UFE,I cannot verify which city has the headquarters of SIFE UFE.,UFE,French University of Egypt is in the country of,Egypt|Republic of Egypt|eg|EGY|🇪🇬|Arab Republic of Egypt|Arab Rep. Egypt|Rep. Egypt,Egypt,Egypt,cntry of univ's hqcity,univ-hqcity-cntry
278005,Cornell University,Ithaca,United States of America,The city where the headquarters of Cornell University is located is,"Ithaca|Ithaca (town), New York|Ithaca, New York",Ithaca.,Ithaca,Ithaca is in the country of,United States of America|the United States of America|America|U.S.A.|USA|U.S.|US|the US|the USA|US of A|the United States|U. S. A.|U. S.|the States|the U.S.|United States|US of America|the U.S.A.|the US of America|the US of A|the U.S. of A|the U.S. of America|U.S. of America|Merica,United States,United States,cntry of univ's hqcity,univ-hqcity-cntry
278007,Marquette University,Milwaukee,United States of America,The city where the headquarters of Marquette University is located is,"Milwaukee|Milwaukee, Wisconsin|Town of Milwaukee|Milwaukee (town), Wisconsin|Milwaukee, WI",Milwaukee,Milwaukee,Milwaukee is in the country of,United States of America|the United States of America|America|U.S.A.|USA|U.S.|US|the US|the USA|US of A|the United States|U. S. A.|U. S.|the States|the U.S.|United States|US of America|the U.S.A.|the US of America|the US of A|the U.S. of A|the U.S. of America|U.S. of America|Merica,United States,United States,cntry of univ's hqcity,univ-hqcity-cntry
294724,Titanic,Jack Dawson,Leonardo DiCaprio,The main character of the movie Titanic is,Jack Dawson,Jack Dawson.,Jack Dawson,Jack Dawson was played by an actor named,Leonardo DiCaprio|Di Caprio|Leonardo di Caprio|Leo DiCaprio|Leonardo Wilhelm DiCaprio,Leonardo DiCaprio,Leonardo DiCaprio,actor of movie's mainchar,movie-mainchar-actor
294730,Alien,Ellen Ripley,Sigourney Weaver,The main character of the movie Alien is,Ellen Ripley|Ellen Louise Ripley|Ripley|Lt. Ripley,Ellen Ripley.,Ellen Ripley,Ellen Ripley was played by an actor named,Sigourney Weaver|Susan Alexandra Weaver,Sigourney Weaver,Sigourney Weaver,actor of movie's mainchar,movie-mainchar-actor
294736,The Wizard of Oz,Dorothy Gale,Judy Garland,The main character of the movie The Wizard of Oz is,Dorothy Gale,Dorothy Gale.,Dorothy Gale,Dorothy Gale was played by an actor named,Judy Garland|Frances Ethel Gumm|Frances Gumm,Judy Garland,Judy Garland,actor of movie's mainchar,movie-mainchar-actor
294741,Alien 3,Ellen Ripley,Sigourney Weaver,The main character of the movie Alien 3 is,Ellen Ripley|Ellen Louise Ripley|Ripley|Lt. Ripley,Ripley.,Ripley,Ellen Ripley was played by an actor named,Sigourney Weaver|Susan Alexandra Weaver,Sigourney Weaver,Sigourney Weaver,actor of movie's mainchar,movie-mainchar-actor
294777,Fantastic Beasts,Newt Scamander,Eddie Redmayne,The main character of the movie Fantastic Beasts is,"Newt Scamander|Newton Artemis Fido ""Newt"" Scamander|Newton Scamander",Newt Scamander,Newt Scamander,Newt Scamander was played by an actor named,Eddie Redmayne|Edward John David Redmayne,Eddie Redmayne,Eddie Redmayne,actor of movie's mainchar,movie-mainchar-actor
295312,The Metamorphosis,Gregor Samsa,Franz Kafka,The main character of the novel The Metamorphosis is,Gregor Samsa,Gregor Samsa.,Gregor Samsa,Gregor Samsa was created by,Franz Kafka|František Kafka|Kafka,Franz Kafka,Franz Kafka,creator of novel's mainchar,novel-mainchar-creator
296436,Jack Dawson,Titanic,James Cameron,The movie featuring Jack Dawson as the main character is,Titanic,Titanic.,Titanic,The name of the director of Titanic is,James Cameron|James Francis Cameron|Jim Cameron|James F. Cameron|James F Cameron|J. F. Cameron|J.F. Cameron|J. Cameron|J F Cameron,James Cameron,James Cameron,director of mainchar's movie,mainchar-movie-director
296438,Jake Sully,Avatar,James Cameron,The movie featuring Jake Sully as the main character is,Avatar|James Cameron's Avatar|Avatar 1,Avatar (2009),Avatar,The name of the director of Avatar is,James Cameron|James Francis Cameron|Jim Cameron|James F. Cameron|James F Cameron|J. F. Cameron|J.F. Cameron|J. Cameron|J F Cameron,James Cameron,James Cameron,director of mainchar's movie,mainchar-movie-director
296443,Mr. Incredible,The Incredibles,Brad Bird,The movie featuring Mr. Incredible as the main character is,The Incredibles|Incredibles,The Incredibles,The Incredibles,The name of the director of The Incredibles is,Brad Bird|Phillip Bradley Bird|Bradley Bird,Brad Bird,Brad Bird,director of mainchar's movie,mainchar-movie-director
296450,Colonel Kurtz,Apocalypse Now,Francis Ford Coppola,The movie featuring Colonel Kurtz as the main character is,Apocalypse Now|Apocalypse Now Final Cut,Apocalypse Now.,Apocalypse Now,The name of the director of Apocalypse Now is,Francis Ford Coppola,Francis Ford Coppola,Francis Ford Coppola,director of mainchar's movie,mainchar-movie-director
296451,Frank Abagnale,Catch Me If You Can,Steven Spielberg,The movie featuring Frank Abagnale as the main character is,Catch Me If You Can,Catch Me If You Can,Catch Me If You Can,The name of the director of Catch Me If You Can is,Steven Spielberg|Steven Allan Spielberg|Spielberg,Steven Spielberg,Steven Spielberg,director of mainchar's movie,mainchar-movie-director
296456,Patrick Bateman,American Psycho,Mary Harron,The movie featuring Patrick Bateman as the main character is,American Psycho,American Psycho.,American Psycho,The name of the director of American Psycho is,Mary Harron,Mary Harron,Mary Harron,director of mainchar's movie,mainchar-movie-director
296464,Seth Brundle,The Fly,David Cronenberg,The movie featuring Seth Brundle as the main character is,The Fly|Fly,The Fly,The Fly,The name of the director of The Fly is,David Cronenberg|David Paul Cronenberg|David P. Cronenberg|David Cronenburg,David Cronenberg,David Cronenberg,director of mainchar's movie,mainchar-movie-director
296465,Benjamin Gates,National Treasure,Jon Turteltaub,The movie featuring Benjamin Gates as the main character is,National Treasure,National Treasure.,National Treasure,The name of the director of National Treasure is,"Jon Turteltaub|Jonathan Charles ""Jon"" Turteltaub|Jonathan Charles Turteltaub",Jon Turteltaub,Jon Turteltaub,director of mainchar's movie,mainchar-movie-director
296496,Newt Scamander,Fantastic Beasts,David Yates,The movie featuring Newt Scamander as the main character is,Fantastic Beasts,Fantastic Beasts and Where to Find Them,Fantastic Beasts,The name of the director of Fantastic Beasts is,David Yates,David Yates,David Yates,director of mainchar's movie,mainchar-movie-director
297565,Jack Dawson,Titanic,United States of America,The movie featuring Jack Dawson as the main character is,Titanic,Titanic.,Titanic,Titanic was released in the country of,United States of America|the United States of America|America|U.S.A.|USA|U.S.|US|the US|the USA|US of A|the United States|U. S. A.|U. S.|the States|the U.S.|United States|US of America|the U.S.A.|the US of America|the US of A|the U.S. of A|the U.S. of America|U.S. of America|Merica,United States,United States,origcntry of mainchar's movie,mainchar-movie-origcntry
297577,Mr. Incredible,The Incredibles,United States of America,The movie featuring Mr. Incredible as the main character is,The Incredibles|Incredibles,The Incredibles,The Incredibles,The Incredibles was released in the country of,United States of America|the United States of America|America|U.S.A.|USA|U.S.|US|the US|the USA|US of A|the United States|U. S. A.|U. S.|the States|the U.S.|United States|US of America|the U.S.A.|the US of America|the US of A|the U.S. of A|the U.S. of America|U.S. of America|Merica,United States,United States,origcntry of mainchar's movie,mainchar-movie-origcntry
297584,Colonel Kurtz,Apocalypse Now,United States of America,The movie featuring Colonel Kurtz as the main character is,Apocalypse Now|Apocalypse Now Final Cut,Apocalypse Now.,Apocalypse Now,Apocalypse Now was released in the country of,United States of America|the United States of America|America|U.S.A.|USA|U.S.|US|the US|the USA|US of A|the United States|U. S. A.|U. S.|the States|the U.S.|United States|US of America|the U.S.A.|the US of America|the US of A|the U.S. of A|the U.S. of America|U.S. of America|Merica,United States,United States,origcntry of mainchar's movie,mainchar-movie-origcntry
297586,Prince Naveen,The Princess and the Frog,United States of America,The movie featuring Prince Naveen as the main character is,The Princess and the Frog|Princess and the Frog,The Princess and the Frog.,The Princess and the Frog,The Princess and the Frog was released in the country of,United States of America|the United States of America|America|U.S.A.|USA|U.S.|US|the US|the USA|US of A|the United States|U. S. A.|U. S.|the States|the U.S.|United States|US of America|the U.S.A.|the US of America|the US of A|the U.S. of A|the U.S. of America|U.S. of America|Merica,United States,United States,origcntry of mainchar's movie,mainchar-movie-origcntry
297587,Tiana,The Princess and the Frog,United States of America,The movie featuring Tiana as the main character is,The Princess and the Frog|Princess and the Frog,The Princess and the Frog,The Princess and the Frog,The Princess and the Frog was released in the country of,United States of America|the United States of America|America|U.S.A.|USA|U.S.|US|the US|the USA|US of A|the United States|U. S. A.|U. S.|the States|the U.S.|United States|US of America|the U.S.A.|the US of America|the US of A|the U.S. of A|the U.S. of America|U.S. of America|Merica,United States,United States,origcntry of mainchar's movie,mainchar-movie-origcntry
297592,Frank Abagnale,Catch Me If You Can,United States of America,The movie featuring Frank Abagnale as the main character is,Catch Me If You Can,Catch Me If You Can,Catch Me If You Can,Catch Me If You Can was released in the country of,United States of America|the United States of America|America|U.S.A.|USA|U.S.|US|the US|the USA|US of A|the United States|U. S. A.|U. S.|the States|the U.S.|United States|US of America|the U.S.A.|the US of America|the US of A|the U.S. of A|the U.S. of America|U.S. of America|Merica,United States,United States,origcntry of mainchar's movie,mainchar-movie-origcntry
297594,Dorothy Gale,The Wizard of Oz,United States of America,The movie featuring Dorothy Gale as the main character is,The Wizard of Oz|Mass Mason The Wizard of Oz / God-Man-Boy,The Wizard of Oz.,The Wizard of Oz,The Wizard of Oz was released in the country of,United States of America|the United States of America|America|U.S.A.|USA|U.S.|US|the US|the USA|US of A|the United States|U. S. A.|U. S.|the States|the U.S.|United States|US of America|the U.S.A.|the US of America|the US of A|the U.S. of A|the U.S. of America|U.S. of America|Merica,United States,United States,origcntry of mainchar's movie,mainchar-movie-origcntry
297599,Michael Jordan,Space Jam,United States of America,The movie featuring Michael Jordan as the main character is,Space Jam,Space Jam,Space Jam,Space Jam was released in the country of,United States of America|the United States of America|America|U.S.A.|USA|U.S.|US|the US|the USA|US of A|the United States|U. S. A.|U. S.|the States|the U.S.|United States|US of America|the U.S.A.|the US of America|the US of A|the U.S. of A|the U.S. of America|U.S. of America|Merica,United States,United States,origcntry of mainchar's movie,mainchar-movie-origcntry
297606,Tom Ripley,The Talented Mr. Ripley,United States of America,The movie featuring Tom Ripley as the main character is,The Talented Mr. Ripley|Talented Mr. Ripley|The Talented Mr Ripley|Talented Mr Ripley,"""The Talented Mr. Ripley"".",The Talented Mr. Ripley,The Talented Mr. Ripley was released in the country of,United States of America|the United States of America|America|U.S.A.|USA|U.S.|US|the US|the USA|US of A|the United States|U. S. A.|U. S.|the States|the U.S.|United States|US of America|the U.S.A.|the US of America|the US of A|the U.S. of A|the U.S. of America|U.S. of America|Merica,United States,United States,origcntry of mainchar's movie,mainchar-movie-origcntry
297610,Benjamin Gates,National Treasure,United States of America,The movie featuring Benjamin Gates as the main character is,National Treasure,National Treasure.,National Treasure,National Treasure was released in the country of,United States of America|the United States of America|America|U.S.A.|USA|U.S.|US|the US|the USA|US of A|the United States|U. S. A.|U. S.|the States|the U.S.|United States|US of America|the U.S.A.|the US of America|the US of A|the U.S. of A|the U.S. of America|U.S. of America|Merica,United States,United States,origcntry of mainchar's movie,mainchar-movie-origcntry
297631,Bobby Boucher,The Waterboy,United States of America,The movie featuring Bobby Boucher as the main character is,The Waterboy|Waterboy,"""The Waterboy"".",The Waterboy,The Waterboy was released in the country of,United States of America|the United States of America|America|U.S.A.|USA|U.S.|US|the US|the USA|US of A|the United States|U. S. A.|U. S.|the States|the U.S.|United States|US of America|the U.S.A.|the US of America|the US of A|the U.S. of A|the U.S. of America|U.S. of America|Merica,United States,United States,origcntry of mainchar's movie,mainchar-movie-origcntry
298186,Alonso Quijano,Don Quixote,Miguel de Cervantes,The novel with 'Alonso Quijano' as the main character is,"Don Quixote|Cervantes Saavedra, Miguel de, 1547-1616. Don Quixote|Cervantes Saavedra, Miguel de, 1547-1616.|The Ingenious Gentleman Don Quixote of La Mancha",Don Quixote,Don Quixote,Don Quixote was written by an author named,Miguel de Cervantes|Miguel de Cervantes Saavedra|Cervantes|Miguel de Cervantes y Saavedra|Miguel de Cervantes Cortinas|Miguel de Cervantes y Cortinas|Miguel de Cerbantes,Miguel de Cervantes,Miguel de Cervantes,author of mainchar's novel,mainchar-novel-author
298190,Winston Smith,Nineteen Eighty-Four,George Orwell,The novel with 'Winston Smith' as the main character is,Nineteen Eighty-Four|1984|Nineteen Eighty-Four by George Orwell,1984.,1984,Nineteen Eighty-Four was written by an author named,George Orwell|Eric Blair|P. S. Burton|Eric Arthur Blair|John Freeman,George Orwell,George Orwell,author of mainchar's novel,mainchar-novel-author
298191,Thorin Oakenshield,The Hobbit,J. R. R. Tolkien,The novel with 'Thorin Oakenshield' as the main character is,"The Hobbit|Hobbit|The Hobbit, or There and Back Again",The Hobbit.,The Hobbit,The Hobbit was written by an author named,J. R. R. Tolkien|J-R-R Tolkien|Tolkien|John Ronald Reuel Tolkien|John Tolkien|J.R.R Tolkien|J.R.R. Tolkien|John R. R. Tolkien,J.R.R. Tolkien,J. R. R. Tolkien,author of mainchar's novel,mainchar-novel-author
298193,Bilbo Baggins,The Hobbit,J. R. R. Tolkien,The novel with 'Bilbo Baggins' as the main character is,"The Hobbit|Hobbit|The Hobbit, or There and Back Again",The Hobbit.,The Hobbit,The Hobbit was written by an author named,J. R. R. Tolkien|J-R-R Tolkien|Tolkien|John Ronald Reuel Tolkien|John Tolkien|J.R.R Tolkien|J.R.R. Tolkien|John R. R. Tolkien,J.R.R. Tolkien,J. R. R. Tolkien,author of mainchar's novel,mainchar-novel-author
298195,Rodion Romanovich Raskolnikov,Crime and Punishment,Fyodor Dostoyevsky,The novel with 'Rodion Romanovich Raskolnikov' as the main character is,Crime and Punishment,"""Crime and Punishment"".",Crime and Punishment,Crime and Punishment was written by an author named,Fyodor Dostoyevsky|Dostoievski|Fyodor Dostoievski|Fyodor Mikhaylovich Dostoievski|Fyodor Mikhaylovich Dostoyevsky|Fyodor Mikhailovich Dostoevsky|F.M. Dostoiewski|Fyodor Dostoevsky,Fyodor Dostoevsky,Fyodor Dostoevsky,author of mainchar's novel,mainchar-novel-author
298196,Elizabeth Bennet,Pride and Prejudice,Jane Austen,The novel with 'Elizabeth Bennet' as the main character is,Pride and Prejudice|Pride & Prejudice|First Impressions,Pride and Prejudice.,Pride and Prejudice,Pride and Prejudice was written by an author named,Jane Austen,Jane Austen,Jane Austen,author of mainchar's novel,mainchar-novel-author
298197,Mr. Darcy,Pride and Prejudice,Jane Austen,The novel with 'Mr. Darcy' as the main character is,Pride and Prejudice|Pride & Prejudice|First Impressions,Pride and Prejudice.,Pride and Prejudice,Pride and Prejudice was written by an author named,Jane Austen,Jane Austen,Jane Austen,author of mainchar's novel,mainchar-novel-author
298198,Andrei Nikolayevich Bolkonsky,War and Peace,Leo Tolstoy,The novel with 'Andrei Nikolayevich Bolkonsky' as the main character is,War and Peace|Voyna i mir|War & Peace,War and Peace.,War and Peace,War and Peace was written by an author named,"Leo Tolstoy|Count Lev Nikolayevich Tolstoy|Tolstoy, Leo, graf, 1828-1910|Tolstoĭ, Lev Nikolaevich, graf, 1828-1910|Lev Nikolayevich Tolstoĭ|Leo Tolstoi",Leo Tolstoy,Leo Tolstoy,author of mainchar's novel,mainchar-novel-author
298199,Pierre Bezukhov,War and Peace,Leo Tolstoy,The novel with 'Pierre Bezukhov' as the main character is,War and Peace|Voyna i mir|War & Peace,"""War and Peace"".",War and Peace,War and Peace was written by an author named,"Leo Tolstoy|Count Lev Nikolayevich Tolstoy|Tolstoy, Leo, graf, 1828-1910|Tolstoĭ, Lev Nikolaevich, graf, 1828-1910|Lev Nikolayevich Tolstoĭ|Leo Tolstoi",Leo Tolstoy,Leo Tolstoy,author of mainchar's novel,mainchar-novel-author
298202,Amaranta Buendía,One Hundred Years of Solitude,Gabriel García Márquez,The novel with 'Amaranta Buendía' as the main character is,One Hundred Years of Solitude|Cien años de soledad|100 Years of Solitude,"""One Hundred Years of Solitude"".",One Hundred Years of Solitude,One Hundred Years of Solitude was written by an author named,Gabriel García Márquez|Gabriel José García Márquez|Gabriel Garcia Marquez|Gabriel Jose Garcia Marquez|Gabriel José de la Concordia García Márquez|Gabriel Jose de la Concordia Garcia Marquez,Gabriel García Márquez,Gabriel García Márquez,author of mainchar's novel,mainchar-novel-author
298206,Cosette,Les Misérables,Victor Hugo,The novel with 'Cosette' as the main character is,Les Misérables|Les Miserables|Les Mis,Les Misérables,Les Misérables,Les Misérables was written by an author named,"Victor Hugo|Victor Marie Hugo|Victor-Marie Hugo|Victor Marie, Comte Hugo",Victor Hugo,Victor Hugo,author of mainchar's novel,mainchar-novel-author
298207,Javert,Les Misérables,Victor Hugo,The novel with 'Javert' as the main character is,Les Misérables|Les Miserables|Les Mis,Les Misérables,Les Misérables,Les Misérables was written by an author named,"Victor Hugo|Victor Marie Hugo|Victor-Marie Hugo|Victor Marie, Comte Hugo",Victor Hugo,Victor Hugo,author of mainchar's novel,mainchar-novel-author
298208,Jean Valjean,Les Misérables,Victor Hugo,The novel with 'Jean Valjean' as the main character is,Les Misérables|Les Miserables|Les Mis,"""Les Misérables"".",Les Misérables,Les Misérables was written by an author named,"Victor Hugo|Victor Marie Hugo|Victor-Marie Hugo|Victor Marie, Comte Hugo",Victor Hugo,Victor Hugo,author of mainchar's novel,mainchar-novel-author
298215,D'Artagnan,The Three Musketeers,Alexandre Dumas,The novel with 'D'Artagnan' as the main character is,The Three Musketeers,"""The Three Musketeers"".",The Three Musketeers,The Three Musketeers was written by an author named,"Alexandre Dumas|Dumas Davy de la Pailleterie|Alexandre Dumas père|Alexandre Dumas pere|Alexandre Dumas, father|Alexandre Dumas, père|Alexandre Dumas Davy de la Pailleterie|Alexandre Dumas, the Elder",Alexandre Dumas,Alexandre Dumas,author of mainchar's novel,mainchar-novel-author
298221,Little Mermaid,The Little Mermaid,Hans Christian Andersen,The novel with 'Little Mermaid' as the main character is,The Little Mermaid,The Little Mermaid,The Little Mermaid,The Little Mermaid was written by an author named,Hans Christian Andersen|H.C. Andersen|Hans Andersen|H.Ch. Andersen,Hans Christian Andersen,Hans Christian Andersen,author of mainchar's novel,mainchar-novel-author
298222,Holden Caulfield,The Catcher in the Rye,J. D. Salinger,The novel with 'Holden Caulfield' as the main character is,The Catcher in the Rye|Catcher in the Rye,"""The Catcher in the Rye"".",The Catcher in the Rye,The Catcher in the Rye was written by an author named,J. D. Salinger|Jerome David Salinger|Jerome Salinger,J.D. Salinger,J. D. Salinger,author of mainchar's novel,mainchar-novel-author
298228,Mina Harker,Dracula,Bram Stoker,The novel with 'Mina Harker' as the main character is,Dracula,Dracula by Bram Stoker,Dracula,Dracula was written by an author named,Bram Stoker|Abraham Stoker,Bram Stoker,Bram Stoker,author of mainchar's novel,mainchar-novel-author
298232,Jonathan Harker,Dracula,Bram Stoker,The novel with 'Jonathan Harker' as the main character is,Dracula,"""Dracula"" by Bram Stoker",Dracula,Dracula was written by an author named,Bram Stoker|Abraham Stoker,Bram Stoker,Bram Stoker,author of mainchar's novel,mainchar-novel-author
298234,Heathcliff,Wuthering Heights,Emily Brontë,The novel with 'Heathcliff' as the main character is,Wuthering Heights,Wuthering Heights by Emily Brontë.,Wuthering Heights,Wuthering Heights was written by an author named,Emily Brontë|Ellis Bell|Emily Jane Bronte|Emily Jane Brontë|Emily Bronte,Emily Brontë,Emily Brontë,author of mainchar's novel,mainchar-novel-author
298236,Catherine Earnshaw,Wuthering Heights,Emily Brontë,The novel with 'Catherine Earnshaw' as the main character is,Wuthering Heights,Wuthering Heights by Emily Brontë.,Wuthering Heights,Wuthering Heights was written by an author named,Emily Brontë|Ellis Bell|Emily Jane Bronte|Emily Jane Brontë|Emily Bronte,Emily Brontë,Emily Brontë,author of mainchar's novel,mainchar-novel-author
298237,Captain Nemo,Twenty Thousand Leagues Under the Sea,Jules Verne,The novel with 'Captain Nemo' as the main character is,"Twenty Thousand Leagues Under the Sea|20,000 Leagues Under the Sea|20k Leagues Under the Sea|20,000 Thousand Leagues Under the Seas: An Underwater Tour of the World|20k Thousand Leagues Under the Seas: An Underwater Tour of the World|20 000 Leagues Under the Sea|20000 Leagues Under the Sea|20 000 Thousand Leagues Under the Seas: An Underwater Tour of the World|20000 Thousand Leagues Under the Seas: An Underwater Tour of the World|Twenty Thousand Leagues Under the Seas: An Underwater Tour of the World","""Twenty Thousand Leagues Under the Sea"".",Twenty Thousand Leagues Under the Sea,Twenty Thousand Leagues Under the Sea was written by an author named,Jules Verne|Jules Gabriel Verne|Julius Verne,Jules Verne,Jules Verne,author of mainchar's novel,mainchar-novel-author
298247,Quasimodo,The Hunchback of Notre Dame,Victor Hugo,The novel with 'Quasimodo' as the main character is,The Hunchback of Notre Dame|The Hunchback of Notre-Dame|Notre-Dame de Paris,"""The Hunchback of Notre Dame"".",The Hunchback of Notre Dame,The Hunchback of Notre Dame was written by an author named,"Victor Hugo|Victor Marie Hugo|Victor-Marie Hugo|Victor Marie, Comte Hugo",Victor Hugo,Victor Hugo,author of mainchar's novel,mainchar-novel-author
298250,Dorothy Gale,The Wonderful Wizard of Oz,L. Frank Baum,The novel with 'Dorothy Gale' as the main character is,The Wonderful Wizard of Oz|The Wizard of Oz,The Wizard of Oz.,The Wizard of Oz,The Wonderful Wizard of Oz was written by an author named,L. Frank Baum|Captain Hugh Fitzgerald|Suzanne Metcalf|Schuyler Staunton|Edith Van Dyne|George Brooks|Louis F. Baum|Capt. Hugh Fitzgerald|Lyman Frank Baum|Pete|Dugout|Floyd Akers|Laura Bancroft|John Estes Cooke,L. Frank Baum,L. Frank Baum,author of mainchar's novel,mainchar-novel-author
298251,Guy Montag,Fahrenheit 451,Ray Bradbury,The novel with 'Guy Montag' as the main character is,Fahrenheit 451,""" Fahrenheit 451"".",Fahrenheit 451,Fahrenheit 451 was written by an author named,Ray Bradbury|Ray Douglas Bradbury|Raymond Douglas Bradbury,Ray Bradbury,Ray Bradbury,author of mainchar's novel,mainchar-novel-author
298256,The Tin Man,The Wonderful Wizard of Oz,L. Frank Baum,The novel with 'The Tin Man' as the main character is,The Wonderful Wizard of Oz|The Wizard of Oz,"""The Wizard of Oz""",The Wizard of Oz,The Wonderful Wizard of Oz was written by an author named,L. Frank Baum|Captain Hugh Fitzgerald|Suzanne Metcalf|Schuyler Staunton|Edith Van Dyne|George Brooks|Louis F. Baum|Capt. Hugh Fitzgerald|Lyman Frank Baum|Pete|Dugout|Floyd Akers|Laura Bancroft|John Estes Cooke,L. Frank Baum,L. Frank Baum,author of mainchar's novel,mainchar-novel-author
298258,Mr. Rochester,Jane Eyre,Charlotte Brontë,The novel with 'Mr. Rochester' as the main character is,Jane Eyre,"""Jane Eyre"".",Jane Eyre,Jane Eyre was written by an author named,Charlotte Brontë|Sharlotta Bronte|Charles Wellesley|Charlotte Bronte|Douro|Karlotta Bronte|Mrs. Arthur Bell Nicholls|Tree|Florian Wellesley|Lord Charles Albert|Currer Bell|Charlotte Nicholls|Mrs. A. B. Nicholls|Captain Tree,Charlotte Brontë,Charlotte Brontë,author of mainchar's novel,mainchar-novel-author
298259,Atticus Finch,To Kill a Mockingbird,Harper Lee,The novel with 'Atticus Finch' as the main character is,To Kill a Mockingbird,To Kill a Mockingbird.,To Kill a Mockingbird,To Kill a Mockingbird was written by an author named,Harper Lee|Nelle Harper Lee,Harper Lee,Harper Lee,author of mainchar's novel,mainchar-novel-author
298260,Scarlett O'Hara,Gone with the Wind,Margaret Mitchell,The novel with 'Scarlett O'Hara' as the main character is,Gone with the Wind,"""Gone with the Wind"".",Gone with the Wind,Gone with the Wind was written by an author named,Margaret Mitchell|Margaret Munnerlyn Mitchell,Margaret Mitchell,Margaret Mitchell,author of mainchar's novel,mainchar-novel-author
298263,Mr. Hyde,Strange Case of Dr Jekyll and Mr Hyde,Robert Louis Stevenson,The novel with 'Mr. Hyde' as the main character is,Strange Case of Dr Jekyll and Mr Hyde|The Strange Case of Dr. Jekyll and Mr. Hyde|The Strange Case of Dr Jekyll and Mr Hyde|Jekyll and Hyde|Dr. Jekyll and Mr. Hyde|Dr Jekyll and Mr Hyde|Doctor Jekyll and Mister Hyde|The Strange Case of Doctor Jekyll and Mister Hyde|Strange Case of Doctor Jekyll and Mister Hyde,"""Jekyll and Hyde"".",Jekyll and Hyde,Strange Case of Dr Jekyll and Mr Hyde was written by an author named,Robert Louis Stevenson|Robert Lewis Balfour Stevenson|Robert Luis Stivensoni|Shih-ti-wen-sheng|Stivenson|Robert Loui Sitivensin|Robert Louis Balfour Stevenson|Robert Lui Stivenson|RL Stivenson|RL Stevenson|RLS|R. L. Stevenson,Robert Louis Stevenson,Robert Louis Stevenson,author of mainchar's novel,mainchar-novel-author
298262,Dr. Jekyll,Strange Case of Dr Jekyll and Mr Hyde,Robert Louis Stevenson,The novel with 'Dr. Jekyll' as the main character is,Strange Case of Dr Jekyll and Mr Hyde|The Strange Case of Dr. Jekyll and Mr. Hyde|The Strange Case of Dr Jekyll and Mr Hyde|Jekyll and Hyde|Dr. Jekyll and Mr. Hyde|Dr Jekyll and Mr Hyde|Doctor Jekyll and Mister Hyde|The Strange Case of Doctor Jekyll and Mister Hyde|Strange Case of Doctor Jekyll and Mister Hyde,"""Robert Louis Stevenson's ""The Strange Case of Dr. Jekyll and Mr. Hyde"".",Strange Case of Dr Jekyll and Mr Hyde,Strange Case of Dr Jekyll and Mr Hyde was written by an author named,Robert Louis Stevenson|Robert Lewis Balfour Stevenson|Robert Luis Stivensoni|Shih-ti-wen-sheng|Stivenson|Robert Loui Sitivensin|Robert Louis Balfour Stevenson|Robert Lui Stivenson|RL Stivenson|RL Stevenson|RLS|R. L. Stevenson,Robert Louis Stevenson,Robert Louis Stevenson,author of mainchar's novel,mainchar-novel-author
298281,Jo March,Little Women,Louisa May Alcott,The novel with 'Jo March' as the main character is,"Little Women|Meg, Jo, Beth, and Amy|Little Women, or, Meg, Jo, Beth, and Amy","""Little Women"".",Little Women,Little Women was written by an author named,Louisa May Alcott|A. M. Barnard|Flora Fairfield|Flora Fairchild|Louisa Alcott|Louisa M. Alcott|Louisa Mary Alcott,Louisa May Alcott,Louisa May Alcott,author of mainchar's novel,mainchar-novel-author
298285,Amy March,Little Women,Louisa May Alcott,The novel with 'Amy March' as the main character is,"Little Women|Meg, Jo, Beth, and Amy|Little Women, or, Meg, Jo, Beth, and Amy",Little Women.,Little Women,Little Women was written by an author named,Louisa May Alcott|A. M. Barnard|Flora Fairfield|Flora Fairchild|Louisa Alcott|Louisa M. Alcott|Louisa Mary Alcott,Louisa May Alcott,Louisa May Alcott,author of mainchar's novel,mainchar-novel-author
298301,Howard Roark,The Fountainhead,Ayn Rand,The novel with 'Howard Roark' as the main character is,The Fountainhead,"Ayn Rand's ""The Fountainhead"".",The Fountainhead,The Fountainhead was written by an author named,Ayn Rand|Alisa Zinov'yevna Rosenbaum,Ayn Rand,Ayn Rand,author of mainchar's novel,mainchar-novel-author
298303,Mr. Toad,The Wind in the Willows,Kenneth Grahame,The novel with 'Mr. Toad' as the main character is,The Wind in the Willows,The Wind in the Willows,The Wind in the Willows,The Wind in the Willows was written by an author named,Kenneth Grahame,Kenneth Grahame,Kenneth Grahame,author of mainchar's novel,mainchar-novel-author
298328,Allan Quatermain,King Solomon's Mines,H. Rider Haggard,The novel with 'Allan Quatermain' as the main character is,King Solomon's Mines,"""King Solomon's Mines"" by H. Rider Haggard",King Solomon's Mines,King Solomon's Mines was written by an author named,H. Rider Haggard|Henry Rider Haggard|Sir Henry Rider Haggard|H. R. Haggard|H Rider Haggard,H. Rider Haggard,H. Rider Haggard,author of mainchar's novel,mainchar-novel-author
298332,Wendy Darling,Peter Pan,J. M. Barrie,The novel with 'Wendy Darling' as the main character is,"Peter Pan|Peter and Wendy|Peter Pan; or, the Boy Who Wouldn't Grow Up",Peter Pan.,Peter Pan,Peter Pan was written by an author named,"J. M. Barrie|James Matthew Barrie|J.M. Barrie|Sir James Matthew Barrie, 1st Baronet|James Barrie|JM Barrie|James M. Barrie",J.M. Barrie,J. M. Barrie,author of mainchar's novel,mainchar-novel-author
298333,Ichabod Crane,The Legend of Sleepy Hollow,Washington Irving,The novel with 'Ichabod Crane' as the main character is,The Legend of Sleepy Hollow,The Legend of Sleepy Hollow,The Legend of Sleepy Hollow,The Legend of Sleepy Hollow was written by an author named,Washington Irving|Diedrich Knickerbocker|Geoffrey Crayon|Lauuncelot Langstaff,Washington Irving,Washington Irving,author of mainchar's novel,mainchar-novel-author
300687,Andy Jassy,Amazon,Jeff Bezos,The organization led by CEO Andy Jassy is,"Amazon|Amazon.com|Amazon.com, Inc.",Amazon,Amazon,Amazon was founded by the person named,Jeff Bezos|Jeffrey Preston Bezos|Jeffrey Preston Jorgensen|Jeffrey Bezos|Jeffrey Jorgensen|Jeff Jorgensen,Jeff Bezos,Jeff Bezos,founder of ceo's orgz,ceo-orgz-founder
302337,Satya Nadella,Microsoft,Redmond,The organization led by CEO Satya Nadella is,"Microsoft|MS|MSFT|Microsoft Corp.|Micro-Soft|Microsoft Corporation|MICROSOFT TECHNOLOGY LICENSING, LLC (Redmond, WA)",Microsoft Corporation,Microsoft,Microsoft has its headquarters in the city of,"Redmond|Redmond, Washington|Redmond, WA",Redmond.,Redmond,hqcity of ceo's orgz,ceo-orgz-hqcity
302338,Tim Cook,Apple,Cupertino,The organization led by CEO Tim Cook is,"Apple|Apple Computer, Inc.|Apple Computer Inc|Apple Incorporated|Apple Computer Incorporated|Apple, Inc|Apple Computer Inc.|Apple Inc.|AAPL|Apple Inc.     (Cupertino, CA)",Apple Inc.,Apple,Apple has its headquarters in the city of,"Cupertino|City of Cupertino|Cupertino, California|Cupertino, CA",Cupertino.,Cupertino,hqcity of ceo's orgz,ceo-orgz-hqcity
302339,Bob Chapek,The Walt Disney Company,Burbank,The organization led by CEO Bob Chapek is,The Walt Disney Company|Disney|Disney Brothers Cartoon Studio|The Walt Disney Studio|Walt Disney Productions|Walt Disney Company|Walt Disney,The Walt Disney Company,The Walt Disney Company,The Walt Disney Company has its headquarters in the city of,"Burbank|Burbank, California|Burbank, CA",Burbank.,Burbank,hqcity of ceo's orgz,ceo-orgz-hqcity
302340,Andy Jassy,Amazon,Seattle,The organization led by CEO Andy Jassy is,"Amazon|Amazon.com|Amazon.com, Inc.",Amazon,Amazon,Amazon has its headquarters in the city of,"Seattle|Seattle, Washington|Seattle, WA|Duwamps|New York Alki",Seattle.,Seattle,hqcity of ceo's orgz,ceo-orgz-hqcity
302361,Warren Buffett,Berkshire Hathaway,Omaha,The organization led by CEO Warren Buffett is,Berkshire Hathaway|Berkshire Hathaway Inc.|Valley Falls Company|Berkshire Hathaway Incorperation,Berkshire Hathaway.,Berkshire Hathaway,Berkshire Hathaway has its headquarters in the city of,"Omaha|Omaha, Nebraska|Omaha, NE",Omaha.,Omaha,hqcity of ceo's orgz,ceo-orgz-hqcity
302383,Fatih Birol,International Energy Agency,Paris,The organization led by CEO Fatih Birol is,International Energy Agency|IEA|iea.org,International Energy Agency (IEA),International Energy Agency,International Energy Agency has its headquarters in the city of,Paris|City of Light|City of Love|Lutetia,Paris.,Paris,hqcity of ceo's orgz,ceo-orgz-hqcity
302399,Jenő Vázsonyi,Hungarian State Railways,Budapest,The organization led by CEO Jenő Vázsonyi is,Hungarian State Railways|MÁV|Magyar Államvasutak Zrt.|MAV|Magyar Allamvasutak Zrt.|Royal Hungarian State Railways,Hungarian Railways (MÁV),MÁV,Hungarian State Railways has its headquarters in the city of,"Budapest|Buda Pest|Buda-Pest|Budapešť|Budapesta|Budapeszt|Buda|Ofen|Budín|Budim|Budon|Pest|Pešť|Pešta|Alt-Ofen|Budapest, Hungary|Buda-Pesth",Budapest,Budapest,hqcity of ceo's orgz,ceo-orgz-hqcity
302537,Anne-Marie Slaughter,New America,"Washington, D.C.",The organization led by CEO Anne-Marie Slaughter is,New America|New America Foundation,The New America Foundation.,New America,New America has its headquarters in the city of,"Washington, D.C.|Washington|Washington DC|Washington, DC|DC|D.C.|District of Columbia|Washington, District of Columbia|Washington D.C.|The District|Washington, D.C., U.S.|US-DC|Washington, D. C.|D.C. Washington",Washington D.C.,"Washington, D.C.",hqcity of ceo's orgz,ceo-orgz-hqcity
304793,Satya Nadella,Microsoft,United States of America,The organization led by CEO Satya Nadella is,"Microsoft|MS|MSFT|Microsoft Corp.|Micro-Soft|Microsoft Corporation|MICROSOFT TECHNOLOGY LICENSING, LLC (Redmond, WA)",Microsoft Corporation,Microsoft,Microsoft has its headquarters in the country of,United States of America|the United States of America|America|U.S.A.|USA|U.S.|US|the US|the USA|US of A|the United States|U. S. A.|U. S.|the States|the U.S.|United States|US of America|the U.S.A.|the US of America|the US of A|the U.S. of A|the U.S. of America|U.S. of America|Merica,United States.,United States,hqcntry of ceo's orgz,ceo-orgz-hqcntry
304795,Akio Toyoda,Toyota,Japan,The organization led by CEO Akio Toyoda is,Toyota|Toyota Motor Corporation|Toyota Jidosha KK|Toyota Jidōsha|TOYOTA JIDOSHA KABUSHIKI KAISHA|TOYOTA JIDOSHA KABUSHIKI KAISHA (Toyota),Toyota Motor Corporation,Toyota,Toyota has its headquarters in the country of,Japan|State of Japan|Land of the Rising Sun|Nihon|Nippon|JP|Nippon-koku|Nihon-koku|JPN|JAP|JA|🇯🇵|Iapan|Iapon|Land of Rising Sun,Japan.,Japan,hqcntry of ceo's orgz,ceo-orgz-hqcntry
304796,Bob Chapek,The Walt Disney Company,United States of America,The organization led by CEO Bob Chapek is,The Walt Disney Company|Disney|Disney Brothers Cartoon Studio|The Walt Disney Studio|Walt Disney Productions|Walt Disney Company|Walt Disney,The Walt Disney Company,The Walt Disney Company,The Walt Disney Company has its headquarters in the country of,United States of America|the United States of America|America|U.S.A.|USA|U.S.|US|the US|the USA|US of A|the United States|U. S. A.|U. S.|the States|the U.S.|United States|US of America|the U.S.A.|the US of America|the US of A|the U.S. of A|the U.S. of America|U.S. of America|Merica,United States,United States,hqcntry of ceo's orgz,ceo-orgz-hqcntry
304812,Mark Zuckerberg,Meta Platforms,United States of America,The organization led by CEO Mark Zuckerberg is,"Meta Platforms|Meta Platforms, Inc.|Facebook, Inc.|Facebook|Meta|TheFacebook, Inc.",Facebook,Facebook,Meta Platforms has its headquarters in the country of,United States of America|the United States of America|America|U.S.A.|USA|U.S.|US|the US|the USA|US of A|the United States|U. S. A.|U. S.|the States|the U.S.|United States|US of America|the U.S.A.|the US of America|the US of A|the U.S. of A|the U.S. of America|U.S. of America|Merica,United States,United States,hqcntry of ceo's orgz,ceo-orgz-hqcntry
304824,Warren Buffett,Berkshire Hathaway,United States of America,The organization led by CEO Warren Buffett is,Berkshire Hathaway|Berkshire Hathaway Inc.|Valley Falls Company|Berkshire Hathaway Incorperation,Berkshire Hathaway.,Berkshire Hathaway,Berkshire Hathaway has its headquarters in the country of,United States of America|the United States of America|America|U.S.A.|USA|U.S.|US|the US|the USA|US of A|the United States|U. S. A.|U. S.|the States|the U.S.|United States|US of America|the U.S.A.|the US of America|the US of A|the U.S. of A|the U.S. of America|U.S. of America|Merica,United States.,United States,hqcntry of ceo's orgz,ceo-orgz-hqcntry
304852,Larry Fink,BlackRock,United States of America,The organization led by CEO Larry Fink is,"BlackRock|BlackRock, Inc.|BLK",BlackRock,BlackRock,BlackRock has its headquarters in the country of,United States of America|the United States of America|America|U.S.A.|USA|U.S.|US|the US|the USA|US of A|the United States|U. S. A.|U. S.|the States|the U.S.|United States|US of America|the U.S.A.|the US of America|the US of A|the U.S. of A|the U.S. of America|U.S. of America|Merica,United States.,United States,hqcntry of ceo's orgz,ceo-orgz-hqcntry
304891,Jenő Vázsonyi,Hungarian State Railways,Hungary,The organization led by CEO Jenő Vázsonyi is,Hungarian State Railways|MÁV|Magyar Államvasutak Zrt.|MAV|Magyar Allamvasutak Zrt.|Royal Hungarian State Railways,Hungarian Railways (MÁV),MÁV,Hungarian State Railways has its headquarters in the country of,Hungary|hu|🇭🇺|HUN,Hungary,Hungary,hqcntry of ceo's orgz,ceo-orgz-hqcntry
305098,Anne-Marie Slaughter,New America,United States of America,The organization led by CEO Anne-Marie Slaughter is,New America|New America Foundation,The New America Foundation.,New America,New America has its headquarters in the country of,United States of America|the United States of America|America|U.S.A.|USA|U.S.|US|the US|the USA|US of A|the United States|U. S. A.|U. S.|the States|the U.S.|United States|US of America|the U.S.A.|the US of America|the US of A|the U.S. of A|the U.S. of America|U.S. of America|Merica,United States.,United States,hqcntry of ceo's orgz,ceo-orgz-hqcntry
309009,Andy Jassy,Amazon,Nasdaq,The organization led by CEO Andy Jassy is,"Amazon|Amazon.com|Amazon.com, Inc.",Amazon,Amazon,Amazon is listed on a stock exchange named,Nasdaq|National Association of Securities Dealers Automated Quotations|Nasdaq Stock Market|NASDAQ - All Markets,NASDAQ,Nasdaq,stockexch of ceo's orgz,ceo-orgz-stockexch
309013,Mark Zuckerberg,Meta Platforms,Nasdaq,The organization led by CEO Mark Zuckerberg is,"Meta Platforms|Meta Platforms, Inc.|Facebook, Inc.|Facebook|Meta|TheFacebook, Inc.",Facebook,Facebook,Meta Platforms is listed on a stock exchange named,Nasdaq|National Association of Securities Dealers Automated Quotations|Nasdaq Stock Market|NASDAQ - All Markets,NASDAQ,Nasdaq,stockexch of ceo's orgz,ceo-orgz-stockexch
309019,Warren Buffett,Berkshire Hathaway,New York Stock Exchange,The organization led by CEO Warren Buffett is,Berkshire Hathaway|Berkshire Hathaway Inc.|Valley Falls Company|Berkshire Hathaway Incorperation,Berkshire Hathaway.,Berkshire Hathaway,Berkshire Hathaway is listed on a stock exchange named,New York Stock Exchange|NYSE|Big Board|The New York Stock Exchange|NY Stock Exchange|N. Y. Stock Exchange|N.Y. Stock Exchange|XNYS,New York Stock Exchange (NYSE),New York Stock Exchange,stockexch of ceo's orgz,ceo-orgz-stockexch
309029,Larry Fink,BlackRock,New York Stock Exchange,The organization led by CEO Larry Fink is,"BlackRock|BlackRock, Inc.|BLK",BlackRock,BlackRock,BlackRock is listed on a stock exchange named,New York Stock Exchange|NYSE|Big Board|The New York Stock Exchange|NY Stock Exchange|N. Y. Stock Exchange|N.Y. Stock Exchange|XNYS,New York Stock Exchange (NYSE),New York Stock Exchange,stockexch of ceo's orgz,ceo-orgz-stockexch
309459,Russia,Vladimir Putin,Saint Petersburg,The president of Russia is,Vladimir Putin|Vladimir Vladimirovich Putin|Putin,Vladimir Putin,Vladimir Putin,Vladimir Putin was born in the city of,Saint Petersburg|St. Petersburg|Petrograd|Leningrad|Petersburg|Sankt-Peterburg|St Petersburg,Leningrad.,Leningrad,birthcity of cntry's president,cntry-president-birthcity
309471,Venezuela,Nicolás Maduro,Caracas,The president of Venezuela is,Nicolás Maduro|Nicolás Maduro Moros|Nicolas Maduro Moros|Nicolas Maduro|Maduro,Nicolas Maduro,Nicolás Maduro,Nicolás Maduro was born in the city of,Caracas|Santiago de Leon de Caracas|CCS|Santiago de León de Caracas,Caracas.,Caracas,birthcity of cntry's president,cntry-president-birthcity
309490,Liberia,George Weah,Monrovia,The president of Liberia is,George Weah|George Manneh Oppong Weah,George Weah,George Weah,George Weah was born in the city of,Monrovia,Monrovia.,Monrovia,birthcity of cntry's president,cntry-president-birthcity
309754,United States of America,Joe Biden,United States of America,The president of United States of America is,"Joe Biden|Joseph Biden|Joseph R. Biden|Joseph R. Biden Jr.|Joseph R. Biden, Jr.|Biden|JRB|POTUS 46|Joe R. Biden Jr.|Joseph Robinette Biden|President Biden|President Joe Biden|President Joseph Biden|President Joseph R. Biden|Joseph Robinette Biden Jr.|President Joseph Biden Jr.|President Joseph Robinette Biden|President Joseph R. Biden Jr.|Joe R. Biden|President Joseph Robinette Biden Jr.|Joe Biden Jr.|Robin Ware|Robert L. Peters|JRB Ware",Joe Biden,Joe Biden,Joe Biden was born in the country of,United States of America|the United States of America|America|U.S.A.|USA|U.S.|US|the US|the USA|US of A|the United States|U. S. A.|U. S.|the States|the U.S.|United States|US of America|the U.S.A.|the US of America|the US of A|the U.S. of A|the U.S. of America|U.S. of America|Merica,United States,United States,birthcntry of cntry's president,cntry-president-birthcntry
309755,Russia,Vladimir Putin,Russia,The president of Russia is,Vladimir Putin|Vladimir Vladimirovich Putin|Putin,Vladimir Putin,Vladimir Putin,Vladimir Putin was born in the country of,Russia|Rossiya|Rossija|RU|RUS|Rossijskaja Federatsija|Russian Federation|Rossiyskaya Federatsiya|RF|Российская Федерация|Россия|Federation of Russia,Russia,Russia,birthcntry of cntry's president,cntry-president-birthcntry
309760,Iran,Ali Khamenei,Iran,The president of Iran is,Ali Khamenei|Alī Ḥoseynī Khāmeneī|Imam Khamenei|Sayyid Ali Khamenei|Sayyid Ali Hoseyni Khamenei|Ayatollah Khamenei|Ayatollah Ali Khamenei,Ayatollah Ali Khamenei,Ali Khamenei,Ali Khamenei was born in the country of,Iran|Islamic Republic of Iran|Persia|ir|Islamic Rep. Iran|🇮🇷|irn,Iran.,Iran,birthcntry of cntry's president,cntry-president-birthcntry
309767,Venezuela,Nicolás Maduro,Venezuela,The president of Venezuela is,Nicolás Maduro|Nicolás Maduro Moros|Nicolas Maduro Moros|Nicolas Maduro|Maduro,Nicolas Maduro,Nicolás Maduro,Nicolás Maduro was born in the country of,Venezuela|Bolivarian Republic of Venezuela|BR Venezuela|VE|🇻🇪|Estados Unidos de Venezuela|Vzla|VEN,Venezuela.,Venezuela,birthcntry of cntry's president,cntry-president-birthcntry
309779,Eritrea,Isaias Afwerki,Eritrea,The president of Eritrea is,Isaias Afwerki,Isaias Afwerki,Isaias Afwerki,Isaias Afwerki was born in the country of,Eritrea|State of Eritrea|Ertrā|Iritriyā|er|🇪🇷|ERI|IRI,Eritrea,Eritrea,birthcntry of cntry's president,cntry-president-birthcntry
309786,Liberia,George Weah,Liberia,The president of Liberia is,George Weah|George Manneh Oppong Weah,George Weah,George Weah,George Weah was born in the country of,Liberia|Republic of Liberia|lr|🇱🇷|LBR,Liberia,Liberia,birthcntry of cntry's president,cntry-president-birthcntry
310344,Tik Tok,Kesha,Los Angeles,The singer of 'Tik Tok' is,Kesha|Ke$ha|Kesha Rose Sebert|Kesha Sebert,Ke$ha,Ke$ha,Kesha was born in the city of,"Los Angeles|Los Angeles, California|Pink City|The town of Our Lady the Queen of the Angels of the Little Portion|La La Land|Tinsel Town|City of Angels|City of Los Angeles|LA, California|L.A.|LA|Double Dubuque|Los Ángeles|Los Angeles, CA",Los Angeles,Los Angeles,birthcity of song's singer,song-singer-birthcity
310391,Summertime Sadness,Lana Del Rey,New York City,The singer of 'Summertime Sadness' is,Lana Del Rey|May Jailer|Elizabeth Grant|Lizzy Grant|Elizabeth Woolridge Grant|Lana Del Ray|Lana|لانا دل راي|دل راي|إليزابيث وولريدج غرانت|إليزابيث غرانت|ليزي غرانت|ليزي|لانا,Lana Del Rey,Lana Del Rey,Lana Del Rey was born in the city of,"New York City|NYC|the five boroughs|Big Apple|City of New York|NY City|New York, New York|New York City, New York|New York, NY|New York City, NY|Caput Mundi|The City So Nice They Named It Twice|Capital of the World|New York|New York City (NYC)|New York (city)|Center of the Universe",New York City.,New York City,birthcity of song's singer,song-singer-birthcity
310404,Still D.R.E.,Snoop Dogg,Long Beach,The singer of 'Still D.R.E.' is,Snoop Dogg|Snoop Doggy Dogg|Bigg Snoop Dogg|Snoop Lion|Calvin Broadus|Snoopzilla|Cordozar Calvin Broadus|Snoop D.O. Double G|Snoop Rock|Calvin Cordozar Broadus Jr.|Calvin Broadus Jr.|Cordozar Calvin Broadus Jr.|Keresztes Ildikó|Calvin Corde Broadus|Snoop-A-Loop,Snoop Dogg,Snoop Dogg,Snoop Dogg was born in the city of,"Long Beach|Long Beach, California|Long Beach, CA",Long Beach,Long Beach,birthcity of song's singer,song-singer-birthcity
310525,Turn the Page,Bob Seger,Detroit,The singer of 'Turn the Page' is,Bob Seger|Robert Clark Seger,Bob Seger,Bob Seger,Bob Seger was born in the city of,"Detroit|Motor City|Detroit, Michigan|Detroiit|Detroit, MI|The D|City of Detroit",Detroit,Detroit,birthcity of song's singer,song-singer-birthcity
310530,Maybellene,Chuck Berry,St. Louis,The singer of 'Maybellene' is,Chuck Berry|Charles Edward Anderson Berry|Charles Edward Anderson Chuck Berry|Charles Edward Anderson|Charles Edward Berry,Chuck Berry,Chuck Berry,Chuck Berry was born in the city of,"St. Louis|St. Louis, Missouri|City of St. Louis|St. Louis City|Saint Louis|St Louis|St. Louis, MO|Saint Louis, MO",St. Louis,St. Louis,birthcity of song's singer,song-singer-birthcity
310536,You Never Can Tell,Chuck Berry,St. Louis,The singer of 'You Never Can Tell' is,Chuck Berry|Charles Edward Anderson Berry|Charles Edward Anderson Chuck Berry|Charles Edward Anderson|Charles Edward Berry,Chuck Berry,Chuck Berry,Chuck Berry was born in the city of,"St. Louis|St. Louis, Missouri|City of St. Louis|St. Louis City|Saint Louis|St Louis|St. Louis, MO|Saint Louis, MO",St. Louis,St. Louis,birthcity of song's singer,song-singer-birthcity
310552,Brown Eyed Girl,Van Morrison,Belfast,The singer of 'Brown Eyed Girl' is,Van Morrison|George Morrison|George Ivan Morrison|Sir George Morrison|Sir George Ivan Morrison|Van the Man,Van Morrison,Van Morrison,Van Morrison was born in the city of,"Belfast|Béal Feirste|Beal Feirste|Belfast, Northern Ireland",Belfast.,Belfast,birthcity of song's singer,song-singer-birthcity
310613,Black Velvet,Alannah Myles,Toronto,The singer of 'Black Velvet' is,Alannah Myles|Alannah Byles,Alannah Myles,Alannah Myles,Alannah Myles was born in the city of,"Toronto|City of Toronto|The Six|T-O|The 416|Hogtown|Toronto, Ontario|Toronto, ON|Toronto, Canada",Toronto.,Toronto,birthcity of song's singer,song-singer-birthcity
310661,The Needle and the Damage Done,Neil Young,Toronto,The singer of 'The Needle and the Damage Done' is,Neil Young|Neil Percival Young|Shakey|Godfather of Grunge|Neil Percival Kenneth Robert Ragland Young,Neil Young,Neil Young,Neil Young was born in the city of,"Toronto|City of Toronto|The Six|T-O|The 416|Hogtown|Toronto, Ontario|Toronto, ON|Toronto, Canada",Toronto.,Toronto,birthcity of song's singer,song-singer-birthcity
310890,Cat Scratch Fever,Ted Nugent,Detroit,The singer of 'Cat Scratch Fever' is,Ted Nugent|Theodore Anthony Nugent|Theodore Nugent|Theodore Anthony,Ted Nugent,Ted Nugent,Ted Nugent was born in the city of,"Detroit|Motor City|Detroit, Michigan|Detroiit|Detroit, MI|The D|City of Detroit",Detroit,Detroit,birthcity of song's singer,song-singer-birthcity
328373,Earth Song,Michael Jackson,United States of America,The singer of 'Earth Song' is,Michael Jackson|MJ|The King of Pop|Michael Joe Jackson|Michael Joseph Jackson|M.J.|M. J.|King of Pop|King of Music,Michael Jackson,Michael Jackson,Michael Jackson was born in the country of,United States of America|the United States of America|America|U.S.A.|USA|U.S.|US|the US|the USA|US of A|the United States|U. S. A.|U. S.|the States|the U.S.|United States|US of America|the U.S.A.|the US of America|the US of A|the U.S. of A|the U.S. of America|U.S. of America|Merica,United States,United States,birthcntry of song's singer,song-singer-birthcntry
328382,Complicated,Avril Lavigne,Canada,The singer of 'Complicated' is,Avril Lavigne|Avril Ramona Lavigne,Avril Lavigne,Avril Lavigne,Avril Lavigne was born in the country of,Canada|CAN|CA,Canada,Canada,birthcntry of song's singer,song-singer-birthcntry
328381,Piece of Me,Britney Spears,United States of America,The singer of 'Piece of Me' is,Britney Spears|Britney Jean Spears|Britney Bitch|The Princess of Pop|Princess of Pop,Britney Spears,Britney Spears,Britney Spears was born in the country of,United States of America|the United States of America|America|U.S.A.|USA|U.S.|US|the US|the USA|US of A|the United States|U. S. A.|U. S.|the States|the U.S.|United States|US of America|the U.S.A.|the US of America|the US of A|the U.S. of A|the U.S. of America|U.S. of America|Merica,United States,United States,birthcntry of song's singer,song-singer-birthcntry
328386,Sk8er Boi,Avril Lavigne,Canada,The singer of 'Sk8er Boi' is,Avril Lavigne|Avril Ramona Lavigne,Avril Lavigne,Avril Lavigne,Avril Lavigne was born in the country of,Canada|CAN|CA,Canada,Canada,birthcntry of song's singer,song-singer-birthcntry
328388,Chandelier,Sia,Australia,The singer of 'Chandelier' is,Sia|Sia Kate Isobelle Furler|Sia Furler,Sia Furler,Sia,Sia was born in the country of,Australia|Commonwealth of Australia|AU|AUS|🇦🇺|Straya|Aussieland|Oz|Stralia|New Holland|New Hollandia|Nova Hollandia|Down Under,Australia,Australia,birthcntry of song's singer,song-singer-birthcntry
328393,Lose Yourself,Eminem,United States of America,The singer of 'Lose Yourself' is,Eminem|EMINƎM|Slim Shady|Marshall Mathers|Marshall Bruce Mathers III,Eminem,Eminem,Eminem was born in the country of,United States of America|the United States of America|America|U.S.A.|USA|U.S.|US|the US|the USA|US of A|the United States|U. S. A.|U. S.|the States|the U.S.|United States|US of America|the U.S.A.|the US of America|the US of A|the U.S. of A|the U.S. of America|U.S. of America|Merica,United States,United States,birthcntry of song's singer,song-singer-birthcntry
328397,(You Drive Me) Crazy,Britney Spears,United States of America,The singer of '(You Drive Me) Crazy' is,Britney Spears|Britney Jean Spears|Britney Bitch|The Princess of Pop|Princess of Pop,Britney Spears,Britney Spears,Britney Spears was born in the country of,United States of America|the United States of America|America|U.S.A.|USA|U.S.|US|the US|the USA|US of A|the United States|U. S. A.|U. S.|the States|the U.S.|United States|US of America|the U.S.A.|the US of America|the US of A|the U.S. of A|the U.S. of America|U.S. of America|Merica,United States,United States,birthcntry of song's singer,song-singer-birthcntry
328402,Happy,Pharrell Williams,United States of America,The singer of 'Happy' is,"Pharrell Williams|Magnum, the Verb Lord|Skateboard P|Pharrell|Sk8board|Auto Goon|Station Wagon P|Pharrell Lanscilo Williams",Pharrell Williams,Pharrell Williams,Pharrell Williams was born in the country of,United States of America|the United States of America|America|U.S.A.|USA|U.S.|US|the US|the USA|US of A|the United States|U. S. A.|U. S.|the States|the U.S.|United States|US of America|the U.S.A.|the US of America|the US of A|the U.S. of A|the U.S. of America|U.S. of America|Merica,United States,United States,birthcntry of song's singer,song-singer-birthcntry
328415,I'm a Slave 4 U,Britney Spears,United States of America,The singer of 'I'm a Slave 4 U' is,Britney Spears|Britney Jean Spears|Britney Bitch|The Princess of Pop|Princess of Pop,Britney Spears,Britney Spears,Britney Spears was born in the country of,United States of America|the United States of America|America|U.S.A.|USA|U.S.|US|the US|the USA|US of A|the United States|U. S. A.|U. S.|the States|the U.S.|United States|US of America|the U.S.A.|the US of America|the US of A|the U.S. of A|the U.S. of America|U.S. of America|Merica,United States,United States,birthcntry of song's singer,song-singer-birthcntry
328426,Summer of '69,Bryan Adams,Canada,The singer of 'Summer of '69' is,Bryan Adams|Bryan Guy Adams,Bryan Adams,Bryan Adams,Bryan Adams was born in the country of,Canada|CAN|CA,Canada,Canada,birthcntry of song's singer,song-singer-birthcntry
328433,Love Me Tender,Elvis Presley,United States of America,The singer of 'Love Me Tender' is,Elvis Presley|Elvis|Elvis Aaron Presley|The King of Rock'n'Roll|King of Rock'n'Roll|Elvis Aron Presley|The King of Rock 'n' Roll|King of Rock 'n' Roll|Elvis A. Presley,Elvis Presley,Elvis Presley,Elvis Presley was born in the country of,United States of America|the United States of America|America|U.S.A.|USA|U.S.|US|the US|the USA|US of A|the United States|U. S. A.|U. S.|the States|the U.S.|United States|US of America|the U.S.A.|the US of America|the US of A|the U.S. of A|the U.S. of America|U.S. of America|Merica,United States,United States,birthcntry of song's singer,song-singer-birthcntry
328439,Summertime Sadness,Lana Del Rey,United States of America,The singer of 'Summertime Sadness' is,Lana Del Rey|May Jailer|Elizabeth Grant|Lizzy Grant|Elizabeth Woolridge Grant|Lana Del Ray|Lana|لانا دل راي|دل راي|إليزابيث وولريدج غرانت|إليزابيث غرانت|ليزي غرانت|ليزي|لانا,Lana Del Rey,Lana Del Rey,Lana Del Rey was born in the country of,United States of America|the United States of America|America|U.S.A.|USA|U.S.|US|the US|the USA|US of A|the United States|U. S. A.|U. S.|the States|the U.S.|United States|US of America|the U.S.A.|the US of America|the US of A|the U.S. of A|the U.S. of America|U.S. of America|Merica,United States,United States,birthcntry of song's singer,song-singer-birthcntry
328452,Still D.R.E.,Snoop Dogg,United States of America,The singer of 'Still D.R.E.' is,Snoop Dogg|Snoop Doggy Dogg|Bigg Snoop Dogg|Snoop Lion|Calvin Broadus|Snoopzilla|Cordozar Calvin Broadus|Snoop D.O. Double G|Snoop Rock|Calvin Cordozar Broadus Jr.|Calvin Broadus Jr.|Cordozar Calvin Broadus Jr.|Keresztes Ildikó|Calvin Corde Broadus|Snoop-A-Loop,Snoop Dogg,Snoop Dogg,Snoop Dogg was born in the country of,United States of America|the United States of America|America|U.S.A.|USA|U.S.|US|the US|the USA|US of A|the United States|U. S. A.|U. S.|the States|the U.S.|United States|US of America|the U.S.A.|the US of America|the US of A|the U.S. of A|the U.S. of America|U.S. of America|Merica,United States,United States,birthcntry of song's singer,song-singer-birthcntry
328459,Stronger (What Doesn't Kill You),Kelly Clarkson,United States of America,The singer of 'Stronger (What Doesn't Kill You)' is,Kelly Clarkson|Kelly Brianne Clarkson|Kelly Brianne,Kelly Clarkson,Kelly Clarkson,Kelly Clarkson was born in the country of,United States of America|the United States of America|America|U.S.A.|USA|U.S.|US|the US|the USA|US of A|the United States|U. S. A.|U. S.|the States|the U.S.|United States|US of America|the U.S.A.|the US of America|the US of A|the U.S. of A|the U.S. of America|U.S. of America|Merica,United States,United States,birthcntry of song's singer,song-singer-birthcntry
328492,Born to Run,Bruce Springsteen,United States of America,The singer of 'Born to Run' is,Bruce Springsteen|Bruce Springsteen & The E Street Band|Bruce Frederick Joseph Springsteen|The Boss,Bruce Springsteen,Bruce Springsteen,Bruce Springsteen was born in the country of,United States of America|the United States of America|America|U.S.A.|USA|U.S.|US|the US|the USA|US of A|the United States|U. S. A.|U. S.|the States|the U.S.|United States|US of America|the U.S.A.|the US of America|the US of A|the U.S. of A|the U.S. of America|U.S. of America|Merica,United States,United States,birthcntry of song's singer,song-singer-birthcntry
328552,Forgot About Dre,Eminem,United States of America,The singer of 'Forgot About Dre' is,Eminem|EMINƎM|Slim Shady|Marshall Mathers|Marshall Bruce Mathers III,Eminem,Eminem,Eminem was born in the country of,United States of America|the United States of America|America|U.S.A.|USA|U.S.|US|the US|the USA|US of A|the United States|U. S. A.|U. S.|the States|the U.S.|United States|US of America|the U.S.A.|the US of America|the US of A|the U.S. of A|the U.S. of America|U.S. of America|Merica,United States,United States,birthcntry of song's singer,song-singer-birthcntry
328581,Maybellene,Chuck Berry,United States of America,The singer of 'Maybellene' is,Chuck Berry|Charles Edward Anderson Berry|Charles Edward Anderson Chuck Berry|Charles Edward Anderson|Charles Edward Berry,Chuck Berry,Chuck Berry,Chuck Berry was born in the country of,United States of America|the United States of America|America|U.S.A.|USA|U.S.|US|the US|the USA|US of A|the United States|U. S. A.|U. S.|the States|the U.S.|United States|US of America|the U.S.A.|the US of America|the US of A|the U.S. of A|the U.S. of America|U.S. of America|Merica,United States,United States,birthcntry of song's singer,song-singer-birthcntry
328582,You Never Can Tell,Chuck Berry,United States of America,The singer of 'You Never Can Tell' is,Chuck Berry|Charles Edward Anderson Berry|Charles Edward Anderson Chuck Berry|Charles Edward Anderson|Charles Edward Berry,Chuck Berry,Chuck Berry,Chuck Berry was born in the country of,United States of America|the United States of America|America|U.S.A.|USA|U.S.|US|the US|the USA|US of A|the United States|U. S. A.|U. S.|the States|the U.S.|United States|US of America|the U.S.A.|the US of America|the US of A|the U.S. of A|the U.S. of America|U.S. of America|Merica,United States,United States,birthcntry of song's singer,song-singer-birthcntry
328714,The Needle and the Damage Done,Neil Young,Canada,The singer of 'The Needle and the Damage Done' is,Neil Young|Neil Percival Young|Shakey|Godfather of Grunge|Neil Percival Kenneth Robert Ragland Young,Neil Young,Neil Young,Neil Young was born in the country of,Canada|CAN|CA,Canada,Canada,birthcntry of song's singer,song-singer-birthcntry
329589,G.I. Blues,Elvis Presley,United States of America,The singer of 'G.I. Blues' is,Elvis Presley|Elvis|Elvis Aaron Presley|The King of Rock'n'Roll|King of Rock'n'Roll|Elvis Aron Presley|The King of Rock 'n' Roll|King of Rock 'n' Roll|Elvis A. Presley,Elvis Presley,Elvis Presley,Elvis Presley was born in the country of,United States of America|the United States of America|America|U.S.A.|USA|U.S.|US|the US|the USA|US of A|the United States|U. S. A.|U. S.|the States|the U.S.|United States|US of America|the U.S.A.|the US of America|the US of A|the U.S. of A|the U.S. of America|U.S. of America|Merica,United States,United States,birthcntry of song's singer,song-singer-birthcntry
346234,Love Story,Taylor Swift,Scott Swift,The singer of 'Love Story' is,Taylor Swift|Taylor Alison Swift|Nils Sjöberg,Taylor Swift,Taylor Swift,The father of Taylor Swift is named,Scott Swift|Scott Kingsley Swift,Scott Kingsley Swift,Scott Kingsley Swift,father of song's singer,song-singer-father
346239,(You Drive Me) Crazy,Britney Spears,James Parnell Spears,The singer of '(You Drive Me) Crazy' is,Britney Spears|Britney Jean Spears|Britney Bitch|The Princess of Pop|Princess of Pop,Britney Spears,Britney Spears,The father of Britney Spears is named,James Parnell Spears|Jamie Spears,Jamie Spears.,Jamie Spears,father of song's singer,song-singer-father
346241,You Belong with Me,Taylor Swift,Scott Swift,The singer of 'You Belong with Me' is,Taylor Swift|Taylor Alison Swift|Nils Sjöberg,Taylor Swift,Taylor Swift,The father of Taylor Swift is named,Scott Swift|Scott Kingsley Swift,Scott Kingsley Swift,Scott Kingsley Swift,father of song's singer,song-singer-father
346256,I'm a Slave 4 U,Britney Spears,James Parnell Spears,The singer of 'I'm a Slave 4 U' is,Britney Spears|Britney Jean Spears|Britney Bitch|The Princess of Pop|Princess of Pop,Britney Spears,Britney Spears,The father of Britney Spears is named,James Parnell Spears|Jamie Spears,Jamie Spears.,Jamie Spears,father of song's singer,song-singer-father
346257,Wrecking Ball,Miley Cyrus,Billy Ray Cyrus,The singer of 'Wrecking Ball' is,Miley Cyrus|Destiny Hope Cyrus|Miley Ray Cyrus|Ashley O|Smiley Miley|Miley R. Cyrus|Miley Cyrus Love|Hannah Montana,Miley Cyrus,Miley Cyrus,The father of Miley Cyrus is named,Billy Ray Cyrus|William Ray Cyrus,Billy Ray Cyrus.,Billy Ray Cyrus,father of song's singer,song-singer-father
346258,Thinking Out Loud,Ed Sheeran,John Sheeran,The singer of 'Thinking Out Loud' is,Ed Sheeran|Edward Christopher Sheeran|Edward Sheeran,Ed Sheeran,Ed Sheeran,The father of Ed Sheeran is named,John Sheeran,John Sheeran,John Sheeran,father of song's singer,song-singer-father
346263,I Knew You Were Trouble,Taylor Swift,Scott Swift,The singer of 'I Knew You Were Trouble' is,Taylor Swift|Taylor Alison Swift|Nils Sjöberg,Taylor Swift,Taylor Swift,The father of Taylor Swift is named,Scott Swift|Scott Kingsley Swift,Scott Kingsley Swift,Scott Kingsley Swift,father of song's singer,song-singer-father
346264,Party in the U.S.A.,Miley Cyrus,Billy Ray Cyrus,The singer of 'Party in the U.S.A.' is,Miley Cyrus|Destiny Hope Cyrus|Miley Ray Cyrus|Ashley O|Smiley Miley|Miley R. Cyrus|Miley Cyrus Love|Hannah Montana,Miley Cyrus,Miley Cyrus,The father of Miley Cyrus is named,Billy Ray Cyrus|William Ray Cyrus,Billy Ray Cyrus,Billy Ray Cyrus,father of song's singer,song-singer-father
346308,The Story of Us,Taylor Swift,Scott Swift,The singer of 'The Story of Us' is,Taylor Swift|Taylor Alison Swift|Nils Sjöberg,Taylor Swift,Taylor Swift,The father of Taylor Swift is named,Scott Swift|Scott Kingsley Swift,Scott Kingsley Swift,Scott Kingsley Swift,father of song's singer,song-singer-father
346317,Fearless,Taylor Swift,Scott Swift,The singer of 'Fearless' is,Taylor Swift|Taylor Alison Swift|Nils Sjöberg,Taylor Swift,Taylor Swift,The father of Taylor Swift is named,Scott Swift|Scott Kingsley Swift,Scott Kingsley Swift,Scott Kingsley Swift,father of song's singer,song-singer-father
346833,I Know Places,Taylor Swift,Scott Swift,The singer of 'I Know Places' is,Taylor Swift|Taylor Alison Swift|Nils Sjöberg,Taylor Swift,Taylor Swift,The father of Taylor Swift is named,Scott Swift|Scott Kingsley Swift,Scott Kingsley Swift,Scott Kingsley Swift,father of song's singer,song-singer-father
352109,Earth Song,Michael Jackson,Katherine Jackson,The singer of 'Earth Song' is,Michael Jackson|MJ|The King of Pop|Michael Joe Jackson|Michael Joseph Jackson|M.J.|M. J.|King of Pop|King of Music,Michael Jackson,Michael Jackson,The mother of Michael Jackson is named,Katherine Jackson|Kattie B. Screws|Katherine Scruse|Katherine Esther Scruse|Katherine Esther Jackson,Katherine Esther Jackson,Katherine Esther Jackson,mother of song's singer,song-singer-mother
352234,Do the Bartman,Michael Jackson,Katherine Jackson,The singer of 'Do the Bartman' is,Michael Jackson|MJ|The King of Pop|Michael Joe Jackson|Michael Joseph Jackson|M.J.|M. J.|King of Pop|King of Music,Michael Jackson,Michael Jackson,The mother of Michael Jackson is named,Katherine Jackson|Kattie B. Screws|Katherine Scruse|Katherine Esther Scruse|Katherine Esther Jackson,Katherine Esther Jackson,Katherine Esther Jackson,mother of song's singer,song-singer-mother
352242,Maybe I'm Amazed,Paul McCartney,Mary McCartney,The singer of 'Maybe I'm Amazed' is,Paul McCartney|Sir Paul McCartney|Macca|James Paul McCartney,Paul McCartney,Paul McCartney,The mother of Paul McCartney is named,Mary McCartney,Mary McCartney,Mary McCartney,mother of song's singer,song-singer-mother
352469,Bound 2,Kanye West,Donda West,The singer of 'Bound 2' is,Kanye West|Kanye Omari West|Yeezy|Yeezus|Ye|Saint Pablo|Louis Vuitton Don|Ye West|Mr. West|Kanye|LeBron of Rhyme,Kanye West,Kanye West,The mother of Kanye West is named,Donda West|Donda W.|mother of Kanye West|Momager,Donda West.,Donda West,mother of song's singer,song-singer-mother
362717,Barack Obama,Michelle Obama,Chicago,The spouse of Barack Obama is,Michelle Obama|Michelle LaVaughn Obama|Michelle Robinson|Michelle LaVaughn Robinson Obama|First Lady Michelle Obama,Michelle Obama,Michelle Obama,Michelle Obama was born in the city of,"Chicago|Chicago, Illinois|The Windy City|City by the Lake|The Queen of the West|Chi-Town|Chitown|The Second City|City of Chicago|City of Broad Shoulders|Chi-Raq|Chicago, IL",Chicago.,Chicago,birthcity of person's spouse,person-spouse-birthcity
362807,Jessica Biel,Justin Timberlake,Memphis,The spouse of Jessica Biel is,Justin Timberlake|Justin Ran|Justin Randall Timberlake,Justin Timberlake,Justin Timberlake,Justin Timberlake was born in the city of,"Memphis|Memphis, Tennessee|Memphis, TN",Memphis,Memphis,birthcity of person's spouse,person-spouse-birthcity
381781,Barack Obama,Michelle Obama,United States of America,The spouse of Barack Obama is,Michelle Obama|Michelle LaVaughn Obama|Michelle Robinson|Michelle LaVaughn Robinson Obama|First Lady Michelle Obama,Michelle Obama,Michelle Obama,Michelle Obama was born in the country of,United States of America|the United States of America|America|U.S.A.|USA|U.S.|US|the US|the USA|US of A|the United States|U. S. A.|U. S.|the States|the U.S.|United States|US of America|the U.S.A.|the US of America|the US of A|the U.S. of A|the U.S. of America|U.S. of America|Merica,United States,United States,birthcntry of person's spouse,person-spouse-birthcntry
381784,Volodymyr Zelenskyy,Olena Zelenska,Ukraine,The spouse of Volodymyr Zelenskyy is,Olena Zelenska|Olena Kiyashko|Olena Volodymyrivna Zelenska|Olena Kyiashko|Olena Volodymyrivna Kyiashko|Elena Vladimirovna Zelenskaya|Elena Kiyashko|Elena Vladimirovna Kiyashko,Olena Zelenska,Olena Zelenska,Olena Zelenska was born in the country of,Ukraine|UA|UKR|Ukrainia|🇺🇦|Ukr.|Ukraina|the Ukraine|Ukraïna|Urkrain,Ukraine,Ukraine,birthcntry of person's spouse,person-spouse-birthcntry
381787,Jimmy Carter,Rosalynn Carter,United States of America,The spouse of Jimmy Carter is,Rosalynn Carter|Eleanor Rosalynn Smith Carter|Rosalynn Smith|Eleanor Rosalynn Carter|Eleanor Rosalynn Smith|Eleanor Smith|Rosalynn Smith Carter|Eleanor Carter,Rosalynn Carter,Rosalynn Carter,Rosalynn Carter was born in the country of,United States of America|the United States of America|America|U.S.A.|USA|U.S.|US|the US|the USA|US of A|the United States|U. S. A.|U. S.|the States|the U.S.|United States|US of America|the U.S.A.|the US of America|the US of A|the U.S. of A|the U.S. of America|U.S. of America|Merica,United States,United States,birthcntry of person's spouse,person-spouse-birthcntry
381789,Justin Bieber,Hailey Bieber,United States of America,The spouse of Justin Bieber is,Hailey Bieber|Hailey Rhode Bieber|Hailey Rhode Baldwin|Hailey Rhode|Hailey R. Bieber|Hailey R. Baldwin|Hailey Rhode-Bieber|Hailey Rhode-Baldwin|Hailey Rhode Baldwin Bieber|Hailey Baldwin Bieber|Hailey Baldwin,Hailey Baldwin,Hailey Baldwin,Hailey Bieber was born in the country of,United States of America|the United States of America|America|U.S.A.|USA|U.S.|US|the US|the USA|US of A|the United States|U. S. A.|U. S.|the States|the U.S.|United States|US of America|the U.S.A.|the US of America|the US of A|the U.S. of A|the U.S. of America|U.S. of America|Merica,United States,United States,birthcntry of person's spouse,person-spouse-birthcntry
381793,Mark Zuckerberg,Priscilla Chan,United States of America,The spouse of Mark Zuckerberg is,Priscilla Chan,Priscilla Chan,Priscilla Chan,Priscilla Chan was born in the country of,United States of America|the United States of America|America|U.S.A.|USA|U.S.|US|the US|the USA|US of A|the United States|U. S. A.|U. S.|the States|the U.S.|United States|US of America|the U.S.A.|the US of America|the US of A|the U.S. of A|the U.S. of America|U.S. of America|Merica,United States,United States,birthcntry of person's spouse,person-spouse-birthcntry
381799,Will Smith,Jada Pinkett Smith,United States of America,The spouse of Will Smith is,Jada Pinkett Smith|Jada Koren Pinkett Smith|Jada Koren|Jada Pinkett|Jada Pinkett-Smith,Jada Pinkett Smith,Jada Pinkett Smith,Jada Pinkett Smith was born in the country of,United States of America|the United States of America|America|U.S.A.|USA|U.S.|US|the US|the USA|US of A|the United States|U. S. A.|U. S.|the States|the U.S.|United States|US of America|the U.S.A.|the US of America|the US of A|the U.S. of A|the U.S. of America|U.S. of America|Merica,United States,United States,birthcntry of person's spouse,person-spouse-birthcntry
381800,Justin Trudeau,Sophie Grégoire,Canada,The spouse of Justin Trudeau is,Sophie Grégoire|Sophie Gregoire|Sophie Grégoire Trudeau|Sophie Trudeau,Sophie Grégoire,Sophie Grégoire,Sophie Grégoire was born in the country of,Canada|CAN|CA,I don't have information on a person named Sophie Grégoire being born in a specific country. Can you provide more context or details about who Sophie Grégoire is?,CAN,birthcntry of person's spouse,person-spouse-birthcntry
381811,Amitabh Bachchan,Jaya Bachchan,India,The spouse of Amitabh Bachchan is,Jaya Bachchan|Jaya Bhaduri Bachchan,Jaya Bachchan,Jaya Bachchan,Jaya Bachchan was born in the country of,India|Republic of India|Bharat|Bharatvarsh|Hindustan|IN|IND|🇮🇳|Bharata|Hindoostan|Indostan|Bharat Ganarajya,India,India,birthcntry of person's spouse,person-spouse-birthcntry
381860,Edward I of England,Margaret of France,France,The spouse of Edward I of England is,Margaret of France,Margaret of France,Margaret of France,Margaret of France was born in the country of,France|fr|Republic of France|French Republic|FRA|the Hexagon,France,France,birthcntry of person's spouse,person-spouse-birthcntry
381971,Virat Kohli,Anushka Sharma,India,The spouse of Virat Kohli is,Anushka Sharma,Anushka Sharma,Anushka Sharma,Anushka Sharma was born in the country of,India|Republic of India|Bharat|Bharatvarsh|Hindustan|IN|IND|🇮🇳|Bharata|Hindoostan|Indostan|Bharat Ganarajya,India,India,birthcntry of person's spouse,person-spouse-birthcntry
382059,The Miz,Maryse Mizanin,Canada,The spouse of The Miz is,Maryse Mizanin|Maryse (wrestler)|Maryse Ouellet|Maryse Ouellet Mizanin|Maryse,Mary Sefton,Maryse,Maryse Mizanin was born in the country of,Canada|CAN|CA,Canada,Canada,birthcntry of person's spouse,person-spouse-birthcntry
382068,Hailey Bieber,Justin Bieber,Canada,The spouse of Hailey Bieber is,Justin Bieber|Justin Drew Bieber,Justin Bieber,Justin Bieber,Justin Bieber was born in the country of,Canada|CAN|CA,Canada,Canada,birthcntry of person's spouse,person-spouse-birthcntry
400899,Justin Bieber,Hailey Bieber,Stephen Baldwin,The spouse of Justin Bieber is,Hailey Bieber|Hailey Rhode Bieber|Hailey Rhode Baldwin|Hailey Rhode|Hailey R. Bieber|Hailey R. Baldwin|Hailey Rhode-Bieber|Hailey Rhode-Baldwin|Hailey Rhode Baldwin Bieber|Hailey Baldwin Bieber|Hailey Baldwin,Hailey Baldwin,Hailey Baldwin,The father of Hailey Bieber is named,Stephen Baldwin|Stephen Andrew Baldwin,Stephen Baldwin.,Stephen Baldwin,father of person's spouse,person-spouse-father
400933,"Prince Harry, Duke of Sussex","Meghan, Duchess of Sussex",Thomas Markle,"The spouse of Prince Harry, Duke of Sussex is","Meghan, Duchess of Sussex|Rachel Meghan Markle|Meghan Markle|Duchess Meghan|Meghan Sussex|Rachel Markle|Duchess Rachel|Rachel Sussex",Meghan Markle,Meghan Markle,"The father of Meghan, Duchess of Sussex is named",Thomas Markle|Thomas Wayne Markle|Thomas W. Markle|Tom Markle,Thomas Markle.,Thomas Markle,father of person's spouse,person-spouse-father
403450,Aishwarya Rai Bachchan,Abhishek Bachchan,Jaya Bachchan,The spouse of Aishwarya Rai Bachchan is,Abhishek Bachchan|Abhishek A Bachchan|Abhishek Amitabh Bachchan,Abhishek Bachchan,Abhishek Bachchan,The mother of Abhishek Bachchan is named,Jaya Bachchan|Jaya Bhaduri Bachchan,Jaya Bachchan,Jaya Bachchan,mother of person's spouse,person-spouse-mother
403457,"Prince Harry, Duke of Sussex","Meghan, Duchess of Sussex",Doria Ragland,"The spouse of Prince Harry, Duke of Sussex is","Meghan, Duchess of Sussex|Rachel Meghan Markle|Meghan Markle|Duchess Meghan|Meghan Sussex|Rachel Markle|Duchess Rachel|Rachel Sussex",Meghan Markle,Meghan Markle,"The mother of Meghan, Duchess of Sussex is named",Doria Ragland|Doria Loyce Ragland|Doria Markle|Doria Loyce Markle,Doria Ragland.,Doria Ragland,mother of person's spouse,person-spouse-mother
403503,Hailey Bieber,Justin Bieber,Pattie Mallette,The spouse of Hailey Bieber is,Justin Bieber|Justin Drew Bieber,Justin Bieber,Justin Bieber,The mother of Justin Bieber is named,Pattie Mallette|Patricia Mallette,Pattie Mallette,Pattie Mallette,mother of person's spouse,person-spouse-mother
404940,Jack Layton,McGill University,James McGill,Jack Layton's undergrad university is,McGill University|Royal institution of advanced learning|University of McGill College|McGill college|McGill|mcgill.ca,McGill University,McGill University,McGill University was founded by the person named,James McGill,James McGill,James McGill,founder of person's uguniv,person-uguniv-founder
405134,Junuthula  N. Reddy,Osmania University,"Osman Ali Khan, Asaf Jah VII",Junuthula  N. Reddy's undergrad university is,Osmania University,Osmania University,Osmania University,Osmania University was founded by the person named,"Osman Ali Khan, Asaf Jah VII|Osman Ali Pasha|Asaf Jah 7|Nizam sarkar|7th nizam|Nizam VII|Osman Ali Khan|Mir Osman Ali khan|Sir Mir Osman Ali Khan",Osman Ali Khan Mulla,Osman Ali Khan,founder of person's uguniv,person-uguniv-founder
421802,Joe Biden,University of Delaware,Newark,Joe Biden's undergrad university is,University of Delaware|University of Delaware Emergency Care Unit|UD|Delaware College|udel.edu,University of Delaware,University of Delaware,University of Delaware has its headquarters in the city of,"Newark|Newark, Delaware|Newark, DE",Newark.,Newark,hqcity of person's uguniv,person-uguniv-hqcity
421838,Jill Biden,University of Delaware,Newark,Jill Biden's undergrad university is,University of Delaware|University of Delaware Emergency Care Unit|UD|Delaware College|udel.edu,University of Delaware,University of Delaware,University of Delaware has its headquarters in the city of,"Newark|Newark, Delaware|Newark, DE",Newark.,Newark,hqcity of person's uguniv,person-uguniv-hqcity
421839,William Gibson,University of British Columbia,Vancouver,William Gibson's undergrad university is,University of British Columbia|UBC|The University of British Columbia|McGill University College of British Columbia|ubc.ca|UBC Vancouver,University of British Columbia,University of British Columbia,University of British Columbia has its headquarters in the city of,"Vancouver|City of Vancouver|Vancouver, BC|Vancouver, British Columbia",Vancouver.,Vancouver,hqcity of person's uguniv,person-uguniv-hqcity
421840,Marvin Minsky,Harvard University,Cambridge,Marvin Minsky's undergrad university is,Harvard University|Harvard|University of Harvard|Harvard Graduate School|harvard.edu,Harvard University,Harvard University,Harvard University has its headquarters in the city of,"Cambridge|Cambridge, Massachusetts|Cambridge, MA",Cambridge.,Cambridge,hqcity of person's uguniv,person-uguniv-hqcity
421845,Jeb Bush,University of Texas at Austin,Austin,Jeb Bush's undergrad university is,"University of Texas at Austin|UT-Austin|UT Austin|UT|University of Texas, Austin|utexas.edu|University of Texas|UTA|The University of Texas at Austin|TTexas Longhorns swimming and diving",University of Texas at Austin,University of Texas at Austin,University of Texas at Austin has its headquarters in the city of,"Austin|Austin, Texas|Austin, TX",Austin.,Austin,hqcity of person's uguniv,person-uguniv-hqcity
421908,Catherine Cortez Masto,"University of Nevada, Reno",Reno,Catherine Cortez Masto's undergrad university is,"University of Nevada, Reno|University of Nevada|Nevada State University|University of Nevada Reno|University of Nevada - Reno|State University of Nevada|UNR|unr.edu","University of Nevada, Reno","University of Nevada, Reno","University of Nevada, Reno has its headquarters in the city of","Reno|Reno, Nevada|Reno, NV",Reno,Reno,hqcity of person's uguniv,person-uguniv-hqcity
421924,Jack Layton,McGill University,Montreal,Jack Layton's undergrad university is,McGill University|Royal institution of advanced learning|University of McGill College|McGill college|McGill|mcgill.ca,McGill University,McGill University,McGill University has its headquarters in the city of,"Montreal|Montréal|City of Montreal|Ville de Montréal|Ville de Montreal|Montreal, Quebec|Montreal, Canada",Montreal.,Montreal,hqcity of person's uguniv,person-uguniv-hqcity
421980,Denton Cooley,University of Texas at Austin,Austin,Denton Cooley's undergrad university is,"University of Texas at Austin|UT-Austin|UT Austin|UT|University of Texas, Austin|utexas.edu|University of Texas|UTA|The University of Texas at Austin|TTexas Longhorns swimming and diving",University of Texas at Austin,University of Texas at Austin,University of Texas at Austin has its headquarters in the city of,"Austin|Austin, Texas|Austin, TX",Austin.,Austin,hqcity of person's uguniv,person-uguniv-hqcity
422036,Karl Deisseroth,Harvard University,Cambridge,Karl Deisseroth's undergrad university is,Harvard University|Harvard|University of Harvard|Harvard Graduate School|harvard.edu,Harvard University,Harvard University,Harvard University has its headquarters in the city of,"Cambridge|Cambridge, Massachusetts|Cambridge, MA",Cambridge.,Cambridge,hqcity of person's uguniv,person-uguniv-hqcity
422049,Lucy Worsley,University of Oxford,Oxford,Lucy Worsley's undergrad university is,University of Oxford|Oxford University|Oxon.|Oxf|Universitas Oxoniensis|Oxford,University of Oxford,University of Oxford,University of Oxford has its headquarters in the city of,"Oxford|Oxford, England",Oxford.,Oxford,hqcity of person's uguniv,person-uguniv-hqcity
422153,Mary Douglas Tindale,University of Sydney,Sydney,Mary Douglas Tindale's undergrad university is,University of Sydney|Sydney University|USyd|Sydney Uni|The University of Sydney,University of Sydney,University of Sydney,University of Sydney has its headquarters in the city of,"Sydney|Sydney, Australia|Sydney, New South Wales, Australia|Sydney, New South Wales|Sydney, NSW, Australia|Sydney, NSW|Emerald City|Harbour City|Port Jackson|Greater Sydney|Sydney, N.S.W.|Gadi|Eora|Sydney, N. S. W.",Sydney,Sydney,hqcity of person's uguniv,person-uguniv-hqcity
422166,Adora Svitak,"University of California, Berkeley",Berkeley,Adora Svitak's undergrad university is,"University of California, Berkeley|University of California Berkeley|UC Berkeley|Berkeley|Cal|Univ. of California Berkeley|Cal-Berkeley|berkeley.edu|University of California at Berkeley|Berkeley University|UCB","University of California, Berkeley","University of California, Berkeley","University of California, Berkeley has its headquarters in the city of","Berkeley|Berkeley, California|Bkly|Berkeley, CA|BURK",Berkeley,Berkeley,hqcity of person's uguniv,person-uguniv-hqcity
422167,David Nabarro,University of Oxford,Oxford,David Nabarro's undergrad university is,University of Oxford|Oxford University|Oxon.|Oxf|Universitas Oxoniensis|Oxford,University of Oxford,University of Oxford,University of Oxford has its headquarters in the city of,"Oxford|Oxford, England",Oxford.,Oxford,hqcity of person's uguniv,person-uguniv-hqcity
422171,Diane Wakoski,"University of California, Berkeley",Berkeley,Diane Wakoski's undergrad university is,"University of California, Berkeley|University of California Berkeley|UC Berkeley|Berkeley|Cal|Univ. of California Berkeley|Cal-Berkeley|berkeley.edu|University of California at Berkeley|Berkeley University|UCB","University of California, Berkeley","University of California, Berkeley","University of California, Berkeley has its headquarters in the city of","Berkeley|Berkeley, California|Bkly|Berkeley, CA|BURK",Berkeley,Berkeley,hqcity of person's uguniv,person-uguniv-hqcity
422206,Junuthula  N. Reddy,Osmania University,Hyderabad,Junuthula  N. Reddy's undergrad university is,Osmania University,Osmania University,Osmania University,Osmania University has its headquarters in the city of,"Hyderabad|City of Pearls|Hyderabad, India",Hyderabad.,Hyderabad,hqcity of person's uguniv,person-uguniv-hqcity
422232,Kevin Plank,University of Maryland,College Park,Kevin Plank's undergrad university is,"University of Maryland|The University of Maryland|UM|UMD|UMCP|University of Maryland at College Park|University of Maryland, College Park|Maryland State College|umd.edu",University of Maryland,University of Maryland,University of Maryland has its headquarters in the city of,"College Park|College Park, Maryland|College Park, MD",College Park.,College Park,hqcity of person's uguniv,person-uguniv-hqcity
422298,Wab Kinew,University of Manitoba,Winnipeg,Wab Kinew's undergrad university is,University of Manitoba|umanitoba.ca,University of Manitoba,University of Manitoba,University of Manitoba has its headquarters in the city of,"Winnipeg|Winnipeg, Manitoba|City of Winnipeg|Winnipeg, MB",Winnipeg.,Winnipeg,hqcity of person's uguniv,person-uguniv-hqcity
422402,Nikki Fried,University of Florida,Gainesville,Nikki Fried's undergrad university is,University of Florida|UF|University of the State of Florida|Florida University|ufl.edu,University of Florida,University of Florida,University of Florida has its headquarters in the city of,"Gainesville|Gainesville, Florida|Gainesville, FL",Gainesville.,Gainesville,hqcity of person's uguniv,person-uguniv-hqcity
422529,Annie Webb Blanton,University of Texas at Austin,Austin,Annie Webb Blanton's undergrad university is,"University of Texas at Austin|UT-Austin|UT Austin|UT|University of Texas, Austin|utexas.edu|University of Texas|UTA|The University of Texas at Austin|TTexas Longhorns swimming and diving",University of Texas at Austin,University of Texas at Austin,University of Texas at Austin has its headquarters in the city of,"Austin|Austin, Texas|Austin, TX",Austin.,Austin,hqcity of person's uguniv,person-uguniv-hqcity
422549,Winthrop Jordan,Harvard University,Cambridge,Winthrop Jordan's undergrad university is,Harvard University|Harvard|University of Harvard|Harvard Graduate School|harvard.edu,Harvard University,Harvard University,Harvard University has its headquarters in the city of,"Cambridge|Cambridge, Massachusetts|Cambridge, MA",Cambridge.,Cambridge,hqcity of person's uguniv,person-uguniv-hqcity
422755,Charles Allerton Coolidge,Harvard University,Cambridge,Charles Allerton Coolidge's undergrad university is,Harvard University|Harvard|University of Harvard|Harvard Graduate School|harvard.edu,Harvard University,Harvard University,Harvard University has its headquarters in the city of,"Cambridge|Cambridge, Massachusetts|Cambridge, MA",Cambridge.,Cambridge,hqcity of person's uguniv,person-uguniv-hqcity
422764,Stanford Lyman,"University of California, Berkeley",Berkeley,Stanford Lyman's undergrad university is,"University of California, Berkeley|University of California Berkeley|UC Berkeley|Berkeley|Cal|Univ. of California Berkeley|Cal-Berkeley|berkeley.edu|University of California at Berkeley|Berkeley University|UCB","University of California, Berkeley","University of California, Berkeley","University of California, Berkeley has its headquarters in the city of","Berkeley|Berkeley, California|Bkly|Berkeley, CA|BURK",Berkeley,Berkeley,hqcity of person's uguniv,person-uguniv-hqcity
422808,Duane Linklater,University of Alberta,Edmonton,Duane Linklater's undergrad university is,University of Alberta|Ualberta|UofA|ualberta.ca,University of Alberta,University of Alberta,University of Alberta has its headquarters in the city of,"Edmonton|Edmonton, Alberta|Edmonton, AB|City of Edmonton",Edmonton.,Edmonton,hqcity of person's uguniv,person-uguniv-hqcity
422901,George Cyril Bailey,Victoria University of Manchester,Manchester,George Cyril Bailey's undergrad university is,"Victoria University of Manchester|Owens College|Owens College, Manchester|University of Manchester",University of Manchester,University of Manchester,Victoria University of Manchester has its headquarters in the city of,"Manchester|Manchester, England|Manchester, UK|Cottonopolis|Warehouse City|Madchester|Capital of the North|Manchester, Lancashire",Manchester,Manchester,hqcity of person's uguniv,person-uguniv-hqcity
423098,Fergus William Campbell,University of Glasgow,Glasgow,Fergus William Campbell's undergrad university is,University of Glasgow|Glasgow University|Glasgow Uni|gla.ac.uk,University of Glasgow,University of Glasgow,University of Glasgow has its headquarters in the city of,"Glasgow|Glasgow, Scotland|Glasgow, UK",Glasgow.,Glasgow,hqcity of person's uguniv,person-uguniv-hqcity
423405,Gareth Martin Winrow,University of Oxford,Oxford,Gareth Martin Winrow's undergrad university is,University of Oxford|Oxford University|Oxon.|Oxf|Universitas Oxoniensis|Oxford,University of Oxford,University of Oxford,University of Oxford has its headquarters in the city of,"Oxford|Oxford, England",Oxford.,Oxford,hqcity of person's uguniv,person-uguniv-hqcity
423421,Jamie Pleydell-Bouverie,University of Cambridge,Cambridge,Jamie Pleydell-Bouverie's undergrad university is,"University of Cambridge|Cambridge University|Cambridge|Universitas Cantabrigiensis|The Chancellor, Masters, and Scholars of the University of Cambridge|The University of Cambridge",University of Cambridge,University of Cambridge,University of Cambridge has its headquarters in the city of,Cambridge,Cambridge.,Cambridge,hqcity of person's uguniv,person-uguniv-hqcity
423482,Efstathios E. Michaelides,University of Oxford,Oxford,Efstathios E. Michaelides's undergrad university is,University of Oxford|Oxford University|Oxon.|Oxf|Universitas Oxoniensis|Oxford,University of Oxford,University of Oxford,University of Oxford has its headquarters in the city of,"Oxford|Oxford, England",Oxford.,Oxford,hqcity of person's uguniv,person-uguniv-hqcity
443618,Joe Biden,University of Delaware,United States of America,Joe Biden's undergrad university is,University of Delaware|University of Delaware Emergency Care Unit|UD|Delaware College|udel.edu,University of Delaware,University of Delaware,University of Delaware has its headquarters in the country of,United States of America|the United States of America|America|U.S.A.|USA|U.S.|US|the US|the USA|US of A|the United States|U. S. A.|U. S.|the States|the U.S.|United States|US of America|the U.S.A.|the US of America|the US of A|the U.S. of A|the U.S. of America|U.S. of America|Merica,United States.,United States,hqcntry of person's uguniv,person-uguniv-hqcntry
443625,Justin Trudeau,McGill University,Canada,Justin Trudeau's undergrad university is,McGill University|Royal institution of advanced learning|University of McGill College|McGill college|McGill|mcgill.ca,McGill University,McGill University,McGill University has its headquarters in the country of,Canada|CAN|CA,Canada.,Canada,hqcntry of person's uguniv,person-uguniv-hqcntry
443654,Jill Biden,University of Delaware,United States of America,Jill Biden's undergrad university is,University of Delaware|University of Delaware Emergency Care Unit|UD|Delaware College|udel.edu,University of Delaware,University of Delaware,University of Delaware has its headquarters in the country of,United States of America|the United States of America|America|U.S.A.|USA|U.S.|US|the US|the USA|US of A|the United States|U. S. A.|U. S.|the States|the U.S.|United States|US of America|the U.S.A.|the US of America|the US of A|the U.S. of A|the U.S. of America|U.S. of America|Merica,United States.,United States,hqcntry of person's uguniv,person-uguniv-hqcntry
443656,Marvin Minsky,Harvard University,United States of America,Marvin Minsky's undergrad university is,Harvard University|Harvard|University of Harvard|Harvard Graduate School|harvard.edu,Harvard University,Harvard University,Harvard University has its headquarters in the country of,United States of America|the United States of America|America|U.S.A.|USA|U.S.|US|the US|the USA|US of A|the United States|U. S. A.|U. S.|the States|the U.S.|United States|US of America|the U.S.A.|the US of America|the US of A|the U.S. of A|the U.S. of America|U.S. of America|Merica,United States.,United States,hqcntry of person's uguniv,person-uguniv-hqcntry
443661,Jeb Bush,University of Texas at Austin,United States of America,Jeb Bush's undergrad university is,"University of Texas at Austin|UT-Austin|UT Austin|UT|University of Texas, Austin|utexas.edu|University of Texas|UTA|The University of Texas at Austin|TTexas Longhorns swimming and diving",University of Texas at Austin,University of Texas at Austin,University of Texas at Austin has its headquarters in the country of,United States of America|the United States of America|America|U.S.A.|USA|U.S.|US|the US|the USA|US of A|the United States|U. S. A.|U. S.|the States|the U.S.|United States|US of America|the U.S.A.|the US of America|the US of A|the U.S. of A|the U.S. of America|U.S. of America|Merica,United States,United States,hqcntry of person's uguniv,person-uguniv-hqcntry
443675,Mayim Bialik,"University of California, Los Angeles",United States of America,Mayim Bialik's undergrad university is,"University of California, Los Angeles|UCLA|UC Los Angeles|University of California-Los Angeles|Los Angeles University of California|University of California at Los Angeles|State Normal School at Los Angeles|University of California Southern Branch|University of California Los Angeles|ucla.edu","University of California, Los Angeles (UCLA)","University of California, Los Angeles","University of California, Los Angeles has its headquarters in the country of",United States of America|the United States of America|America|U.S.A.|USA|U.S.|US|the US|the USA|US of A|the United States|U. S. A.|U. S.|the States|the U.S.|United States|US of America|the U.S.A.|the US of America|the US of A|the U.S. of A|the U.S. of America|U.S. of America|Merica,United States.,United States,hqcntry of person's uguniv,person-uguniv-hqcntry
443724,Catherine Cortez Masto,"University of Nevada, Reno",United States of America,Catherine Cortez Masto's undergrad university is,"University of Nevada, Reno|University of Nevada|Nevada State University|University of Nevada Reno|University of Nevada - Reno|State University of Nevada|UNR|unr.edu","University of Nevada, Reno","University of Nevada, Reno","University of Nevada, Reno has its headquarters in the country of",United States of America|the United States of America|America|U.S.A.|USA|U.S.|US|the US|the USA|US of A|the United States|U. S. A.|U. S.|the States|the U.S.|United States|US of America|the U.S.A.|the US of America|the US of A|the U.S. of A|the U.S. of America|U.S. of America|Merica,United States.,United States,hqcntry of person's uguniv,person-uguniv-hqcntry
443740,Jack Layton,McGill University,Canada,Jack Layton's undergrad university is,McGill University|Royal institution of advanced learning|University of McGill College|McGill college|McGill|mcgill.ca,McGill University,McGill University,McGill University has its headquarters in the country of,Canada|CAN|CA,Canada.,Canada,hqcntry of person's uguniv,person-uguniv-hqcntry
443758,Mona Simpson,"University of California, Berkeley",United States of America,Mona Simpson's undergrad university is,"University of California, Berkeley|University of California Berkeley|UC Berkeley|Berkeley|Cal|Univ. of California Berkeley|Cal-Berkeley|berkeley.edu|University of California at Berkeley|Berkeley University|UCB","University of California, Berkeley","University of California, Berkeley","University of California, Berkeley has its headquarters in the country of",United States of America|the United States of America|America|U.S.A.|USA|U.S.|US|the US|the USA|US of A|the United States|U. S. A.|U. S.|the States|the U.S.|United States|US of America|the U.S.A.|the US of America|the US of A|the U.S. of A|the U.S. of America|U.S. of America|Merica,United States.,United States,hqcntry of person's uguniv,person-uguniv-hqcntry
443796,Denton Cooley,University of Texas at Austin,United States of America,Denton Cooley's undergrad university is,"University of Texas at Austin|UT-Austin|UT Austin|UT|University of Texas, Austin|utexas.edu|University of Texas|UTA|The University of Texas at Austin|TTexas Longhorns swimming and diving",University of Texas at Austin,University of Texas at Austin,University of Texas at Austin has its headquarters in the country of,United States of America|the United States of America|America|U.S.A.|USA|U.S.|US|the US|the USA|US of A|the United States|U. S. A.|U. S.|the States|the U.S.|United States|US of America|the U.S.A.|the US of America|the US of A|the U.S. of A|the U.S. of America|U.S. of America|Merica,United States.,United States,hqcntry of person's uguniv,person-uguniv-hqcntry
443846,Allan Alcorn,"University of California, Berkeley",United States of America,Allan Alcorn's undergrad university is,"University of California, Berkeley|University of California Berkeley|UC Berkeley|Berkeley|Cal|Univ. of California Berkeley|Cal-Berkeley|berkeley.edu|University of California at Berkeley|Berkeley University|UCB","University of California, Berkeley","University of California, Berkeley","University of California, Berkeley has its headquarters in the country of",United States of America|the United States of America|America|U.S.A.|USA|U.S.|US|the US|the USA|US of A|the United States|U. S. A.|U. S.|the States|the U.S.|United States|US of America|the U.S.A.|the US of America|the US of A|the U.S. of A|the U.S. of America|U.S. of America|Merica,United States,United States,hqcntry of person's uguniv,person-uguniv-hqcntry
443866,Lucy Worsley,University of Oxford,United Kingdom,Lucy Worsley's undergrad university is,University of Oxford|Oxford University|Oxon.|Oxf|Universitas Oxoniensis|Oxford,University of Oxford,University of Oxford,University of Oxford has its headquarters in the country of,United Kingdom|🇬🇧|UK|United Kingdom of Great Britain and Northern Ireland|U.K.|GBR|GB|U. K.|U K|G.B.|G. B.|G B|Great Britain|G.B.R.|G B R|Britain|Great Britain and Northern Ireland|The United Kingdom of Great Britain and Northern Ireland|The UK,United Kingdom,United Kingdom,hqcntry of person's uguniv,person-uguniv-hqcntry
443969,Mary Douglas Tindale,University of Sydney,Australia,Mary Douglas Tindale's undergrad university is,University of Sydney|Sydney University|USyd|Sydney Uni|The University of Sydney,University of Sydney,University of Sydney,University of Sydney has its headquarters in the country of,Australia|Commonwealth of Australia|AU|AUS|🇦🇺|Straya|Aussieland|Oz|Stralia|New Holland|New Hollandia|Nova Hollandia|Down Under,Australia,Australia,hqcntry of person's uguniv,person-uguniv-hqcntry
443982,Adora Svitak,"University of California, Berkeley",United States of America,Adora Svitak's undergrad university is,"University of California, Berkeley|University of California Berkeley|UC Berkeley|Berkeley|Cal|Univ. of California Berkeley|Cal-Berkeley|berkeley.edu|University of California at Berkeley|Berkeley University|UCB","University of California, Berkeley","University of California, Berkeley","University of California, Berkeley has its headquarters in the country of",United States of America|the United States of America|America|U.S.A.|USA|U.S.|US|the US|the USA|US of A|the United States|U. S. A.|U. S.|the States|the U.S.|United States|US of America|the U.S.A.|the US of America|the US of A|the U.S. of A|the U.S. of America|U.S. of America|Merica,United States,United States,hqcntry of person's uguniv,person-uguniv-hqcntry
443985,David Nabarro,University of Oxford,United Kingdom,David Nabarro's undergrad university is,University of Oxford|Oxford University|Oxon.|Oxf|Universitas Oxoniensis|Oxford,University of Oxford,University of Oxford,University of Oxford has its headquarters in the country of,United Kingdom|🇬🇧|UK|United Kingdom of Great Britain and Northern Ireland|U.K.|GBR|GB|U. K.|U K|G.B.|G. B.|G B|Great Britain|G.B.R.|G B R|Britain|Great Britain and Northern Ireland|The United Kingdom of Great Britain and Northern Ireland|The UK,United Kingdom,United Kingdom,hqcntry of person's uguniv,person-uguniv-hqcntry
443987,Diane Wakoski,"University of California, Berkeley",United States of America,Diane Wakoski's undergrad university is,"University of California, Berkeley|University of California Berkeley|UC Berkeley|Berkeley|Cal|Univ. of California Berkeley|Cal-Berkeley|berkeley.edu|University of California at Berkeley|Berkeley University|UCB","University of California, Berkeley","University of California, Berkeley","University of California, Berkeley has its headquarters in the country of",United States of America|the United States of America|America|U.S.A.|USA|U.S.|US|the US|the USA|US of A|the United States|U. S. A.|U. S.|the States|the U.S.|United States|US of America|the U.S.A.|the US of America|the US of A|the U.S. of A|the U.S. of America|U.S. of America|Merica,United States.,United States,hqcntry of person's uguniv,person-uguniv-hqcntry
444027,Junuthula  N. Reddy,Osmania University,India,Junuthula  N. Reddy's undergrad university is,Osmania University,Osmania University,Osmania University,Osmania University has its headquarters in the country of,India|Republic of India|Bharat|Bharatvarsh|Hindustan|IN|IND|🇮🇳|Bharata|Hindoostan|Indostan|Bharat Ganarajya,India,India,hqcntry of person's uguniv,person-uguniv-hqcntry
444051,Kevin Plank,University of Maryland,United States of America,Kevin Plank's undergrad university is,"University of Maryland|The University of Maryland|UM|UMD|UMCP|University of Maryland at College Park|University of Maryland, College Park|Maryland State College|umd.edu",University of Maryland,University of Maryland,University of Maryland has its headquarters in the country of,United States of America|the United States of America|America|U.S.A.|USA|U.S.|US|the US|the USA|US of A|the United States|U. S. A.|U. S.|the States|the U.S.|United States|US of America|the U.S.A.|the US of America|the US of A|the U.S. of A|the U.S. of America|U.S. of America|Merica,United States.,United States,hqcntry of person's uguniv,person-uguniv-hqcntry
444115,Wab Kinew,University of Manitoba,Canada,Wab Kinew's undergrad university is,University of Manitoba|umanitoba.ca,University of Manitoba,University of Manitoba,University of Manitoba has its headquarters in the country of,Canada|CAN|CA,Canada,Canada,hqcntry of person's uguniv,person-uguniv-hqcntry
444215,Nikki Fried,University of Florida,United States of America,Nikki Fried's undergrad university is,University of Florida|UF|University of the State of Florida|Florida University|ufl.edu,University of Florida,University of Florida,University of Florida has its headquarters in the country of,United States of America|the United States of America|America|U.S.A.|USA|U.S.|US|the US|the USA|US of A|the United States|U. S. A.|U. S.|the States|the U.S.|United States|US of America|the U.S.A.|the US of America|the US of A|the U.S. of A|the U.S. of America|U.S. of America|Merica,United States.,United States,hqcntry of person's uguniv,person-uguniv-hqcntry
444367,Winthrop Jordan,Harvard University,United States of America,Winthrop Jordan's undergrad university is,Harvard University|Harvard|University of Harvard|Harvard Graduate School|harvard.edu,Harvard University,Harvard University,Harvard University has its headquarters in the country of,United States of America|the United States of America|America|U.S.A.|USA|U.S.|US|the US|the USA|US of A|the United States|U. S. A.|U. S.|the States|the U.S.|United States|US of America|the U.S.A.|the US of America|the US of A|the U.S. of A|the U.S. of America|U.S. of America|Merica,United States,United States,hqcntry of person's uguniv,person-uguniv-hqcntry
444574,Charles Allerton Coolidge,Harvard University,United States of America,Charles Allerton Coolidge's undergrad university is,Harvard University|Harvard|University of Harvard|Harvard Graduate School|harvard.edu,Harvard University,Harvard University,Harvard University has its headquarters in the country of,United States of America|the United States of America|America|U.S.A.|USA|U.S.|US|the US|the USA|US of A|the United States|U. S. A.|U. S.|the States|the U.S.|United States|US of America|the U.S.A.|the US of America|the US of A|the U.S. of A|the U.S. of America|U.S. of America|Merica,United States,United States,hqcntry of person's uguniv,person-uguniv-hqcntry
444575,Stanford Lyman,"University of California, Berkeley",United States of America,Stanford Lyman's undergrad university is,"University of California, Berkeley|University of California Berkeley|UC Berkeley|Berkeley|Cal|Univ. of California Berkeley|Cal-Berkeley|berkeley.edu|University of California at Berkeley|Berkeley University|UCB","University of California, Berkeley","University of California, Berkeley","University of California, Berkeley has its headquarters in the country of",United States of America|the United States of America|America|U.S.A.|USA|U.S.|US|the US|the USA|US of A|the United States|U. S. A.|U. S.|the States|the U.S.|United States|US of America|the U.S.A.|the US of America|the US of A|the U.S. of A|the U.S. of America|U.S. of America|Merica,United States,United States,hqcntry of person's uguniv,person-uguniv-hqcntry
445300,Efstathios E. Michaelides,University of Oxford,United Kingdom,Efstathios E. Michaelides's undergrad university is,University of Oxford|Oxford University|Oxon.|Oxf|Universitas Oxoniensis|Oxford,University of Oxford,University of Oxford,University of Oxford has its headquarters in the country of,United Kingdom|🇬🇧|UK|United Kingdom of Great Britain and Northern Ireland|U.K.|GBR|GB|U. K.|U K|G.B.|G. B.|G B|Great Britain|G.B.R.|G B R|Britain|Great Britain and Northern Ireland|The United Kingdom of Great Britain and Northern Ireland|The UK,United Kingdom,United Kingdom,hqcntry of person's uguniv,person-uguniv-hqcntry
465480,Joseph Wharton,The Wharton School,Philadelphia,The university founded by Joseph Wharton is,The Wharton School|Wharton School|Wharton School of Business|Wharton|University of Pennsylvania Wharton School|Wharton School of the University of Pennsylvania|Wharton Business School,Wharton College of Engineering,Wharton,The Wharton School has its headquarters in the city of,"Philadelphia|Philly|City of Brotherly Love|Cradle of Liberty|Philadelphia, Pennsylvania|City of Philadelphia|Philadelphia, PA|Philadelphia, Pa.",Philadelphia.,Philadelphia,hqcity of founder's univ,founder-univ-hqcity
465484,Massachusetts General Court,Harvard University,Cambridge,The university founded by Massachusetts General Court is,Harvard University|Harvard|University of Harvard|Harvard Graduate School|harvard.edu,Harvard University,Harvard University,Harvard University has its headquarters in the city of,"Cambridge|Cambridge, Massachusetts|Cambridge, MA",Cambridge.,Cambridge,hqcity of founder's univ,founder-univ-hqcity
465491,Brigham Young,Brigham Young University,Provo,The university founded by Brigham Young is,Brigham Young University|BYU|The Y,Brigham Young University (BYU).,Brigham Young University,Brigham Young University has its headquarters in the city of,"Provo|Provo, Utah|Provo, UT",Provo.,Provo,hqcity of founder's univ,founder-univ-hqcity
465504,James Buchanan Duke,Duke University,Durham,The university founded by James Buchanan Duke is,Duke University|Duke|duke.edu|Duke U|Visroom,Duke University,Duke University,Duke University has its headquarters in the city of,"Durham|Durham, North Carolina|Durham, NC",Durham.,Durham,hqcity of founder's univ,founder-univ-hqcity
465522,François de Laval,Laval University,Quebec City,The university founded by François de Laval is,Laval University|Université Laval|ulaval.ca,Laval University,Laval University,Laval University has its headquarters in the city of,"Quebec City|Quebec|Ville de Québec|Québec|City of Québec|City of Quebec|Ville de Quebec|3rd Summit of the Americas|Quebec, Quebec|Québec, Québec",Quebec City,Quebec City,hqcity of founder's univ,founder-univ-hqcity
465526,George IV of the United Kingdom,King's College London,London,The university founded by George IV of the United Kingdom is,King's College London|Kings College London|King's|KCL,King's College London,King's College London,King's College London has its headquarters in the city of,"London|London, UK|London, United Kingdom|London, England|London UK|London U.K.|Greater London|Londinium|Loñ|Lundenwic|Londinio|Londini|Londiniensium|Augusta|Trinovantum|Kaerlud|Karelundein|Lunden|Big Smoke|the Big Smoke|Lundenburh|Lundenburgh|Llyn Dain|Llan Dian|Londinion|Loniniensi|Lon.|Loñ.|Lond.|LDN",London.,London,hqcity of founder's univ,founder-univ-hqcity
465528,Jakob Ulvsson,Uppsala University,Uppsala,The university founded by Jakob Ulvsson is,Uppsala University|Uppsala universitet|uu.se|University of Uppsala,Uppsala University,Uppsala University,Uppsala University has its headquarters in the city of,Uppsala|Upsala,Uppsala,Uppsala,hqcity of founder's univ,founder-univ-hqcity
465532,Wilhelm von Humboldt,Humboldt University of Berlin,Berlin,The university founded by Wilhelm von Humboldt is,Humboldt University of Berlin|Humboldt-Universität zu Berlin|Universitas Humboldtiana Berolinensis|University of Berlin|HU Berlin|Universität zu Berlin|Humboldt University|UBER,Humboldt University of Berlin,Humboldt University of Berlin,Humboldt University of Berlin has its headquarters in the city of,"Berlin|Berlin, Germany|Berlin (Germany)|DE-BE",Berlin,Berlin,hqcity of founder's univ,founder-univ-hqcity
465536,"Osman Ali Khan, Asaf Jah VII",Osmania University,Hyderabad,"The university founded by Osman Ali Khan, Asaf Jah VII is",Osmania University,Osmania University,Osmania University,Osmania University has its headquarters in the city of,"Hyderabad|City of Pearls|Hyderabad, India",Hyderabad.,Hyderabad,hqcity of founder's univ,founder-univ-hqcity
465558,Charles IV,Charles University,Prague,The university founded by Charles IV is,Charles University|Univerzita Karlova v Praze|Universitas Carolina|Univerzita Karlova|University of Prague|Karls-Universität Prag|Charles-Ferdinand University|cuni.cz,Charles University in Prague.,Charles University,Charles University has its headquarters in the city of,Prague|Praha|Hlavní město Praha|City of Prague,Prague,Prague,hqcity of founder's univ,founder-univ-hqcity
466224,Joseph Wharton,The Wharton School,United States of America,The university founded by Joseph Wharton is,The Wharton School|Wharton School|Wharton School of Business|Wharton|University of Pennsylvania Wharton School|Wharton School of the University of Pennsylvania|Wharton Business School,Wharton College of Engineering,Wharton,The Wharton School has its headquarters in the country of,United States of America|the United States of America|America|U.S.A.|USA|U.S.|US|the US|the USA|US of A|the United States|U. S. A.|U. S.|the States|the U.S.|United States|US of America|the U.S.A.|the US of America|the US of A|the U.S. of A|the U.S. of America|U.S. of America|Merica,United States,United States,hqcntry of founder's univ,founder-univ-hqcntry
466227,James McGill,McGill University,Canada,The university founded by James McGill is,McGill University|Royal institution of advanced learning|University of McGill College|McGill college|McGill|mcgill.ca,McGill University,McGill University,McGill University has its headquarters in the country of,Canada|CAN|CA,Canada.,Canada,hqcntry of founder's univ,founder-univ-hqcntry
466228,Massachusetts General Court,Harvard University,United States of America,The university founded by Massachusetts General Court is,Harvard University|Harvard|University of Harvard|Harvard Graduate School|harvard.edu,Harvard University,Harvard University,Harvard University has its headquarters in the country of,United States of America|the United States of America|America|U.S.A.|USA|U.S.|US|the US|the USA|US of A|the United States|U. S. A.|U. S.|the States|the U.S.|United States|US of America|the U.S.A.|the US of America|the US of A|the U.S. of A|the U.S. of America|U.S. of America|Merica,United States.,United States,hqcntry of founder's univ,founder-univ-hqcntry
466235,Brigham Young,Brigham Young University,United States of America,The university founded by Brigham Young is,Brigham Young University|BYU|The Y,Brigham Young University (BYU).,Brigham Young University,Brigham Young University has its headquarters in the country of,United States of America|the United States of America|America|U.S.A.|USA|U.S.|US|the US|the USA|US of A|the United States|U. S. A.|U. S.|the States|the U.S.|United States|US of America|the U.S.A.|the US of America|the US of A|the U.S. of A|the U.S. of America|U.S. of America|Merica,United States.,United States,hqcntry of founder's univ,founder-univ-hqcntry
466248,James Buchanan Duke,Duke University,United States of America,The university founded by James Buchanan Duke is,Duke University|Duke|duke.edu|Duke U|Visroom,Duke University,Duke University,Duke University has its headquarters in the country of,United States of America|the United States of America|America|U.S.A.|USA|U.S.|US|the US|the USA|US of A|the United States|U. S. A.|U. S.|the States|the U.S.|United States|US of America|the U.S.A.|the US of America|the US of A|the U.S. of A|the U.S. of America|U.S. of America|Merica,United States.,United States,hqcntry of founder's univ,founder-univ-hqcntry
466267,François de Laval,Laval University,Canada,The university founded by François de Laval is,Laval University|Université Laval|ulaval.ca,Laval University,Laval University,Laval University has its headquarters in the country of,Canada|CAN|CA,Canada,Canada,hqcntry of founder's univ,founder-univ-hqcntry
466270,George IV of the United Kingdom,King's College London,United Kingdom,The university founded by George IV of the United Kingdom is,King's College London|Kings College London|King's|KCL,King's College London,King's College London,King's College London has its headquarters in the country of,United Kingdom|🇬🇧|UK|United Kingdom of Great Britain and Northern Ireland|U.K.|GBR|GB|U. K.|U K|G.B.|G. B.|G B|Great Britain|G.B.R.|G B R|Britain|Great Britain and Northern Ireland|The United Kingdom of Great Britain and Northern Ireland|The UK,United Kingdom,United Kingdom,hqcntry of founder's univ,founder-univ-hqcntry
466276,Wilhelm von Humboldt,Humboldt University of Berlin,Germany,The university founded by Wilhelm von Humboldt is,Humboldt University of Berlin|Humboldt-Universität zu Berlin|Universitas Humboldtiana Berolinensis|University of Berlin|HU Berlin|Universität zu Berlin|Humboldt University|UBER,Humboldt University of Berlin,Humboldt University of Berlin,Humboldt University of Berlin has its headquarters in the country of,Germany|Federal Republic of Germany|Deutschland|GER|BR Deutschland|DE|BRD|Bundesrepublik Deutschland|GFR,Germany,Germany,hqcntry of founder's univ,founder-univ-hqcntry
466280,"Osman Ali Khan, Asaf Jah VII",Osmania University,India,"The university founded by Osman Ali Khan, Asaf Jah VII is",Osmania University,Osmania University,Osmania University,Osmania University has its headquarters in the country of,India|Republic of India|Bharat|Bharatvarsh|Hindustan|IN|IND|🇮🇳|Bharata|Hindoostan|Indostan|Bharat Ganarajya,India,India,hqcntry of founder's univ,founder-univ-hqcntry
466286,Alexandru Ioan Cuza,University of Bucharest,Romania,The university founded by Alexandru Ioan Cuza is,University of Bucharest|Universitatea din București|UB|Universitatea din Bucureşti|Universitatea Bucureşti|Bucharest University|UniBuc,Istria University of Bucharest,University of Bucharest,University of Bucharest has its headquarters in the country of,Romania|Roumania|Rumania|România|ro|🇷🇴,Romania,Romania,hqcntry of founder's univ,founder-univ-hqcntry
466302,Charles IV,Charles University,Czech Republic,The university founded by Charles IV is,Charles University|Univerzita Karlova v Praze|Universitas Carolina|Univerzita Karlova|University of Prague|Karls-Universität Prag|Charles-Ferdinand University|cuni.cz,Charles University in Prague,Charles University,Charles University has its headquarters in the country of,Czech Republic|CZR|Česko|Česká republika|ČR|CZE|CZ|Czechia,Czech Republic,Czech Republic,hqcntry of founder's univ,founder-univ-hqcntry
