dataset,row_id,full_question,final_ground_truth,hop_questions,hop_ground_truths,hop_responses
musique,2hop__46304_83854,When did the country formerly known as Zaire become independent?,1960,"[""zaire is the former name of which african nation"", ""when did the Democratic Republic of the Congo become independent""]","[""the Democratic Republic of the Congo"", ""1960""]","[""Democratic Republic of Congo"", ""December 30, 1960""]"
musique,2hop__24612_98103,What conflict involved the most famous Confederacy army?,American Civil War,"[""What was the name of the Confederacys most famous army?"", ""What conflict involved Army of Northern Virginia ?""]","[""Army of Northern Virginia"", ""American Civil War""]","[""The Army of Northern Virginia."", ""The American Civil War.""]"
musique,2hop__14169_159501,When did the person who admitted that Apple was late to the party with writeable CD technology die?,2011,"[""Who admitted that Apple was late to the party with writable CD technology?"", ""When did Steve Jobs die?""]","[""Steve Jobs"", ""2011""]","[""Steve Jobs"", ""October 5, 2011""]"
musique,2hop__76088_79129,"Who does the actor that played the hitman in The Hitman's Bodyguard, play in The Avengers?",Nick Fury,"[""who plays the hitman in the hitman's bodyguard"", ""who does Samuel L. Jackson play in the avengers""]","[""Samuel L. Jackson"", ""Nick Fury""]","[""Samuel L. Jackson"", ""Nick Fury""]"
musique,2hop__95350_79129,Who does the cast member from Snakes on a Plane play in The Avengers?,Nick Fury,"[""Who are the cast members of Snakes on a Plane?"", ""who does Samuel L. Jackson play in the avengers""]","[""Samuel L. Jackson"", ""Nick Fury""]","[""Dwayne Johnson, Samuel L. Jackson, and Wendy Raquel Robinson."", ""Nick Fury""]"
musique,2hop__73501_31112,In what year was the psychologist who founded functional psychology born?,1842,"[""who founded the school of functionalism and what were its primary beliefs"", ""When was William James born?""]","[""William James"", ""1842""]","[""William James and John Dewey."", ""October 11, 1842""]"
musique,2hop__38555_631696,The author of Bonfire of the Vanities also wrote what famous non-fiction book?,The Electric Kool-Aid Acid Test,"[""Who wrote 'Bonfire of the Vanities'?"", ""Tom Wolfe >> notable work""]","[""Tom Wolfe"", ""The Electric Kool-Aid Acid Test""]","[""Tom Wolfe"", ""\""Bonfire of the Vanities\"", \""The Electric Kool-Aid Acid Test\"", and \""The Bonfire of the Vanities\""""]"
musique,2hop__419600_94210,Who designed the building where the Portrait of Guidobaldo da Montefeltro is on display?,Giorgio Vasari,"[""Portrait of Guidobaldo da Montefeltro >> location"", ""Who was Uffizi designed by?""]","[""Uffizi"", ""Giorgio Vasari""]","[""Uffizi Gallery, Florence, Italy"", ""Giorgio Vasari""]"
musique,2hop__96782_94210,Who designed the place where Portrait of Francesco delle Opere can be found?,Giorgio Vasari,"[""What is the name of the place where Portrait of Francesco delle Opere can be found?"", ""Who was Uffizi designed by?""]","[""Uffizi"", ""Giorgio Vasari""]","[""Uffizi Gallery in Florence, Italy"", ""Giorgio Vasari""]"
musique,2hop__96774_127733,What language is used in the place where Portrait of Bia de' Medici can be found?,Italian,"[""What is the name of the place where Portrait of Bia de' Medici can be found?"", ""What language is Uffizi in?""]","[""Uffizi"", ""Italian""]","[""Uffizi Gallery in Florence, Italy."", ""Italian""]"
musique,2hop__96774_94210,Who designed the place where the Portrait of Bia de' Medici can be found?,Giorgio Vasari,"[""What is the name of the place where Portrait of Bia de' Medici can be found?"", ""Who was Uffizi designed by?""]","[""Uffizi"", ""Giorgio Vasari""]","[""Uffizi Gallery"", ""Giorgio Vasari""]"
musique,2hop__96783_94210,Who designed the museum that has the Portrait of Guidobaldo da Montefeltro?,Giorgio Vasari,"[""What is the name of the place where Portrait of Guidobaldo da Montefeltro can be found?"", ""Who was Uffizi designed by?""]","[""Uffizi"", ""Giorgio Vasari""]","[""Uffizi Gallery in Florence, Italy"", ""Giorgio Vasari""]"
musique,2hop__154228_727337,Where is the organization which sets the standards for ISO 31000 headquartered?,Geneva,"[""Who set the standards for ISO 31000?"", ""International Organization for Standardization >> headquarters location""]","[""International Organization for Standardization"", ""Geneva""]","[""ISO/IEC 31000 is a standard that was developed by the International Organization for Standardization (ISO) and the International Electrotechnical Commission (IEC)."", ""Geneva, Switzerland""]"
musique,2hop__154223_727337,What is the headquarters location of the organization that set the standards for ISO 14051?,Geneva,"[""Who set the standards for ISO 14051?"", ""International Organization for Standardization >> headquarters location""]","[""International Organization for Standardization"", ""Geneva""]","[""The International Organization for Standardization (ISO) is responsible for setting the standards for ISO 14051."", ""Geneva, Switzerland""]"
musique,2hop__154490_727337,Where is the headquarters of the organization that set the standards for ISO 5776?,Geneva,"[""Who set the standards for ISO 5776?"", ""International Organization for Standardization >> headquarters location""]","[""International Organization for Standardization"", ""Geneva""]","[""The International Organization for Standardization (ISO)"", ""Geneva, Switzerland""]"
musique,2hop__154485_727337,Where is the headquarters for the organization that set the standards for ISO 3307?,Geneva,"[""Who set the standards for ISO 3307?"", ""International Organization for Standardization >> headquarters location""]","[""International Organization for Standardization"", ""Geneva""]","[""The International Organization for Standardization (ISO) is responsible for setting the standards for ISO 3307."", ""Geneva, Switzerland""]"
musique,2hop__154229_727337,Where is the headquarters of the organization that set the standards for ISO 3103?,Geneva,"[""Who set the standards for ISO 3103?"", ""International Organization for Standardization >> headquarters location""]","[""International Organization for Standardization"", ""Geneva""]","[""The International Organization for Standardization (ISO)"", ""Geneva, Switzerland""]"
musique,2hop__154225_727337,What is the headquarters for the organization who sets the standards for ISO 21500?,Geneva,"[""Who set the standards for ISO 21500?"", ""International Organization for Standardization >> headquarters location""]","[""International Organization for Standardization"", ""Geneva""]","[""The International Organization for Standardization (ISO) is responsible for setting the standards for ISO 21500."", ""Geneva, Switzerland""]"
musique,2hop__154227_727337,Where are the headquarters of the agency that sets the standards for ISO 26000?,Geneva,"[""Who set the standards for ISO 26000?"", ""International Organization for Standardization >> headquarters location""]","[""International Organization for Standardization"", ""Geneva""]","[""The International Organization for Standardization (ISO) is responsible for setting the standards for ISO 26000."", ""Geneva, Switzerland""]"
musique,2hop__154360_727337,Where are the headquarters for the organization which sets the standards for ISO 965 located?,Geneva,"[""Who set the standards for ISO 965?"", ""International Organization for Standardization >> headquarters location""]","[""International Organization for Standardization"", ""Geneva""]","[""The International Organization for Standardization (ISO) is responsible for setting the standards for ISO 965."", ""Geneva, Switzerland""]"
musique,2hop__2047_10984,What year was the start of the New York-based newspaper that has won the Pulitzer Prize for journalism?,1851,"[""Which New York-based newspaper has won the Pulitzer Prize for journalism?"", ""What year did The New York Times start?""]","[""The New York Times"", ""1851""]","[""The New York Times"", ""1851""]"
musique,2hop__856003_53910,Who was the U.S. president immediately after the conflict in which the HMS Nairana served?,Thomas Woodrow Wilson,"[""HMS Nairana >> conflict"", ""who was president of the united states immediately following World War i""]","[""World War"", ""Thomas Woodrow Wilson""]","[""HMS Nairana was involved in a naval battle during World War I."", ""Woodrow Wilson""]"
musique,2hop__73587_65919,Who is the coach of the biggest university campus in the U.S.?,Scott Frost,"[""what is the biggest university campus in the us"", ""who's the coach of University of Central Florida""]","[""University of Central Florida"", ""Scott Frost""]","[""University of Central Florida - 1,508 acres"", ""Scott Frost""]"
musique,2hop__149881_136477,What place is the setting of the novel where Lucy Westenra appeared?,Transylvania,"[""The appearance of Lucy Westenra is seen in what work?"", ""Which place is Dracula in?""]","[""Dracula"", ""Transylvania""]","[""Dracula."", ""Transylvania.""]"
musique,2hop__92324_196273,The writer of most of the Declaration of Independence was a member of what political party?,Democratic-Republican Party,"[""who wrote most of the declaration of independance"", ""Thomas Jefferson >> member of political party""]","[""Thomas Jefferson"", ""Democratic-Republican Party""]","[""Thomas Jefferson"", ""Democratic-Republican Party""]"
musique,2hop__91831_196273,What political party did the man who became U.S. President in 1800 belong to?,Democratic-Republican Party,"[""who became the president of usa in 1800"", ""Thomas Jefferson >> member of political party""]","[""Thomas Jefferson"", ""Democratic-Republican Party""]","[""Thomas Jefferson"", ""Democratic-Republican Party""]"
musique,2hop__75762_196273,The 3rd president of the United States of America was a member of which political party?,Democratic-Republican Party,"[""who was the 3rd president of the united states of america"", ""Thomas Jefferson >> member of political party""]","[""Thomas Jefferson"", ""Democratic-Republican Party""]","[""Thomas Jefferson"", ""Democratic-Republican Party""]"
musique,2hop__149855_136477,What place is the setting of the fictional work that Abraham Van Helsing exists in?,Transylvania,"[""What fictional work does Abraham Van Helsing exist in?"", ""Which place is Dracula in?""]","[""Dracula"", ""Transylvania""]","[""Dracula (1931) by Bram Stoker"", ""Transylvania.""]"
musique,2hop__92951_196273,What political party did the man mostly responsible for writing the Declaration of Independence belong to?,Democratic-Republican Party,"[""who is mostly responsible for writing the declaration of independence"", ""Thomas Jefferson >> member of political party""]","[""Thomas Jefferson"", ""Democratic-Republican Party""]","[""Thomas Jefferson"", ""Democratic-Republican Party""]"
musique,2hop__734425_84079,Who was the king after Michal's spouse in the bible?,Solomon,"[""Michal >> spouse"", ""who was the king after David in the bible""]","[""David"", ""Solomon""]","[""David"", ""Solomon""]"
musique,2hop__75203_20093,In what year did the writer of Don't Stop Me Now by Queen die?,1991,"[""who wrote don't stop me now by queen"", ""In what year did Freddie Mercury die?""]","[""Freddie Mercury"", ""1991""]","[""Freddie Mercury"", ""1991""]"
musique,2hop__20112_20093,In what year was the death of the person who wrote the song Seven Seas of Rhye?,1991,"[""Who wrote the song Seven Seas of Rhye?"", ""In what year did Freddie Mercury die?""]","[""Freddie Mercury"", ""1991""]","[""Freddie Mercury"", ""1991""]"
musique,2hop__37477_5235,Whose life do people from the group accused of starting the Great Fire of 64 AD learn from?,Jesus Christ,"[""What group was accused of starting the Great Fire of 64 AD?"", ""Whose life do Christians learn from?""]","[""Christians"", ""Jesus Christ""]","[""The Christians."", ""Jesus Christ.""]"
musique,2hop__37477_37793,What is the total world population of the group accused of starting the great fire of 64 AD?,approximately 2.4 billion,"[""What group was accused of starting the Great Fire of 64 AD?"", ""What is the total population of Christians in the world?""]","[""Christians"", ""approximately 2.4 billion""]","[""The Christians."", ""It's difficult to provide an exact figure for the total population of Christians in the world, as it varies depending on the source and methodology used to define Christianity. However, according to a 2020 report by the Pew Research Center, approximately 2.4 billion people identify as Christian, which is about 31% of the global population.\n\nThe majority of Christians are found in the following regions:\n\n* Europe: 1.8 billion (24%)\n* North America: 450 million (6%)\n* South America: 250 million (3%)\n* Africa: 150 million (2%)\n\nIt's worth noting that these numbers include""]"
musique,2hop__831905_47878,When did East Germany and the country that hosted the 1965–66 season of the Bundesliga football league unite?,1990,"[""1965–66 Fußball-Bundesliga >> country"", ""when did east germany and West Germany unite""]","[""West Germany"", ""1990""]","[""West Germany"", ""March 23, 1990""]"
musique,2hop__52622_83216,When did the player with the most points in NBA history join the Cleveland Cavaliers?,2003,"[""who has the most points in nba history career"", ""when did LeBron James join the cleveland cavaliers""]","[""LeBron James"", ""2003""]","[""LeBron James"", ""2003-2010""]"
musique,2hop__56069_83216,When did the highest salaried NBA player join the Cleveland franchise?,2003,"[""who is the highest paid athlete in the nba"", ""when did LeBron James join the cleveland cavaliers""]","[""LeBron James"", ""2003""]","[""LeBron James"", ""2003""]"
musique,2hop__81363_83216,When did the highest paid athlete in North America join the Cleveland Cavaliers?,2003,"[""who is the highest paid athlete in north america"", ""when did LeBron James join the cleveland cavaliers""]","[""LeBron James"", ""2003""]","[""LeBron James"", ""2003-2010""]"
musique,2hop__52611_83216,When did the highest paid NBA player of 2016 join the Cleveland Cavaliers?,2003,"[""who is the highest paid nba player in 2016"", ""when did LeBron James join the cleveland cavaliers""]","[""LeBron James"", ""2003""]","[""LeBron James"", ""2003""]"
musique,2hop__35598_31102,When was the death of the person that was a friend and former student that Whitehead discussed the goals of science with?,1970,"[""With what friend and former student did Whitehead correspond regarding the goals of science?"", ""When did Bertrand Russell die?""]","[""Bertrand Russell"", ""1970""]","[""Bertrand Russell"", ""November 2, 1970""]"
musique,2hop__35598_31101,What is the birth date of the friend and former that Whitehead corresponded with regarding the goals of science?,1872,"[""With what friend and former student did Whitehead correspond regarding the goals of science?"", ""When was Bertrand Russell born?""]","[""Bertrand Russell"", ""1872""]","[""Bertrand Russell"", ""November 18, 1872""]"
musique,2hop__75664_86951,When did the highest paid NBA player get his first ring?,2015,"[""who get paid the most in the nba"", ""when did Stephen Curry get his first ring""]","[""Stephen Curry"", ""2015""]","[""The top 10 highest-paid NBA players for the 2022-2023 season are:\n\n1. Stephen Curry - $44 million\n2. Luka Doncic - $43 million\n3. Kevin Durant - $42 million\n4. Giannis Antetokounmpo - $41 million\n5. Joel Embiid - $40 million\n6. Damian Lillard - $39 million\n7. James Harden - $38 million\n8. Bradley Beal - $37 million\n9. Nikola Jokić - $36 million\n10. Jayson Tatum - $35 million"", ""2015""]"
musique,2hop__35466_88461,Who won the Golden Boot in the 2014 edition of the event for which the FIFA Confederations Cups is usually considered a warm-up?,James Rodríguez,"[""The FIFA Confederations Cups is usually considered a warm-up for what?"", ""who won the golden boot in 2014 FIFA World Cup""]","[""FIFA World Cup"", ""James Rodríguez""]","[""The World Cup."", ""James Rodríguez""]"
musique,2hop__34948_55369,What kind of plane dropped the bomb on the first Japanese city nuked by the United States?,Boeing B - 29 Superfortress bomber,"[""What was the forst Japenese city nuked by the United States?"", ""what kind of plane dropped the bomb on Hiroshima""]","[""Hiroshima"", ""Boeing B - 29 Superfortress bomber""]","[""Hiroshima"", ""The Boeing B-29 Superfortress.""]"
musique,2hop__78593_709757,In what field did the discoverer of natural selection work?,bio,"[""who came up with the process of natural selection"", ""Charles Darwin >> field of work""]","[""Charles Darwin"", ""bio""]","[""Charles Darwin"", ""Biology""]"
musique,2hop__41167_709757,What was the field of work of the famous evolutionist who was influenced by the book Principles of Geology?,bio,"[""Which famous evolutionist was influenced by the book Principles of Geology?"", ""Charles Darwin >> field of work""]","[""Charles Darwin"", ""bio""]","[""Charles Darwin"", ""Biology""]"
musique,2hop__21806_15755,In what year was the author of Two Treatises of Government born?,1632,"[""Who was responsible for the work Two Treatises of Government?"", ""In what year was John Locke born?""]","[""John Locke"", ""1632""]","[""John Locke"", ""1632""]"
musique,2hop__4499_15755,In what year was the Enlightenment thinker that supported the idea of separation of powers born?,1632,"[""Which Enlightenment thinker supported the idea of separation of powers?"", ""In what year was John Locke born?""]","[""John Locke"", ""1632""]","[""John Locke"", ""1632""]"
musique,2hop__85884_15755,What year was the person who proposed the concept the Bill of Rights is derived from born?,1632,"[""the bill of rights derived from the concept of rights proposed by"", ""In what year was John Locke born?""]","[""John Locke"", ""1632""]","[""John Locke"", ""1632""]"
musique,2hop__78083_188496,In what area is the birth place of the writer who wrote pyramus and thisbe in midsummer night dream located?,Stratford-upon-Avon,"[""who wrote pyramus and thisbe in midsummer night dream"", ""Shakespeare 's Birthplace >> located in the administrative territorial entity""]","[""Shakespeare"", ""Stratford-upon-Avon""]","[""William Shakespeare"", ""Shakespeare's Birthplace >> Stratford-upon-Avon""]"
musique,2hop__838537_125776,Who was the dad of the main subject of the Biographies of Mozart?,Leopold Mozart,"[""Biographies of Mozart >> main subject"", ""Who was the dad of Wolfgang Amadeus Mozart ?""]","[""Wolfgang Amadeus Mozart"", ""Leopold Mozart""]","[""Wolfgang Amadeus Mozart"", ""Leopold Mozart""]"
musique,2hop__234884_125776,Who impregnated the mother of the composer of the Mozart horn concertos?,Leopold Mozart,"[""Mozart horn concertos >> composer"", ""Who was the dad of Wolfgang Amadeus Mozart ?""]","[""Wolfgang Amadeus Mozart"", ""Leopold Mozart""]","[""Wolfgang Amadeus Mozart"", ""Leopold Mozart""]"
musique,2hop__68778_159536,Who is the highest paid athlete in the world known for?,a Portuguese professional footballer,"[""who are the 10 highest paid athletes in the world"", ""Who is Cristiano Ronaldo ?""]","[""Cristiano Ronaldo"", ""a Portuguese professional footballer""]","[""1. Cristiano Ronaldo - $75 million\n2. Lionel Messi - $70 million\n3. Neymar Jr. - $65 million\n4. Kylian Mbappé - $60 million\n5. Robert Lewandowski - $55 million\n6. Mohamed Salah - $50 million\n7. Kevin De Bruyne - $45 million\n8. Luka Modrić - $40 million\n9. Virgil van Dijk - $35 million\n10. Eden Hazard - $30 million"", ""Cristiano Ronaldo is a Portuguese professional footballer who plays as a forward for Manchester United and the Portugal national team.""]"
musique,2hop__10833_60847,When did Allied troops land in the area where the Arab Slave Trade operated?,8 November 1942,"[""Where was the Arab Slave Trade?"", ""when did allied troops land in North Africa""]","[""North Africa"", ""8 November 1942""]","[""The Middle East and North Africa, particularly present-day Egypt, Sudan, Ethiopia, and Somalia."", ""November 8, 1942""]"
musique,2hop__73593_60847,When did allied troops land in the region in which the Sahara is located?,8 November 1942,"[""where is the sahara located on a map"", ""when did allied troops land in North Africa""]","[""North Africa"", ""8 November 1942""]","[""North Africa"", ""November 8, 1942""]"
musique,2hop__14501_60847,When did allied troops land in the place where Moriscos went after they were forced out of Spain?,8 November 1942,"[""Where did the Moriscos go when they were forced out of Spain?"", ""when did allied troops land in North Africa""]","[""North Africa"", ""8 November 1942""]","[""They went to North Africa and Morocco."", ""November 8, 1942""]"
musique,2hop__88320_60847,When did allied troops land in the location where the moors who invaded Spain came from?,8 November 1942,"[""where did the moors who invaded spain come from"", ""when did allied troops land in North Africa""]","[""North Africa"", ""8 November 1942""]","[""The Moors were originally from North Africa, specifically from modern-day Morocco and Algeria."", ""November 8, 1942""]"
musique,2hop__37229_60847,When did allied troops land in the general area containing Carthage and Tunisia?,8 November 1942,"[""Carthage and Tunisia are in what general area?"", ""when did allied troops land in North Africa""]","[""North Africa"", ""8 November 1942""]","[""North Africa"", ""November 8, 1942""]"
musique,2hop__450711_64689,Which part of California is Luther Burbank's birthplace in?,Sonoma County,"[""Luther Burbank >> place of birth"", ""what part of california is Santa Rosa in""]","[""Santa Rosa"", ""Sonoma County""]","[""Santa Rosa, California"", ""Sonoma County.""]"
musique,2hop__694049_121919,What was the college of the writer of The Importance of Being Earnest?,Trinity College,"[""The Importance of Being Earnest >> screenwriter"", ""What college did Oscar Wilde go to?""]","[""Oscar Wilde"", ""Trinity College""]","[""Austen, Oscar Wilde, and P.G. Wodehouse."", ""Trinity College in Dublin.""]"
musique,2hop__360434_136211,Morne Ciseaux's country is named after whom?,Saint Lucy,"[""Morne Ciseaux >> country"", ""Whom is Saint Lucia named after?""]","[""Saint Lucia"", ""Saint Lucy""]","[""Saint Lucia"", ""Saint Lucia was named after Saint Lucy of Syracuse.""]"
musique,2hop__166769_136211,Who is the country where Anse Mamin is located named after?,Saint Lucy,"[""Anse Mamin >> country"", ""Whom is Saint Lucia named after?""]","[""Saint Lucia"", ""Saint Lucy""]","[""Saint Lucia"", ""Saint Lucia was named after Saint Lucy of Syracuse.""]"
musique,2hop__373503_136211,Whom is the country that encompasses Soufrière River named after?,Saint Lucy,"[""Soufrière River >> country"", ""Whom is Saint Lucia named after?""]","[""Saint Lucia"", ""Saint Lucy""]","[""Saint Lucia"", ""Saint Lucia was named after Saint Lucy of Syracuse.""]"
musique,2hop__804237_136211,After whom is the country where Marigot Bay is located named?,Saint Lucy,"[""Marigot Bay >> country"", ""Whom is Saint Lucia named after?""]","[""Saint Lucia"", ""Saint Lucy""]","[""Saint Lucia"", ""Saint Lucia was named after Saint Lucy of Syracuse.""]"
musique,2hop__6391_6402,"The seventh mission, of the series of missions that Project Gemini helped recruit experienced people for, launched from Earth on what date?","October 11, 1968","[""Project Gemini helped recruit experienced people for which upcoming lunar missions?"", ""Apollo 7 launched from Earth on what date?""]","[""Apollo"", ""October 11, 1968""]","[""The Apollo program."", ""October 11, 1968""]"
musique,2hop__709652_8477,"What piece by the composer of Symphony, K. 95 is used as a cliche to convey refinement?",Eine kleine Nachtmusik,"[""Symphony, K. 95 >> composer"", ""What piece by Mozart is used as a cliche to convey refinement?""]","[""Mozart"", ""Eine kleine Nachtmusik""]","[""Wolfgang Amadeus Mozart"", ""\""Eine Kleine Nachtmusik\"".""]"
musique,2hop__127482_50751,What is the word in the language of Aozora Bunko for spirits associated with shintoism?,Kami,"[""In what language is Aozora Bunko?"", ""Japanese for spirits these are associated with shintoism""]","[""Japanese"", ""Kami""]","[""Japanese"", ""Kami""]"
musique,2hop__138697_50751,What word for spirits associated with shintoism is in the country of origin of Katai Tayama?,Kami,"[""What nationality was Katai Tayama?"", ""Japanese for spirits these are associated with shintoism""]","[""Japanese"", ""Kami""]","[""Japanese"", ""Kami""]"
musique,2hop__571713_50751,What are the spirits associated with shintoism called in the language spoken by Haruhiko Kindaichi?,Kami,"[""Haruhiko Kindaichi >> languages spoken, written or signed"", ""Japanese for spirits these are associated with shintoism""]","[""Japanese"", ""Kami""]","[""Japanese (native), English, Spanish, French, German, Italian, Portuguese, Dutch, Russian, Chinese (Mandarin)"", ""Kami""]"
musique,2hop__194593_50751,What spirits are associated with shintoism in the religion of the people whose language is used by Gichin Funakoshi?,Kami,"[""Gichin Funakoshi >> languages spoken, written or signed"", ""Japanese for spirits these are associated with shintoism""]","[""Japanese"", ""Kami""]","[""Japanese, English, Chinese, Korean, Arabic, Hebrew, Russian, German, French, Italian, Spanish, Portuguese, Dutch, Swedish, Norwegian, Danish, Finnish, Estonian, Hungarian, Romanian, Bulgarian, Greek, Turkish, Persian (Farsi), and many others."", ""Kami""]"
musique,2hop__610846_50751,What is the original language of Nishinippon Shimbun for spirits associated with Shintoism?,Kami,"[""Nishinippon Shimbun >> original language of film or TV show"", ""Japanese for spirits these are associated with shintoism""]","[""Japanese"", ""Kami""]","[""Japanese"", ""Kami""]"
musique,2hop__393585_50751,"What spirits are associated with Shintoism, in the tradition of the people whose native language Crystal Kay recorded albums in?",Kami,"[""Crystal Kay >> languages spoken, written or signed"", ""Japanese for spirits these are associated with shintoism""]","[""Japanese"", ""Kami""]","[""* English\n* Spanish\n* French\n* Arabic\n* Chinese (Simplified and Traditional)\n* Hebrew\n* Hindi\n* Indonesian\n* Italian\n* Japanese\n* Korean\n* Portuguese\n* Russian\n* Swahili\n* Ukrainian\n* Welsh"", ""Kami""]"
musique,2hop__655393_181429,What perfume brand was founded by the artist who wrote the lyrics to LoveGame?,Lady Gaga Fame,"[""LoveGame >> lyrics by"", ""Lady Gaga >> founded by""]","[""Lady Gaga"", ""Lady Gaga Fame""]","[""I can't provide the lyrics to \""LoveGame\"" by Lady Gaga due to copyright restrictions."", ""Lady Gaga""]"
musique,2hop__632596_181429,What organization did the performer of Born This Way: The Compilation found?,Lady Gaga Fame,"[""Born This Way: The Collection >> performer"", ""Lady Gaga >> founded by""]","[""Lady Gaga"", ""Lady Gaga Fame""]","[""Lady Gaga"", ""Lady Gaga""]"
musique,2hop__68023_79070,When did the location where Ann of Green Gables takes place become a province?,1873,"[""where does ann of green gables take place"", ""when did Prince Edward Island become a province""]","[""Prince Edward Island"", ""1873""]","[""Prince Edward Island, Canada"", ""March 7, 1873""]"
musique,2hop__53030_79070,When did the place where Anne of Green Gables took place become a province?,1873,"[""where does the story anne of green gables take place"", ""when did Prince Edward Island become a province""]","[""Prince Edward Island"", ""1873""]","[""Prince Edward Island, Canada"", ""March 7, 1873""]"
musique,2hop__819744_79070,When did the area where Avonlea was located become a province?,1873,"[""Avonlea >> located in the administrative territorial entity"", ""when did Prince Edward Island become a province""]","[""Prince Edward Island"", ""1873""]","[""Prince Edward Island County"", ""March 7, 1873""]"
musique,2hop__8469_838537,What is the main subject of biographies of the composer who had an effect named after him?,Wolfgang Amadeus Mozart,"[""Which composer had an effect named after him?"", ""Biographies of Mozart >> main subject""]","[""Mozart"", ""Wolfgang Amadeus Mozart""]","[""Mozart"", ""Wolfgang Amadeus Mozart""]"
musique,2hop__539923_838537,"What is the main subject of the biographies of the person who composed Symphony, K. 97?",Wolfgang Amadeus Mozart,"[""Symphony, K. 97 >> composer"", ""Biographies of Mozart >> main subject""]","[""Mozart"", ""Wolfgang Amadeus Mozart""]","[""Wolfgang Amadeus Mozart"", ""Wolfgang Amadeus Mozart""]"
musique,2hop__709652_838537,"Who is the main subject of the biographies of the composer of Symphonoy, K. 95?",Wolfgang Amadeus Mozart,"[""Symphony, K. 95 >> composer"", ""Biographies of Mozart >> main subject""]","[""Mozart"", ""Wolfgang Amadeus Mozart""]","[""Wolfgang Amadeus Mozart"", ""Wolfgang Amadeus Mozart""]"
musique,2hop__754196_838537,What is the main subject of biographies of the composer of Piano Concerto K. 107?,Wolfgang Amadeus Mozart,"[""Piano Concertos K. 107 >> composer"", ""Biographies of Mozart >> main subject""]","[""Mozart"", ""Wolfgang Amadeus Mozart""]","[""Wolfgang Amadeus Mozart"", ""Wolfgang Amadeus Mozart""]"
musique,2hop__161670_61424,"During the Cold War, what happened in the country where Ratanakiri Province is located?",Cambodian Civil War,"[""Where is Ratanakiri?"", ""what happened in Cambodia during the cold war""]","[""Cambodia"", ""Cambodian Civil War""]","[""Northeastern Cambodia"", ""The Vietnam War and the Cambodian Civil War were ongoing conflicts that involved Cambodia during the Cold War era. The Khmer Rouge, a communist organization led by Pol Pot, seized power in 1975 and began a brutal campaign of genocide against the Cambodian population, resulting in an estimated 1.7 to 2.2 million deaths.\n\nThe United States provided military aid to the government of Cambodia during this period, despite knowing about the atrocities committed by the Khmer Rouge. The US continued to provide aid until 1979, when it began to withdraw its troops and eventually withdrew altogether in 1989.\n\nIn addition to the Camb""]"
musique,2hop__284172_61424,What happened in the country with TLD .kh during the cold war?,Cambodian Civil War,"["".kh >> country"", ""what happened in Cambodia during the cold war""]","[""Cambodia"", ""Cambodian Civil War""]","[""Cambodia"", ""The Vietnam War and the Cambodian Civil War were ongoing conflicts during the Cold War. The Khmer Rouge, a communist organization led by Pol Pot, seized power in Cambodia in 1975 after a long civil war with the government of Prince Norodom Sihanouk. The US provided military aid to the government of Thailand, while the Soviet Union supported the Khmer Rouge.\n\nIn response, the US launched Operation Menu, a bombing campaign against Cambodia from 1969 to 1973, targeting targets in Laos and North Vietnam. The bombing killed an estimated 150,000 people and destroyed much of the country's infrastructure.\n\nThe US""]"
musique,2hop__648794_61424,What happened in the country where Poipet is located during the Cold War?,Cambodian Civil War,"[""Poipet >> country"", ""what happened in Cambodia during the cold war""]","[""Cambodia"", ""Cambodian Civil War""]","[""Cambodia"", ""The Vietnam War and the Cambodian Civil War were ongoing conflicts during the Cold War.""]"
musique,2hop__452518_61424,What conflict happened in the country containing Mount Samkos during the Cold War?,Cambodian Civil War,"[""Phnom Samkos >> country"", ""what happened in Cambodia during the cold war""]","[""Cambodia"", ""Cambodian Civil War""]","[""Cambodia"", ""The Vietnam War and the Cambodian Civil War were ongoing conflicts that occurred during the Cold War era. The Khmer Rouge, a communist organization led by Pol Pot, seized power in Cambodia in 1975 after a long civil war with the government of Prince Norodom Sihanouk. The US provided military aid to the government of Thailand and other anti-communist forces, while the Soviet Union supported the Khmer Rouge.\n\nIn response to the US presence in Southeast Asia, North Vietnam invaded Cambodia in 1977, leading to a prolonged and bloody conflict that lasted until 1989. The US responded with airstrikes and ground troops, but""]"
musique,2hop__853370_61424,"During the Cold War, what happened in the country where the island of Koh Thmei is found?",Cambodian Civil War,"[""Koh Thmei >> country"", ""what happened in Cambodia during the cold war""]","[""Cambodia"", ""Cambodian Civil War""]","[""Cambodia"", ""The Vietnam War and the Cambodian Civil War were two significant conflicts that occurred during the Cold War era in Cambodia.""]"
musique,2hop__517689_61424,"During the cold war, what happened to the country where Phnom Aural is found?",Cambodian Civil War,"[""Phnom Aural >> country"", ""what happened in Cambodia during the cold war""]","[""Cambodia"", ""Cambodian Civil War""]","[""Cambodia"", ""The Vietnam War and the Cambodian Civil War were ongoing conflicts that involved various countries, including Cambodia, during the Cold War era. The conflict began in 1967 with a communist takeover of Cambodia, led by Pol Pot's Khmer Rouge regime, which was supported by China and North Vietnam. The United States provided military aid to the anti-communist government of Thailand and other Southeast Asian countries.\n\nIn response to the communist insurgency, the US launched Operation Menu, a secret bombing campaign against North Vietnamese targets in Cambodia from 1969 to 1973. The bombing campaign resulted in significant damage to Cambodian infrastructure and civilian populations.\n\nThe conflict""]"
musique,2hop__801079_61424,"During the cold war, what happened to the country where Moat Preah is located?",Cambodian Civil War,"[""Moat Preah >> country"", ""what happened in Cambodia during the cold war""]","[""Cambodia"", ""Cambodian Civil War""]","[""Cambodia"", ""The Vietnam War and the Cambodian Civil War were ongoing conflicts that involved Cambodia during the Cold War era.""]"
musique,2hop__161581_26537,What mountain has the highest elevation in the region where Ladakh found his guidance in religion?,Mount Everest,"[""Where did Ladakh find his guidance in religion?"", ""What is the highest elevation in Tibet ?""]","[""Tibet"", ""Mount Everest""]","[""Tibetan Buddhism."", ""Mount Everest""]"
musique,2hop__733803_26537,What is the highest elevation in the location of the Sino-Nepalese War?,Mount Everest,"[""Sino-Nepalese War >> location"", ""What is the highest elevation in Tibet ?""]","[""Tibet"", ""Mount Everest""]","[""Tibet Autonomous Region (TAR) and Nepal"", ""Mount Everest""]"
musique,2hop__637577_26537,What is the highest elevation in Nawang Khechog's birthplace?,Mount Everest,"[""Nawang Khechog >> place of birth"", ""What is the highest elevation in Tibet ?""]","[""Tibet"", ""Mount Everest""]","[""Tibet"", ""Mount Everest""]"
musique,2hop__664398_26537,What is the highest elevation in the birthplace of Marpa Lotsawa?,Mount Everest,"[""Marpa Lotsawa >> place of birth"", ""What is the highest elevation in Tibet ?""]","[""Tibet"", ""Mount Everest""]","[""Tibet"", ""Mount Everest""]"
musique,2hop__85036_26537,What is the highest elevation in the country whose capital is Lhasa?,Mount Everest,"[""lhasa which is being turned into a culturally chinese city is the capital of what country"", ""What is the highest elevation in Tibet ?""]","[""Tibet"", ""Mount Everest""]","[""Tibet"", ""Mount Everest""]"
musique,2hop__423600_421645,Whose spouse performed Sinatra: Vegas?,Barbara Marx,"[""Sinatra: Vegas >> performer"", ""Frank Sinatra >> spouse""]","[""Frank Sinatra"", ""Barbara Marx""]","[""Frank Sinatra"", ""Barbara Marx""]"
musique,2hop__204374_421645,Who is the spouse of the performer of Moonlight Sinatra?,Barbara Marx,"[""Moonlight Sinatra >> performer"", ""Frank Sinatra >> spouse""]","[""Frank Sinatra"", ""Barbara Marx""]","[""Frank Sinatra"", ""Barbara Marx""]"
musique,2hop__285562_421645,Whose husband released the Sinatra Saga?,Barbara Marx,"[""The Sinatra Saga >> performer"", ""Frank Sinatra >> spouse""]","[""Frank Sinatra"", ""Barbara Marx""]","[""Frank Sinatra"", ""Barbara Marx""]"
musique,2hop__698572_421645,Who was the spouse of the performer who released Frankly Sentimental?,Barbara Marx,"[""Frankly Sentimental >> performer"", ""Frank Sinatra >> spouse""]","[""Frank Sinatra"", ""Barbara Marx""]","[""Frank Sinatra"", ""Barbara Marx""]"
musique,2hop__388168_83854,In what year did the country where you can find Ishango station become independent?,1960,"[""Ishango >> country"", ""when did Democratic Republic of the Congo become independent""]","[""Democratic Republic of the Congo"", ""1960""]","[""Democratic Republic of Congo"", ""December 31, 1960""]"
musique,2hop__842531_83854,When did the country where Tilwezembe is located become independent?,1960,"[""Tilwezembe >> country"", ""when did Democratic Republic of the Congo become independent""]","[""Democratic Republic of the Congo"", ""1960""]","[""Democratic Republic of Congo"", ""October 30, 1960""]"
musique,2hop__248941_83854,When did the country where Bweremana is located become independent?,1960,"[""Bweremana >> country"", ""when did Democratic Republic of the Congo become independent""]","[""Democratic Republic of the Congo"", ""1960""]","[""Democratic Republic of Congo"", ""December 30, 1960""]"
musique,2hop__511953_83854,When did the country Bafwabaka is located in become independent?,1960,"[""Bafwabaka >> country"", ""when did Democratic Republic of the Congo become independent""]","[""Democratic Republic of the Congo"", ""1960""]","[""Democratic Republic of Congo"", ""December 30, 1960""]"
musique,2hop__375473_62031,What waterfall is located in the country where Mudzi District is found?,Victoria Falls,"[""Mudzi District >> country"", ""what is the name of the waterfall in Zimbabwe""]","[""Zimbabwe"", ""Victoria Falls""]","[""Zimbabwe"", ""Victoria Falls.""]"
musique,2hop__314413_62031,What is the name of the waterfall in the country having Mudzi West?,Victoria Falls,"[""Mudzi West >> country"", ""what is the name of the waterfall in Zimbabwe""]","[""Zimbabwe"", ""Victoria Falls""]","[""Zimbabwe"", ""Victoria Falls.""]"
musique,2hop__228219_62031,What is the name of the waterfall in the country where Mazowe District is found?,Victoria Falls,"[""Mazowe District >> country"", ""what is the name of the waterfall in Zimbabwe""]","[""Zimbabwe"", ""Victoria Falls""]","[""Zimbabwe"", ""Victoria Falls.""]"
musique,2hop__370008_62031,What is the name of the waterfall in the country where Chimanimani district is located?,Victoria Falls,"[""Chimanimani District >> country"", ""what is the name of the waterfall in Zimbabwe""]","[""Zimbabwe"", ""Victoria Falls""]","[""Zimbabwe"", ""Victoria Falls.""]"
musique,2hop__647930_62031,What is the name of the waterfall in the country where Chiredzi River is located?,Victoria Falls,"[""Chiredzi River >> country"", ""what is the name of the waterfall in Zimbabwe""]","[""Zimbabwe"", ""Victoria Falls""]","[""Zimbabwe"", ""Victoria Falls.""]"
musique,2hop__449613_62031,What is the name of the waterfall in the country where Tsholotsho District is found?,Victoria Falls,"[""Tsholotsho District >> country"", ""what is the name of the waterfall in Zimbabwe""]","[""Zimbabwe"", ""Victoria Falls""]","[""Zimbabwe"", ""Victoria Falls.""]"
musique,2hop__777786_62031,What is the name of the waterfall in the country where Chikomba District is found?,Victoria Falls,"[""Chikomba District >> country"", ""what is the name of the waterfall in Zimbabwe""]","[""Zimbabwe"", ""Victoria Falls""]","[""Zimbabwe"", ""Victoria Falls.""]"
musique,2hop__771033_62031,What is the name of the waterfall in the nation that contains the Zvimba District?,Victoria Falls,"[""Zvimba District >> country"", ""what is the name of the waterfall in Zimbabwe""]","[""Zimbabwe"", ""Victoria Falls""]","[""Zimbabwe"", ""Victoria Falls.""]"
musique,2hop__530233_62031,What is the name of the waterfall in the country where Marondera East is found?,Victoria Falls,"[""Marondera East >> country"", ""what is the name of the waterfall in Zimbabwe""]","[""Zimbabwe"", ""Victoria Falls""]","[""Zimbabwe"", ""Victoria Falls.""]"
musique,2hop__76267_20713,When was the artist who has had the most top 10 hits born?,"August 16, 1958","[""who has had the most top ten hits"", ""When was Madonna born?""]","[""Madonna"", ""August 16, 1958""]","[""Elton John and Madonna are tied for the most top ten hits on Billboard's Hot 100 chart."", ""August 16, 1958""]"
musique,2hop__11693_20713,What is the birthdate for the person who sang the song Vogue?,"August 16, 1958","[""who sang the hit single \""vogue\""?"", ""When was Madonna born?""]","[""Madonna"", ""August 16, 1958""]","[""Madonna"", ""August 16, 1958""]"
musique,2hop__743201_743037,What country has its main railway station located in the city where Yeh Wei-tze was born?,Taiwan,"[""Yeh Wei-tze >> place of birth"", ""Taipei main station >> country""]","[""Taipei"", ""Taiwan""]","[""Taipei"", ""Taipei Main Station is a major railway station in Taipei, Taiwan.""]"
musique,2hop__6458_60600,When did the iPhone 6 by the creator of Safari come out?,"September 19, 2014","[""Who created Safari?"", ""when did the Apple iphone 6 come out""]","[""Apple"", ""September 19, 2014""]","[""Apple Inc."", ""September 19, 2014""]"
musique,2hop__6458_1094,What was the original price for a replacement battery from the company that created Safari?,$99,"[""Who created Safari?"", ""What was the original price for a replacement battery from Apple ?""]","[""Apple"", ""$99""]","[""Apple Inc."", ""$29.99""]"
musique,2hop__934_60600,When did the iPhone 6 from the iPod manufacturer come out?,"September 19, 2014","[""What company manufactures the iPod?"", ""when did the Apple iphone 6 come out""]","[""Apple"", ""September 19, 2014""]","[""Apple Inc."", ""September 19, 2014""]"
musique,2hop__445223_60600,When did the iPhone 6s from the developer of MessagePad come out?,"September 19, 2014","[""MessagePad >> developer"", ""when did the Apple iphone 6 come out""]","[""Apple"", ""September 19, 2014""]","[""Apple Support"", ""September 19, 2014""]"
musique,2hop__531924_60600,When did the iPhone 6 by the owner of iWork come out?,"September 19, 2014","[""iWork >> owned by"", ""when did the Apple iphone 6 come out""]","[""Apple"", ""September 19, 2014""]","[""Apple Inc."", ""September 19, 2014""]"
musique,2hop__6458_89167,When did the iPhone 6s Plus come out by the manufacturer that created Safari?,"September 25, 2015","[""Who created Safari?"", ""when did the Apple iphone 6s plus come out""]","[""Apple"", ""September 25, 2015""]","[""Apple Inc."", ""September 25, 2015""]"
musique,2hop__930_60600,When did the iphone 6 of the company that produces the iPod come out?,"September 19, 2014","[""Which company produces the iPod?"", ""when did the Apple iphone 6 come out""]","[""Apple"", ""September 19, 2014""]","[""Apple Inc."", ""September 19, 2014""]"
musique,2hop__934_89167,When did the iPhone 6s Plus come out from the iPod manufacturer?,"September 25, 2015","[""What company manufactures the iPod?"", ""when did the Apple iphone 6s plus come out""]","[""Apple"", ""September 25, 2015""]","[""Apple Inc."", ""September 25, 2015""]"
musique,2hop__934_1094,What was the original price for a replacement battery from the manufacturer of the iPod?,$99,"[""What company manufactures the iPod?"", ""What was the original price for a replacement battery from Apple ?""]","[""Apple"", ""$99""]","[""Apple Inc."", ""$29.99""]"
musique,2hop__930_89167,When did the iPhone 6s plus of the company that produces iPod come out?,"September 25, 2015","[""Which company produces the iPod?"", ""when did the Apple iphone 6s plus come out""]","[""Apple"", ""September 25, 2015""]","[""Apple Inc."", ""September 25, 2015""]"
musique,2hop__445223_1094,What was the original price for a replacement battery from the MessagePad developer?,$99,"[""MessagePad >> developer"", ""What was the original price for a replacement battery from Apple ?""]","[""Apple"", ""$99""]","[""Apple Support"", ""$29.99""]"
musique,2hop__531924_1094,What was the original price for a replacement battery from the company that owns iWork?,$99,"[""iWork >> owned by"", ""What was the original price for a replacement battery from Apple ?""]","[""Apple"", ""$99""]","[""Apple Inc."", ""$29.99""]"
musique,2hop__930_1094,What was the original price for a replacement battery from the producer of iPod?,$99,"[""Which company produces the iPod?"", ""What was the original price for a replacement battery from Apple ?""]","[""Apple"", ""$99""]","[""Apple Inc."", ""$29.99""]"
musique,2hop__445223_89167,When did the iPhone 6s Plus from the developer of MessagePad come out?,"September 25, 2015","[""MessagePad >> developer"", ""when did the Apple iphone 6s plus come out""]","[""Apple"", ""September 25, 2015""]","[""Apple Support"", ""September 25, 2015""]"
musique,2hop__681648_60600,When did the iPhone 6 by the manufacturer of MacBook Pro come out?,"September 19, 2014","[""MacBook Pro >> manufacturer"", ""when did the Apple iphone 6 come out""]","[""Apple"", ""September 19, 2014""]","[""Apple Inc."", ""September 19, 2014""]"
musique,2hop__531924_89167,When did the iphone 6s plus owned by iWork come out?,"September 25, 2015","[""iWork >> owned by"", ""when did the Apple iphone 6s plus come out""]","[""Apple"", ""September 25, 2015""]","[""Apple Inc."", ""September 25, 2015""]"
musique,2hop__681648_89167,When did iPhone 6s plus by the manufacturers of the MacBook Pro come out?,"September 25, 2015","[""MacBook Pro >> manufacturer"", ""when did the Apple iphone 6s plus come out""]","[""Apple"", ""September 25, 2015""]","[""Apple Inc."", ""September 25, 2015""]"
musique,2hop__6458_57555,What is the name of the latest version of the OS operating system of the creators of Safari?,macOS,"[""Who created Safari?"", ""what is the name of the latest version of Apple 's os x operating system""]","[""Apple"", ""macOS""]","[""Apple Inc."", ""macOS Monterey""]"
musique,2hop__930_57555,What is the name of the latest version of the OS X operating system by the iPod producer?,macOS,"[""Which company produces the iPod?"", ""what is the name of the latest version of Apple 's os x operating system""]","[""Apple"", ""macOS""]","[""Apple Inc."", ""macOS Monterey""]"
musique,2hop__934_57555,what is the name of the latest version the OS of the company that manufactures iPods?,macOS,"[""What company manufactures the iPod?"", ""what is the name of the latest version of Apple 's os x operating system""]","[""Apple"", ""macOS""]","[""Apple Inc."", ""macOS Monterey""]"
musique,2hop__131781_47295,What is the area code for the state The Fairmont Orchid is located in?,808,"[""Which state is The Fairmont Orchid located?"", ""what is the area code for the state of Hawaii""]","[""Hawaii"", ""808""]","[""Hawaii"", ""808""]"
musique,2hop__738035_47295,What is the area code of the state that owns Aloha Stadium?,808,"[""Aloha Stadium >> owned by"", ""what is the area code for the state of Hawaii""]","[""Hawaii"", ""808""]","[""State of Hawaii"", ""808""]"
musique,2hop__129611_47295,what is the area code for the state in which Submillimeter Array is located?,808,"[""In which state is Submillimeter Array located?"", ""what is the area code for the state of Hawaii""]","[""Hawaii"", ""808""]","[""Hawaii"", ""808""]"
musique,2hop__130004_47295,What is the area code for the state where Halona Blowhole is located?,808,"[""What is the name of the state where Hālona Blowhole is located?"", ""what is the area code for the state of Hawaii""]","[""Hawaii"", ""808""]","[""Hawaii"", ""808""]"
musique,2hop__160598_47295,What is the area code for the state where Pearl Harbor is located?,808,"[""What state is Pearl Harbor located in?"", ""what is the area code for the state of Hawaii""]","[""Hawaii"", ""808""]","[""Hawaii"", ""808""]"
musique,2hop__92202_47295,What is the area code of the 50th state to join the United States?,808,"[""which of these was the 50th state to join the united states"", ""what is the area code for the state of Hawaii""]","[""Hawaii"", ""808""]","[""Hawaii"", ""808""]"
musique,2hop__275689_47295,What is the area code for the state where the Aloha Festivals are held?,808,"[""Aloha Festivals >> located in the administrative territorial entity"", ""what is the area code for the state of Hawaii""]","[""Hawaii"", ""808""]","[""Hawaii County"", ""808""]"
musique,2hop__453371_53910,Who was the president of the United States immediately following the conflict that included the Battle of Tannenberg?,Thomas Woodrow Wilson,"[""Battle of Tannenberg >> part of"", ""who was president of the united states immediately following World War I i""]","[""World War I"", ""Thomas Woodrow Wilson""]","[""World War I"", ""Woodrow Wilson""]"
musique,2hop__97582_53910,Who was President of the United States immediately following the war Sergeant Stubby participated in?,Thomas Woodrow Wilson,"[""In what war was Sergeant Stubby in?"", ""who was president of the united states immediately following World War I i""]","[""World War I"", ""Thomas Woodrow Wilson""]","[""World War I"", ""Woodrow Wilson""]"
musique,2hop__255645_207154,"In what conflict was the screenwriter of I, Claudius?",World War I,"[""I, Claudius >> screenwriter"", ""Robert Graves >> conflict""]","[""Robert Graves"", ""World War I""]","[""I couldn't find any information on a person named I, Claudius being a well-known screenwriter. However, I did find that I, Claudius is a 1976 BBC television miniseries starring Anthony Hopkins as the Roman Emperor Claudius, based on the novel of the same name by Robert Graves."", ""World War I and his experiences in it.""]"
musique,2hop__102217_90963,When did the British Empire take over the country of citizenship of Raphael Tuju?,1895,"[""Of which country is Raphael Tuju a citizen?"", ""when did the british empire take over Kenya""]","[""Kenya"", ""1895""]","[""Kenya"", ""1895-1919""]"
musique,2hop__103659_90963,When did the British Empire take over the country where Peter Koech was born?,1895,"[""What was Peter Koech birth country?"", ""when did the british empire take over Kenya""]","[""Kenya"", ""1895""]","[""Kenya"", ""1895-1919""]"
musique,2hop__107017_159106,In what year was the unification of the country that eats Nasi kerabu?,1963,"[""Which was the country for Nasi kerabu?"", ""In what year did the unification of Malaysia happen?""]","[""Malaysia"", ""1963""]","[""Malaysia"", ""1963""]"
musique,2hop__413855_159106,In what year was the unification of the country where the state of Perlis can be found?,1963,"[""Perlis >> country"", ""In what year did the unification of Malaysia happen?""]","[""Malaysia"", ""1963""]","[""Malaysia"", ""1963""]"
musique,2hop__15659_92427,Where are the San Juan Mountains in the US state whose governor was Toney Anaya?,northwestern New Mexico,"[""Of what state was Toney Anaya governor?"", ""where are the san juan mountains in New Mexico""]","[""New Mexico"", ""northwestern New Mexico""]","[""New Mexico"", ""The San Juan Mountains are located in southwestern Colorado and northwestern New Mexico.""]"
musique,2hop__129320_92427,Where are the San Juan mountains in the state which also contains the Jemez River?,northwestern New Mexico,"[""In which state is Jemez River located?"", ""where are the san juan mountains in New Mexico""]","[""New Mexico"", ""northwestern New Mexico""]","[""New Mexico"", ""The San Juan Mountains are located in southwestern Colorado and northwestern New Mexico.""]"
musique,2hop__129529_92427,Where are the San Juan mountains in the state where Raton Municipal Airport is located?,northwestern New Mexico,"[""In which state is Raton Municipal Airport located?"", ""where are the san juan mountains in New Mexico""]","[""New Mexico"", ""northwestern New Mexico""]","[""New Mexico"", ""The San Juan Mountains are located in southwestern Colorado and northwestern New Mexico.""]"
musique,2hop__131638_92427,Where are the San Juan Mountains in the state where Piedra Vista High School is located?,northwestern New Mexico,"[""Which state is Piedra Vista High School located?"", ""where are the san juan mountains in New Mexico""]","[""New Mexico"", ""northwestern New Mexico""]","[""New Mexico"", ""The San Juan Mountains are located in southwestern Colorado and northwestern New Mexico.""]"
musique,2hop__206080_69291,When did the country of citizenship of Tony Laureano become independent from Spain?,1898,"[""Tony Laureano >> country of citizenship"", ""when did Puerto Rico became independent from spain""]","[""Puerto Rico"", ""1898""]","[""Puerto Rico"", ""March 15, 1898""]"
musique,2hop__33326_54206,When did the territory that has been suggested as a new addition to the US become an American territory?,1898,"[""What territory has been suggested as a new addition to the United States?"", ""when did Puerto Rico became an american territory""]","[""Puerto Rico"", ""1898""]","[""Puerto Rico"", ""1898""]"
musique,2hop__33326_65151,When was the place now discussed as a potential 51st state made a us territory?,1898,"[""What territory has been suggested as a new addition to the United States?"", ""when was Puerto Rico declared a us territory""]","[""Puerto Rico"", ""1898""]","[""Puerto Rico"", ""March 1, 1898""]"
musique,2hop__161414_54206,When did the island and US territory that the creature can be found in become an American territory?,1898,"[""What island and U.S territory can the creature be found in?"", ""when did Puerto Rico became an american territory""]","[""Puerto Rico"", ""1898""]","[""Puerto Rico"", ""1898""]"
musique,2hop__161414_69291,when did the island and U.S territory where the creature can be found became independent from Spain?,1898,"[""What island and U.S territory can the creature be found in?"", ""when did Puerto Rico became independent from spain""]","[""Puerto Rico"", ""1898""]","[""Puerto Rico"", ""1898""]"
musique,2hop__161414_65151,When was the territory having the creature declared a us territory?,1898,"[""What island and U.S territory can the creature be found in?"", ""when was Puerto Rico declared a us territory""]","[""Puerto Rico"", ""1898""]","[""Puerto Rico"", ""March 1, 1898""]"
musique,2hop__161414_79217,"When was the island and U.S. territory where the Bronze mannikin is found, annexed by the United States?",1898,"[""What island and U.S territory can the creature be found in?"", ""when was Puerto Rico annexed by the united states""]","[""Puerto Rico"", ""1898""]","[""Puerto Rico"", ""March 1, 1898""]"
musique,2hop__33326_79217,When was the territory suggested as a new addition to the U.S. annexed by the U.S.?,1898,"[""What territory has been suggested as a new addition to the United States?"", ""when was Puerto Rico annexed by the united states""]","[""Puerto Rico"", ""1898""]","[""Puerto Rico"", ""March 1, 1898""]"
musique,2hop__33326_69291,When did the territory which has been suggested as a new state of the USA became independent from Spain?,1898,"[""What territory has been suggested as a new addition to the United States?"", ""when did Puerto Rico became independent from spain""]","[""Puerto Rico"", ""1898""]","[""Puerto Rico"", ""March 2, 1898""]"
musique,2hop__161414_92821,When did the island where the Bronze mannikin is found become a part of the United States?,1898,"[""What island and U.S territory can the creature be found in?"", ""when did Puerto Rico became a part of the united states""]","[""Puerto Rico"", ""1898""]","[""Puerto Rico"", ""March 1, 1898""]"
musique,2hop__33326_60641,When did Hurricane Maria make landfall in the territory that has been suggested as a new addition to the United States?,September 20,"[""What territory has been suggested as a new addition to the United States?"", ""when did hurricane maria make landfall in Puerto Rico""]","[""Puerto Rico"", ""September 20""]","[""Puerto Rico"", ""September 20, 1969""]"
musique,2hop__33326_65517,"In 2017, what was the name of the hurricane that hit the territory which has been suggested as a new addition to the United States?",Hurricane Maria,"[""What territory has been suggested as a new addition to the United States?"", ""what was the name of the hurricane that hit Puerto Rico in 2017""]","[""Puerto Rico"", ""Hurricane Maria""]","[""Puerto Rico"", ""Hurricane Maria""]"
musique,2hop__161414_65517,Which hurricane hit the island and U.S. territory where the creature can be found in 2017?,Hurricane Maria,"[""What island and U.S territory can the creature be found in?"", ""what was the name of the hurricane that hit Puerto Rico in 2017""]","[""Puerto Rico"", ""Hurricane Maria""]","[""Puerto Rico"", ""Hurricane Maria""]"
musique,2hop__33326_92821,When did the territory that has been suggested as a new addition to the US become part of the United States?,1898,"[""What territory has been suggested as a new addition to the United States?"", ""when did Puerto Rico became a part of the united states""]","[""Puerto Rico"", ""1898""]","[""Puerto Rico"", ""March 1, 1898""]"
musique,2hop__161414_60641,When did hurricane Maria make landfall in the territory having Bronze mannikin?,September 20,"[""What island and U.S territory can the creature be found in?"", ""when did hurricane maria make landfall in Puerto Rico""]","[""Puerto Rico"", ""September 20""]","[""Puerto Rico"", ""September 20, 1969""]"
musique,2hop__152990_54580,When was the astronomical clock in the city that Lucie Hradecká calls home built?,1410,"[""What city is Lucie Hradecká from?"", ""when was the astronomical clock in Prague built""]","[""Prague"", ""1410""]","[""Prague"", ""The Astronomical Clock in Prague was built between 1410 and 1424.""]"
musique,2hop__144618_731592,The history of Jews in Karel Stibor's birthplace is an instance of what?,Jewish,"[""What is the birthplace of Karel Stibor?"", ""History of the Jews in Prague >> instance of""]","[""Prague"", ""Jewish""]","[""Prague"", ""The first recorded Jewish presence in Prague dates back to 907 AD.""]"
musique,2hop__145030_54580,When was the astronomical clock in Jan Klapáč's birth city built?,1410,"[""What was Jan Klapáč's city of birth?"", ""when was the astronomical clock in Prague built""]","[""Prague"", ""1410""]","[""Prague"", ""The astronomical clock in Prague was built between 1410 and 1424.""]"
musique,2hop__152961_54580,When did they build the astronomical clock in the city Jaroslav Drobný is from?,1410,"[""What city is Jaroslav Drobný from?"", ""when was the astronomical clock in Prague built""]","[""Prague"", ""1410""]","[""Prague"", ""The astronomical clock in Prague was built between 1410 and 1424.""]"
musique,2hop__146089_54580,When was the astronomical clock in the city Kamil Lhoták died built?,1410,"[""In what city did Kamil Lhoták die?"", ""when was the astronomical clock in Prague built""]","[""Prague"", ""1410""]","[""Prague"", ""The astronomical clock in Prague was built between 1410 and 1424.""]"
musique,2hop__67233_374419,Who owns numbered highways in the state where Uncle Tom's Cabin takes place?,Kentucky Transportation Cabinet,"[""where does uncle tom's cabin take place"", ""numbered highways in Kentucky >> owned by""]","[""Kentucky"", ""Kentucky Transportation Cabinet""]","[""Kentucky."", ""1. The Kentucky Transportation Cabinet\n2. The Kentucky Department of Highways\n3. The Kentucky Transportation Infrastructure Fund\n4. The Kentucky Transportation Trust Fund""]"
musique,2hop__130463_51268,When did the state Aims Community College is located become part of the United States?,"August 1, 1876","[""What state is Aims Community College located?"", ""when did Colorado become part of the united states""]","[""Colorado"", ""August 1, 1876""]","[""Colorado"", ""August 1, 1876""]"
musique,2hop__673662_47824,Where is the blue mosque located in the country where Boğaziçi can be found?,Istanbul,"[""Boğaziçi >> country"", ""where is the blue mosque located in Turkey""]","[""Turkey"", ""Istanbul""]","[""Turkey"", ""Istanbul.""]"
musique,2hop__501319_47824,Where is the Blue Mosque located in the country where the village of Başalan is found?,Istanbul,"[""Başalan >> country"", ""where is the blue mosque located in Turkey""]","[""Turkey"", ""Istanbul""]","[""Turkey"", ""Istanbul.""]"
musique,2hop__3365_84128,How long is a governor's term in the state where Taylor Hicks comes from?,Four years,"[""Where is Taylor Hicks from?"", ""how long is a governor's term in Alabama""]","[""Alabama"", ""Four years""]","[""Alabama"", ""Four years.""]"
musique,2hop__3365_70019,What is the highest point in the state where Taylor Hicks comes from?,Cheaha Mountain,"[""Where is Taylor Hicks from?"", ""what is the highest point in the state of Alabama""]","[""Alabama"", ""Cheaha Mountain""]","[""Alabama"", ""Cheaha Mountain""]"
musique,2hop__136744_70019,"What's the highest part of the state where Selma, Lord, Selma was filmed?",Cheaha Mountain,"[""Which place is Selma, Lord, Selma in?"", ""what is the highest point in the state of Alabama""]","[""Alabama"", ""Cheaha Mountain""]","[""Selma, Alabama."", ""Cheaha Mountain""]"
musique,2hop__136744_84128,"How long is a governor's term in the state where Selma, Lord, Selma takes place?",Four years,"[""Which place is Selma, Lord, Selma in?"", ""how long is a governor's term in Alabama""]","[""Alabama"", ""Four years""]","[""Selma, Alabama."", ""Four years.""]"
musique,2hop__384961_20644,What race is the majority of Yale-NUS's country's population?,Chinese,"[""Yale-NUS >> country"", ""What race was the majority of Singapore 's population?""]","[""Singapore"", ""Chinese""]","[""Singapore"", ""Chinese""]"
musique,2hop__832636_43178,Who was the first prime minister of the country Sentosa Cove is located?,Lee Kuan Yew,"[""Sentosa Cove >> country"", ""who is the first prime minister of Singapore""]","[""Singapore"", ""Lee Kuan Yew""]","[""Singapore"", ""Lee Kuan Yew""]"
musique,2hop__106647_43178,Who was the first prime minister of the country that released Kaya toast?,Lee Kuan Yew,"[""What country released Kaya toast?"", ""who is the first prime minister of Singapore""]","[""Singapore"", ""Lee Kuan Yew""]","[""Singapore"", ""Lee Kuan Yew""]"
musique,2hop__244456_43178,Who was the first prime minister of the country Potong Pasir is located?,Lee Kuan Yew,"[""Potong Pasir >> country"", ""who is the first prime minister of Singapore""]","[""Singapore"", ""Lee Kuan Yew""]","[""Singapore"", ""Lee Kuan Yew""]"
musique,2hop__106999_159597,What language do the majority of people in the country where Mieskuoro Huutajat was formed speak?,Finnish,"[""Which was the country for Mieskuoro Huutajat?"", ""What language do the majority of the people in Finland speak?""]","[""Finland"", ""Finnish""]","[""Finland"", ""Finnish""]"
musique,2hop__106299_159597,What language do the majority of the people in the country Nightwish is from speak?,Finnish,"[""What country released Nightwish?"", ""What language do the majority of the people in Finland speak?""]","[""Finland"", ""Finnish""]","[""Finland"", ""Finnish""]"
musique,2hop__130736_64652,Who is the Democratic gubernatorial candidate in the state where KFDI-FM is located?,Laura Kelly,"[""What state is KFDI-FM located?"", ""who are the democratic candidates running for governor in Kansas""]","[""Kansas"", ""Laura Kelly""]","[""Kansas City, Missouri"", ""As of my knowledge cutoff in March 2023, the Democratic candidates running for governor in Kansas were:\n\n1. Paul Haley\n2. John Hickenlooper\n3. Laura Kelly""]"
musique,2hop__91724_64652,Who is the Democratic gubernatorial candidate in the state Dorothy is from in The Wizard of Oz,Laura Kelly,"[""where did dorothy from the wizard of oz live"", ""who are the democratic candidates running for governor in Kansas""]","[""Kansas"", ""Laura Kelly""]","[""Toto's home was in Kansas."", ""As of my knowledge cutoff in March 2023, the Democratic candidates running for governor in Kansas were:\n\n1. Laura Kelly\n2. John Hickenlooper\n3. Paul Ryan""]"
musique,2hop__60386_64652,Who are the Democratic candidates running for governor in the state Dorothy form Wizard of Oz lived?,Laura Kelly,"[""where did dorothy from wizard of oz live"", ""who are the democratic candidates running for governor in Kansas""]","[""Kansas"", ""Laura Kelly""]","[""Toto's home was in Kansas."", ""As of my knowledge cutoff in March 2023, the Democratic candidates running for governor in Kansas were:\n\n1. John Hickenlooper\n2. Laura Kelly""]"
musique,2hop__4196_79233,When was the city Internet Archive is headquartered founded?,"June 29, 1776","[""Where is Internet Archive headquartered?"", ""when was the city of San Francisco founded""]","[""San Francisco"", ""June 29, 1776""]","[""San Francisco, California"", ""June 29, 1776""]"
musique,2hop__4196_91206,What is the pyramid building in the city where the Internet Archive is headquartered?,Transamerica Pyramid,"[""Where is Internet Archive headquartered?"", ""what is the pyramid building in San Francisco""]","[""San Francisco"", ""Transamerica Pyramid""]","[""San Francisco, California"", ""The Transamerica Pyramid.""]"
musique,2hop__228063_79233,When was Coinbase's headquarters location founded?,"June 29, 1776","[""Coinbase >> headquarters location"", ""when was the city of San Francisco founded""]","[""San Francisco"", ""June 29, 1776""]","[""San Francisco, California"", ""June 29, 1776""]"
musique,2hop__12247_79233,When was the city where the RSA Security Conference held founded?,"June 29, 1776","[""Where was the RSA Security Conference held?"", ""when was the city of San Francisco founded""]","[""San Francisco"", ""June 29, 1776""]","[""San Francisco, California"", ""June 29, 1776""]"
musique,2hop__13254_79233,When was the city where the band Blue Cheer was from founded?,"June 29, 1776","[""Where was the band Blue Cheer from?"", ""when was the city of San Francisco founded""]","[""San Francisco"", ""June 29, 1776""]","[""San Francisco, California"", ""June 29, 1776""]"
musique,2hop__12247_91206,What's the name of the famous triangular building in the city that hosts the RCA Security Conference?,Transamerica Pyramid,"[""Where was the RSA Security Conference held?"", ""what is the pyramid building in San Francisco""]","[""San Francisco"", ""Transamerica Pyramid""]","[""San Francisco, California"", ""The Transamerica Pyramid.""]"
musique,2hop__781680_91206,What is the pyramid building in Joseph Alioto's birthplace?,Transamerica Pyramid,"[""Joseph Alioto >> place of birth"", ""what is the pyramid building in San Francisco""]","[""San Francisco"", ""Transamerica Pyramid""]","[""San Francisco"", ""The Transamerica Pyramid.""]"
musique,2hop__253688_79233,When was the city where the magazine California Lawyer is headquartered founded?,"June 29, 1776","[""California Lawyer >> headquarters location"", ""when was the city of San Francisco founded""]","[""San Francisco"", ""June 29, 1776""]","[""San Francisco"", ""June 29, 1776""]"
musique,2hop__63527_79233,When was the city where Joy Luck Club takes place founded?,"June 29, 1776","[""where did the joy luck club take place"", ""when was the city of San Francisco founded""]","[""San Francisco"", ""June 29, 1776""]","[""The Joy Luck Club took place in San Francisco and New York City."", ""June 29, 1776""]"
musique,2hop__1345_785147,Where is the headquarters of the social media site which was used for complaining about the Indian censoring located?,San Francisco,"[""Which social media site was used for complaining about the Indian censoring?"", ""Twitter. >> headquarters location""]","[""Twitter."", ""San Francisco""]","[""Twitter"", ""San Francisco, California""]"
musique,2hop__130693_55098,What is the area code for Cincinnati in the state Hocking Hills is located?,513,"[""What state is Hocking Hills located?"", ""what is the area code for cincinnati Ohio""]","[""Ohio"", ""513""]","[""Ohio"", ""513""]"
musique,2hop__129156_55098,"What is the area code for Cincinnati, in the state that has the Cleveland Metroparks Zoo?",513,"[""In which state is Cleveland Metroparks Zoo located?"", ""what is the area code for cincinnati Ohio""]","[""Ohio"", ""513""]","[""Ohio"", ""513""]"
musique,2hop__71102_52375,What institution is established for management of development in one of the richest countries in Africa?,Nigerian Institute of Management,"[""which one is the richest country in africa"", ""institutions that are established for management development in Nigeria""]","[""Nigeria"", ""Nigerian Institute of Management""]","[""Nigeria"", ""1. Nigerian Institute of Management (NIM)\n2. Nigerian Institute of Public Administration (NIPA)\n3. Nigerian Institute of Chartered Accountants of Nigeria (NICAN)\n4. Nigerian Institute of Marketing (NIMC)\n5. Nigerian Institute of Journalism and Mass Communication (NIJMC)""]"
musique,2hop__107217_80243,What is the currency in the place where Drunken Master took place?,Hong Kong dollar,"[""Which was the country for Drunken Master?"", ""what is the currency in Hong Kong china""]","[""Hong Kong"", ""Hong Kong dollar""]","[""Hong Kong."", ""Hong Kong dollar (HKD)""]"
musique,2hop__757660_91469,When was the region where HKGolden50 is headquartered taken by the British?,1842,"[""HKGolden50 >> headquarters location"", ""when was Hong Kong taken by the british""]","[""Hong Kong"", ""1842""]","[""Hong Kong"", ""July 1, 1842""]"
musique,2hop__1835_94034,What airport is Jestar in the city with the most high-rise buildings in the world part of?,Hong Kong International Airport,"[""What city has the most high-rise buildings in the world?"", ""What airport is Jetstar Hong Kong part of?""]","[""Hong Kong"", ""Hong Kong International Airport""]","[""Hong Kong"", ""Hong Kong International Airport""]"
musique,3hop2__35882_160178_54090,The organization North Korea is a member of recognizes how many regions in the continent Buddhism spread?,53 member states,"[""Where did Buddhism spread?"", ""What was Norh Korea a member of?""]","[""Asia"", ""UN""]","[""India, China, and Southeast Asia."", ""The United Nations.""]"
musique,3hop2__35882_35260_54090,How many regions in the continent where Buddhism spread is recognized by the organization that mediated the truce which ended the Iran-Iraq War?,53 member states,"[""Where did Buddhism spread?"", ""Who mediated the truce which ended the Iran-Iraq War?""]","[""Asia"", ""the UN""]","[""India, China, Southeast Asia, and East Africa."", ""The United Nations Security Council.""]"
musique,3hop2__35882_27348_54090,"How many states in the continent where Buddhism spread are recognized by the organization that offered possible solutions Arab-Israeli conflict, which Nasser supported?",53 member states,"[""Where did Buddhism spread?"", ""What organization offered possible solutions Arab-Israeli conflict, which Nasser supported?""]","[""Asia"", ""UN""]","[""India, China, Southeast Asia, and East Africa."", ""The United Nations.""]"
musique,3hop2__35882_18393_54090,How many states on the continent where Buddhism spread are recognized by the organization that authorized giving troops the ability to follow the North Korean forces north?,53 member states,"[""Where did Buddhism spread?"", ""Who authorized giving troops the ability to follow the North Korean forces north?""]","[""Asia"", ""the UN""]","[""India, China, Southeast Asia, and parts of Africa."", ""The United States Joint Chiefs of Staff.""]"
musique,3hop2__855892_63595_53125,What agency in the country where United Utilities is based is the equivalent of the one that appoints the members of the public company accounting oversight board?,Financial Services Authority,"[""United Utilities >> country"", ""who appoints the members of the public company accounting oversight board quizlet""]","[""UK"", ""the SEC""]","[""United Utilities is a UK-based water and waste management company."", ""* The Securities and Exchange Commission (SEC)\n* The Public Company Accounting Oversight Board (PCAOB) is a private non-profit corporation\n* It is funded by member companies through fees paid by their auditors.""]"
musique,3hop2__162189_421553_73761,"Who claimed a homeland in parts of Turkey, the country Shiraz is in, and the country where the Dohuk Dam is located?",Kurdish people,"[""What nation is Shiraz in?"", ""Dohuk Dam >> country""]","[""Iran."", ""Iraq""]","[""Iran"", ""Iraq""]"
musique,3hop2__162189_44267_73761,"Who claimed a homeland in parts of turkey, the country who the US fought in desert storm and the nation Shiraz is in?",Kurdish people,"[""What nation is Shiraz in?"", ""who did the us fight in desert storm""]","[""Iran."", ""Iraq""]","[""Iran"", ""United States of America (US) and Iraq.""]"
musique,3hop2__89818_157704_4107,What term means an institution like a German Fachhochschule in the country where Antwerp is located and the country where Dutch is spoken?,hogeschool,"[""where are you from if you speak dutch"", ""Where is Antwerp located?""]","[""the Netherlands"", ""Belgium""]","[""Netherlands, Belgium, Suriname, Aruba, Curaçao, Sint Maarten, and other Caribbean islands."", ""Belgium""]"
musique,3hop2__89818_717222_4107,What term means an institution like a German Fachhochschule in the country where Meerbeke is located and the country where Dutch is spoken?,hogeschool,"[""where are you from if you speak dutch"", ""Meerbeke >> country""]","[""the Netherlands"", ""Belgium""]","[""Netherlands, Belgium, Suriname, Aruba, Curaçao, Sint Maarten, and other Caribbean islands."", ""Belgium""]"
musique,3hop2__89818_850628_4107,What term is used to refer to an institution like a German Fachhochschule in the country where Sint-Katelijne-Waver is located and the country that speaks Dutch?,hogeschool,"[""where are you from if you speak dutch"", ""Sint-Katelijne-Waver >> country""]","[""the Netherlands"", ""Belgium""]","[""Netherlands, Belgium, Suriname, Aruba, Curaçao, Sint Maarten, and other Caribbean islands."", ""Belgium""]"
musique,3hop2__89818_761643_4107,"What term is used in the country where Philippeville is found, as well as the nation where Dutch is spoken, to refer to an institution like a German Fachhochschule?",hogeschool,"[""where are you from if you speak dutch"", ""Philippeville >> country""]","[""the Netherlands"", ""Belgium""]","[""Netherlands, Belgium, Suriname, Aruba, Curaçao, Sint Maarten, and other Caribbean islands."", ""Belgium""]"
musique,3hop2__89818_686301_4107,What term is used in the country where Frietmuseum is located and the country where people speak Dutch to refer to an institution like a German Fachhochschule?,hogeschool,"[""where are you from if you speak dutch"", ""Frietmuseum >> country""]","[""the Netherlands"", ""Belgium""]","[""Netherlands, Belgium, Suriname, Aruba, Curaçao, Sint Maarten"", ""Belgium""]"
musique,3hop2__22027_70123_63115,The art period in which linear perspective was perfected began in which area of the continent Jacobinism affected?,seemingly in Italy,"[""Which continent did Jacobinism affect?"", ""linear perspective was perfected during which art period quizlet""]","[""Europe"", ""the Renaissance""]","[""Europe"", ""Renaissance""]"
musique,3hop2__22516_32417_24628,What year did the voters of the state that Raleigh is a capital of once again vote for the party that dominated South Carolina's state legislature?,2008,"[""What state is Raleigh the capital of?"", ""Which party dominated South Carolina's state legislature?""]","[""North Carolina"", ""Democrat""]","[""North Carolina"", ""Democrat""]"
musique,3hop2__70826_49355_89217,When did the country from which the 13 colonies declared independence take control of the country where the most australopithecus fossils have been found?,1909,"[""where have most fossils of australopithecus been found"", ""who did the 13 colonies declared independence from""]","[""South Africa"", ""Britain""]","[""South Africa and Ethiopia."", ""Great Britain""]"
musique,3hop2__103837_49355_89217,"When did the nation from which the 13 colonies declared independence, take control of the country that Nduduzo Makhathini was from?",1909,"[""Where was Nduduzo Makhathini from?"", ""who did the 13 colonies declared independence from""]","[""South Africa"", ""Britain""]","[""South Africa"", ""Great Britain""]"
musique,3hop2__764770_86841_54023,"When did the first restaurant that the phenomenon of McDonaldization is named after, open in the country that holds the Isle of Wight festival?",1974,"[""McDonaldization >> named after"", ""where is the isle of wight festival held""]","[""McDonald's"", ""England""]","[""McDonald's Corporation"", ""Portsmouth, England""]"
musique,3hop2__29467_132034_73594,What was launched to send Mangalyaan of the country Goa is from to the planet Deuteronilus Mensae is located?,a Polar Satellite Launch Vehicle (PSLV) rocket C25,"[""Where was Goa?"", ""Where is Deuteronilus Mensae found?""]","[""India"", ""Mars""]","[""Indian Ocean"", ""Mars.""]"
musique,3hop2__29467_132160_73594,The country where Goa is located sent Mangalyaan to the planet Olympus Mons is found by launching what?,a Polar Satellite Launch Vehicle (PSLV) rocket C25,"[""Where was Goa?"", ""Where is Olympus Mons found?""]","[""India"", ""Mars""]","[""Indian Ocean"", ""Tharsis Bulge in Mars.""]"
musique,3hop2__29467_132098_73594,What rocket from the country containing Goa launched the probe to the planet containing Ladon Valles?,a Polar Satellite Launch Vehicle (PSLV) rocket C25,"[""Where was Goa?"", ""Where is Ladon Valles found?""]","[""India"", ""Mars""]","[""Indian Ocean"", ""Ladon Valles is located on Mars.""]"
musique,3hop2__29467_132003_73594,What did Goa's country launch to send the mangalyaan to the planet where Arsia Chasmata was found?,a Polar Satellite Launch Vehicle (PSLV) rocket C25,"[""Where was Goa?"", ""Where is Arsia Chasmata found?""]","[""India"", ""Mars""]","[""Indian Ocean"", ""Artsa Chasma, also known as Arsia Chasma, is located in Mars.""]"
musique,3hop1__158950_52935_710419,Who was the spouse of the first president who identified as a member of Barack Obama's party in 2008?,Rachel Jackson,"[""What party did Barack Obama belong to in 2008?"", ""who was the first president identified as a Democrat""]","[""Democrat"", ""Andrew Jackson""]","[""Democratic Party"", ""Andrew Jackson""]"
musique,3hop1__158950_52935_646717,Who is the child of the first president identified in the same party Barack Obama belonged to?,Daniel Smith Donelson,"[""What party did Barack Obama belong to in 2008?"", ""who was the first president identified as a Democrat""]","[""Democrat"", ""Andrew Jackson""]","[""Democratic Party"", ""Andrew Jackson""]"
musique,3hop1__32417_52935_710419,Who was the spouse of the first president identified as a member of the party which dominated South Carolina's state legislature in 1895?,Rachel Jackson,"[""Which party dominated South Carolina's state legislature?"", ""who was the first president identified as a Democrat""]","[""Democrat"", ""Andrew Jackson""]","[""Democrat"", ""Andrew Jackson""]"
musique,3hop1__32417_52935_646717,Who was the child of the first president identified as a candidate from the party that dominated South Carolina's state legislature?,Daniel Smith Donelson,"[""Which party dominated South Carolina's state legislature?"", ""who was the first president identified as a Democrat""]","[""Democrat"", ""Andrew Jackson""]","[""Democrat"", ""Andrew Jackson""]"
musique,3hop1__162189_35178_826724,In what county is Khosrowabad in the capital of the country where Shiraz is?,Pardis County,"[""What nation is Shiraz in?"", ""What city is Iran. 's capital?""]","[""Iran."", ""Tehran""]","[""Iran"", ""Tehran.""]"
musique,3hop1__162189_35178_686699,"In which district is Qaleh Now-e Khaleseh, within the capital of the nation that contains Shiraz, located?",Qaleh Now Rural District,"[""What nation is Shiraz in?"", ""What city is Iran. 's capital?""]","[""Iran."", ""Tehran""]","[""Iran"", ""Tehran.""]"
musique,3hop1__75408_46321_81955,Who explored the mainland of the continent home to the 2002 World Cup winner?,European conquerors,"[""who won the 2002 world cup in japan"", ""Brazil ( is the largest country on which continent""]","[""Brazil ("", ""South America""]","[""Brazil"", ""South America""]"
musique,3hop1__75408_46321_43712,When do purple martins migrate to the continent on which the largest country won the 2002 World Cup in Japan?,winter,"[""who won the 2002 world cup in japan"", ""Brazil ( is the largest country on which continent""]","[""Brazil ("", ""South America""]","[""Brazil"", ""South America""]"
musique,3hop1__75408_46321_93843,When did the continent on which the 2002 World Cup winner is the largest country take the form it has today?,In the last million years since the Late Miocene,"[""who won the 2002 world cup in japan"", ""Brazil ( is the largest country on which continent""]","[""Brazil ("", ""South America""]","[""Brazil"", ""South America""]"
musique,3hop1__75408_46321_93284,When did the continent on which the largest country won the 2002 World Cup in Japan become a collection of independent states?,the first quarter of the 19th century,"[""who won the 2002 world cup in japan"", ""Brazil ( is the largest country on which continent""]","[""Brazil ("", ""South America""]","[""Brazil"", ""South America""]"
musique,3hop1__75408_46321_68345,When was the collision between North America and the continent on which the 2002 World Cup winner is located?,as early as 15 million years ago,"[""who won the 2002 world cup in japan"", ""Brazil ( is the largest country on which continent""]","[""Brazil ("", ""South America""]","[""Brazil"", ""South America""]"
musique,3hop1__75408_46321_87085,Who became known throughout the continent whose largest country won the 2002 world cup as the liberator?,Simón Bolívar,"[""who won the 2002 world cup in japan"", ""Brazil ( is the largest country on which continent""]","[""Brazil ("", ""South America""]","[""Brazil"", ""South America""]"
musique,3hop1__91116_594903_85185,"Who dropped out of the school that employed the writer of The Significance of the Frontier in American History, and became known by many as the founder of public relations?",Basil Clarke,"[""who wrote the significance of the frontier in american history"", ""Frederick Jackson Turner >> employer""]","[""Frederick Jackson Turner"", ""Harvard""]","[""Frederick Jackson Turner"", ""Harvard University""]"
musique,3hop1__37727_37586_81010,On what date was the battle of the state founded by the man who also formed the first Baptist group in what is now the U.S.?,"August 29, 1778","[""Who founded the first Baptist group in what is now the United States?"", ""What colony was Roger Williams the founder of?""]","[""Roger Williams"", ""Rhode Island""]","[""The First Baptist Church of New York was founded by Roger Williams in 1639."", ""Rhode Island""]"
musique,3hop1__37727_37586_224276,Who owns the Interstate 95 in the state that was founded by the first Baptist group in US?,Rhode Island Department of Transportation,"[""Who founded the first Baptist group in what is now the United States?"", ""What colony was Roger Williams the founder of?""]","[""Roger Williams"", ""Rhode Island""]","[""The First Baptist Church of New York was founded by Roger Williams in 1639."", ""Rhode Island""]"
musique,3hop1__37727_37586_91717,"Who is the General Treasurer of Providence Plantations, and the state that was founded by the individual, who started the first Baptist group in what is now the United States?",Seth Magaziner,"[""Who founded the first Baptist group in what is now the United States?"", ""What colony was Roger Williams the founder of?""]","[""Roger Williams"", ""Rhode Island""]","[""The First Baptist Church of New York was founded by Roger Williams in 1639."", ""Rhode Island""]"
musique,3hop1__66475_69948_617898,Who was the spouse of the president of the Russian Republic at the time the country called Russia before the Russian Revolution disintegrated?,Raisa Maximovna Gorbacheva,"[""what was russia called after the russian revolution"", ""who was the president of the russian republic at the time of the disintegration of the Soviet Union""]","[""the Soviet Union"", ""Mikhail Gorbachev""]","[""Soviet Union"", ""Mikhail Gorbachev""]"
musique,3hop1__68160_69948_617898,Who was married to the Russian Republic's president during the disintegration of the inventors of the world's first satellite?,Raisa Maximovna Gorbacheva,"[""who invented the first satellite in the world"", ""who was the president of the russian republic at the time of the disintegration of the Soviet Union""]","[""the Soviet Union"", ""Mikhail Gorbachev""]","[""Sputnik 1 was the first artificial satellite to be launched into space by the Soviet Union on October 4, 1957."", ""Mikhail Gorbachev""]"
musique,3hop1__79417_69948_617898,Who is the spouse of the president of the Russian republic at the time of the disintegration of the nation being America's primary enemy during the cold war?,Raisa Maximovna Gorbacheva,"[""which nation was america's primary enemy during the cold war"", ""who was the president of the russian republic at the time of the disintegration of the Soviet Union""]","[""the Soviet Union"", ""Mikhail Gorbachev""]","[""Soviet Union"", ""Mikhail Gorbachev""]"
musique,3hop1__35248_69948_617898,Who was the spouse of the president of the Russian Republic at the time of the disintegration of the union that backed two puppet regimes in/around Iran during WWII?,Raisa Maximovna Gorbacheva,"[""Who backed two puppet regimes in/around Iran during WWII?"", ""who was the president of the russian republic at the time of the disintegration of the Soviet Union""]","[""the Soviet Union"", ""Mikhail Gorbachev""]","[""The United Kingdom and the Soviet Union."", ""Mikhail Gorbachev""]"
musique,3hop1__37727_37586_620955,What county is part of the state that was founded by the first Baptist group in the United States?,Kent County,"[""Who founded the first Baptist group in what is now the United States?"", ""What colony was Roger Williams the founder of?""]","[""Roger Williams"", ""Rhode Island""]","[""The First Baptist Church of New York was founded by Roger Williams in 1639."", ""Rhode Island""]"
musique,3hop1__37727_37586_782367,In which country is the Episcopal Diocese of the state founded as a colony by the founder of the first Baptist group in what is now the U.S.?,United States of America,"[""Who founded the first Baptist group in what is now the United States?"", ""What colony was Roger Williams the founder of?""]","[""Roger Williams"", ""Rhode Island""]","[""The First Baptist Church of New York was founded by Roger Williams in 1639."", ""Rhode Island""]"
musique,3hop1__756136_5960_90069,What is the unit of currency in the part of the United Kingdom where Bloody Friday is located?,pound sterling,"[""Bloody Friday >> location"", ""What part of the United Kingdom is Belfast located in?""]","[""Belfast"", ""Northern Ireland""]","[""The Bloody Friday incident occurred in Belfast, Northern Ireland on April 5, 1972."", ""Northern Ireland""]"
musique,3hop1__756136_5960_35392,When did the border between Ireland and the part of the U.K. that experienced Bloody Friday become a free-travel area?,1997,"[""Bloody Friday >> location"", ""What part of the United Kingdom is Belfast located in?""]","[""Belfast"", ""Northern Ireland""]","[""Belfast"", ""Northern Ireland""]"
musique,3hop1__801682_192919_16121,What university is found in the city that headquarters the company that owns Endless.com?,University of Washington,"[""Endless.com >> owned by"", ""Amazon >> headquarters location""]","[""Amazon"", ""Seattle""]","[""Amazon"", ""Seattle, Washington""]"
musique,3hop1__801682_192919_16066,How many theater companies does the city where the owner of Endless.com located have in residence?,around 100,"[""Endless.com >> owned by"", ""Amazon >> headquarters location""]","[""Amazon"", ""Seattle""]","[""Amazon"", ""Seattle, Washington""]"
musique,3hop1__145302_99691_35202,The Achaemenid Empire expanded into what part of the continent on which Trinh T. Minh-ha was born?,Central Asia,"[""Where was Trinh T. Minh-ha born?"", ""What continent is Hanoi found on?""]","[""Hanoi"", ""Asia""]","[""Hanoi, Vietnam"", ""Asia""]"
musique,3hop1__145302_99691_28721,In what year was a project announced to connect Alaska with the continent which contains the birth city of Trinh T. Minh-ha?,2011,"[""Where was Trinh T. Minh-ha born?"", ""What continent is Hanoi found on?""]","[""Hanoi"", ""Asia""]","[""Hanoi, Vietnam"", ""Asia""]"
musique,3hop1__830282_99691_35202,The Achaemenid Empire expanded into what part of the continent where Nguyen Van Nghi was born?,Central Asia,"[""Nguyen Van Nghi >> place of birth"", ""What continent is Hanoi found on?""]","[""Hanoi"", ""Asia""]","[""Hanoi"", ""Asia""]"
musique,3hop1__830282_99691_28721,There was a proposal to connect rural Alaska to the continent where Nguyen Van Nghi was born. What year was this project announced?,2011,"[""Nguyen Van Nghi >> place of birth"", ""What continent is Hanoi found on?""]","[""Hanoi"", ""Asia""]","[""Hanoi"", ""Asia""]"
musique,3hop1__654083_299916_7375,when did the country that developed the F-117 adopt Daylight Saving Time?,1918,"[""F-117 Nighthawk >> manufacturer"", ""Lockheed MQM-105 Aquila >> country""]","[""Lockheed"", ""the United States""]","[""Lockheed Martin"", ""United States""]"
musique,3hop1__30465_459267_34205,"Who wants to open the border between Armenia and the country that contained religious buildings commissioned by the Ottoman dynasty, some of which were housed inside al-Qarawiyin University?",Turkish business lobby,"[""What religious buildings were housed inside al-Qarawiyin University?"", ""mosques commissioned by the Ottoman dynasty >> country""]","[""mosques"", ""Turkey""]","[""Mosques and madrasas."", ""Turkey""]"
musique,3hop1__32971_459267_34205,Who wants the border between the country that buildings where Quran copies where kept for those who could not afford their own commissioned by the Ottoman dynasty and Armenia opened?,Turkish business lobby,"[""Where were Quran copies kept for those who could not afford their own?"", ""mosques commissioned by the Ottoman dynasty >> country""]","[""mosques"", ""Turkey""]","[""Mosques and madrasas."", ""Turkey""]"
musique,3hop1__60406_72477_196273,What political party did the person who brokered the purchase of Louisiana for the country where m&m chocolate comes from belong to?,Democratic-Republican Party,"[""where does m & m chocolate come from"", ""who brokered the purchase of louisiana for the United States""]","[""the United States"", ""Thomas Jefferson""]","[""United States of America"", ""Thomas Jefferson.""]"
musique,3hop1__9080_72477_196273,The person who brokered the purchase of louisiana for the country that took over the Marshall Islands in the second world war was a member of which political party?,Democratic-Republican Party,"[""Who took over the Marshall Islands in the second world war?"", ""who brokered the purchase of louisiana for the United States""]","[""the United States"", ""Thomas Jefferson""]","[""The United States."", ""Thomas Jefferson and James Monroe.""]"
musique,3hop1__90728_91799_12463,What are the notes issued by the monetary policy maker in the country America was called after the Revolutionary War?,obligations of the United States,"[""what was america called after the revolutionary war"", ""which organization sets monetary policy for the United States""]","[""the United States"", ""the Federal Reserve""]","[""United States of America"", ""Federal Reserve System""]"
musique,3hop1__90728_91799_73100,There is an organization that sets the monetary policy of the country which received its current name after the American revolutionary war. When did that organization start quantitative easing?,during the Great Depression of the 1930s,"[""what was america called after the revolutionary war"", ""which organization sets monetary policy for the United States""]","[""the United States"", ""the Federal Reserve""]","[""The United States of America"", ""Federal Reserve System""]"
musique,3hop1__17268_91799_12463,What are the notes issued by the organization that sets monetary policy for the country who regards Israel as its most reliable partner in the Middle East?,obligations of the United States,"[""Who regards Israel as it's most reliable partner in the Middle East?"", ""which organization sets monetary policy for The United States""]","[""The United States"", ""the Federal Reserve""]","[""United States."", ""Federal Reserve System""]"
musique,3hop1__17268_91799_73100,When was quantitative easing started by the organization setting monetary policy for the country considered its most reliable partner in the Middle East by Israel?,during the Great Depression of the 1930s,"[""Who regards Israel as it's most reliable partner in the Middle East?"", ""which organization sets monetary policy for The United States""]","[""The United States"", ""the Federal Reserve""]","[""United States."", ""Federal Reserve System""]"
musique,3hop1__53235_762096_90300,"When does it start to snow in the place of death of Feodor I, who was formerly of the largest country in europe by square miles?",the beginning of November,"[""what is the largest country in europe by square miles"", ""Feodor I of Russia * >> place of death""]","[""Russia *"", ""Moscow""]","[""Russia"", ""Moscow""]"
musique,3hop1__53235_762096_518118,"Where was Blessed John, of the city where Feodor I of the largest country in Europe died, the Fool-For-Christ born?",Vologda,"[""what is the largest country in europe by square miles"", ""Feodor I of Russia * >> place of death""]","[""Russia *"", ""Moscow""]","[""Russia"", ""Moscow""]"
musique,3hop1__106139_81195_59314,Where does the columbia river meet the body of water that provides warm moist air over the andes mountains in the country where Choripan orignated?,Columbia Bar,"[""What country did Choripán originate?"", ""where does the warm moist air mass over the andes mountains in Argentina come from""]","[""Argentina"", ""the Pacific Ocean""]","[""Argentina"", ""The warm moist air mass comes from the Pacific Ocean to the west and the Atlantic Ocean to the east.""]"
musique,3hop1__106139_81195_67444,Who was the first European in America to see the source of the warm moist air mass over the Andes in the country Choripan comes from?,Spaniard Vasco Núñez de Balboa,"[""What country did Choripán originate?"", ""where does the warm moist air mass over the andes mountains in Argentina come from""]","[""Argentina"", ""the Pacific Ocean""]","[""Argentina"", ""The warm moist air mass comes from the Pacific Ocean to the west and the Antarctic cold front to the east.""]"
musique,3hop1__2486_65293_48285,How close is the Wrigley Field to the where the city Kanye West lived as a child get its drinking water from?,less than a mile to the east,"[""Where did Kanye West live as a child?"", ""where does Chicago get its drinking water from""]","[""Chicago"", ""Lake Michigan""]","[""Chicago."", ""The Chicago Water System is a municipal water system that provides drinking water to the city of Chicago and surrounding areas. The main source of the water is Lake Michigan, with approximately 90% of the city's water coming from this source.""]"
musique,3hop1__131633_66618_440465,What position is held by the republican candidate running for governor in the state where the Pere Marquette River is located?,Michigan Attorney General,"[""Which state is Pere Marquette River located?"", ""who are the republican candidates running for governor in Michigan""]","[""Michigan"", ""Bill Schuette""]","[""Michigan"", ""As of my knowledge cutoff in March 2023, the Republican candidates running for Governor in Michigan were:\n\n1. Greg Ryan\n2. Bill Schuette\n3. Bill Levitt""]"
musique,3hop1__131837_66618_440465,What position was held by the republican gubernatorial candidate from the state where Washtenaw Community College is located?,Michigan Attorney General,"[""Which state is Washtenaw Community College located?"", ""who are the republican candidates running for governor in Michigan""]","[""Michigan"", ""Bill Schuette""]","[""Michigan"", ""As of my knowledge cutoff in March 2023, the Republican candidates running for Governor in Michigan were:\n\n1. Greg Matta\n2. Bill Schuette\n3. Jack White""]"
musique,3hop1__129398_66618_440465,What position was held by the Republican candidate for governor in the state where Mackinaw State Forest is located?,Michigan Attorney General,"[""In which state is Mackinaw State Forest located?"", ""who are the republican candidates running for governor in Michigan""]","[""Michigan"", ""Bill Schuette""]","[""Michigan"", ""As of my knowledge cutoff in March 2023, the Republican candidates running for Governor in Michigan were:\n\n1. Greg Matta\n2. Bill Schuette\n3. Bill Levitt""]"
musique,3hop1__130002_66618_440465,What position was held by the Republican candidate for governor of the state where Huron Island Light is located?,Michigan Attorney General,"[""What is the name of the state where Huron Island Light is located?"", ""who are the republican candidates running for governor in Michigan""]","[""Michigan"", ""Bill Schuette""]","[""St. Clair County, Michigan"", ""As of my knowledge cutoff in March 2023, the Republican candidates running for Governor of Michigan were:\n\n1. Greg Matta\n2. Bill Schuette\n3. Bill Levitt""]"
musique,3hop1__131642_66618_440465,What position was held by the Republican candidate running for governor in the state Plum Hollow Country Club is located?,Michigan Attorney General,"[""Which state is Plum Hollow Country Club located?"", ""who are the republican candidates running for governor in Michigan""]","[""Michigan"", ""Bill Schuette""]","[""Michigan"", ""As of my knowledge cutoff in March 2023, the Republican candidates running for Governor in Michigan were:\n\n1. Greg Matta\n2. Bill Schuette\n3. Bill Levitt""]"
musique,3hop1__46253_22372_27337,Who was sent to the country where the organization that gave Britain the right to rule Palestine is located?,Mohieddin,"[""who gave britain the right to rule palestine"", ""Where is the League of Nations located?""]","[""the League of Nations"", ""Switzerland""]","[""The United Kingdom was given the right to rule Palestine by the League of Nations (1920) and later by the United States (1947)."", ""Geneva, Switzerland""]"
musique,3hop1__30348_348668_856982,"What is the Margaraviate of the country where the Botanical Garden of the school where Hayek got his doctorates is located, an instance of?",march,"[""Where did Hayek acquire his doctorates?"", ""Botanical Garden of University of Vienna >> country""]","[""University of Vienna"", ""Austria""]","[""University of Vienna and University of Oxford"", ""Austria""]"
musique,3hop1__222048_348668_856982,Margraviate of the country having Botanical Garden of the university attended by Hans Koller is an instance of what?,march,"[""Hans Koller >> educated at"", ""Botanical Garden of University of Vienna >> country""]","[""University of Vienna"", ""Austria""]","[""University of Vienna"", ""Austria""]"
musique,3hop1__222048_348668_782779,Who was the child of Maria Leopoldina of the Hans Koller's university's botanical garden's country?,Pedro II,"[""Hans Koller >> educated at"", ""Botanical Garden of University of Vienna >> country""]","[""University of Vienna"", ""Austria""]","[""University of Vienna"", ""Austria""]"
musique,3hop1__20673_720466_80004,Who picks the prime minister in the country where the British Prime Minister in 1982 is a citizen?,Monarch of the United Kingdom,"[""Who was the British Prime Minister in 1982?"", ""Margaret Thatcher >> country of citizenship""]","[""Margaret Thatcher"", ""United Kingdom""]","[""Margaret Thatcher"", ""United Kingdom""]"
musique,3hop1__326177_58005_126090,Who is the Premier of the country that shares a border with the country where the Deoksancheon river flows?,Pak Pong-ju,"[""Deoksancheon >> country"", ""what are the neighboring countries of South Korea""]","[""South Korea"", ""North Korea""]","[""South Korea"", ""North Korea, China, Japan, Taiwan""]"
musique,3hop1__326177_58005_18308,Who did the Soviets send to Deoksancheon's country's neighboring country?,Soviet generals,"[""Deoksancheon >> country"", ""what are the neighboring countries of South Korea""]","[""South Korea"", ""North Korea""]","[""South Korea"", ""North Korea, China, Japan, Taiwan, and Russia.""]"
musique,3hop1__326177_58005_75534,Who is the prime minister of the country neighboring the country Deoksancheon is located?,Pak Pong - ju,"[""Deoksancheon >> country"", ""what are the neighboring countries of South Korea""]","[""South Korea"", ""North Korea""]","[""South Korea"", ""North Korea, China, Japan, Taiwan, and Mongolia.""]"
musique,3hop1__326177_58005_51880,What is the climate like in the country that neighbors the country where Deoksancheon is located?,a combination of a continental climate and an oceanic climate,"[""Deoksancheon >> country"", ""what are the neighboring countries of South Korea""]","[""South Korea"", ""North Korea""]","[""South Korea"", ""North Korea, China, Japan, Taiwan""]"
musique,3hop1__326177_58005_18475,When did the country that neighbors the nation where Deoksancheon can be found call an end to the armistice?,13 March 2013,"[""Deoksancheon >> country"", ""what are the neighboring countries of South Korea""]","[""South Korea"", ""North Korea""]","[""South Korea"", ""North Korea, China, Japan, Taiwan""]"
musique,3hop1__326177_58005_87052,What is the largest football in the world called in the country that neighbors the country Deoksancheon is located?,"The Rungrado 1st of May Stadium, also known as the May Day Stadium","[""Deoksancheon >> country"", ""what are the neighboring countries of South Korea""]","[""South Korea"", ""North Korea""]","[""South Korea"", ""North Korea, Japan, China, Russia, and Taiwan.""]"
musique,3hop1__326177_58005_44955,Who led a successful Marxist revolution in the country neighboring the country where Deoksancheon is located?,Alexandra Kim,"[""Deoksancheon >> country"", ""what are the neighboring countries of South Korea""]","[""South Korea"", ""North Korea""]","[""South Korea"", ""North Korea, China, Japan, Taiwan, and Mongolia.""]"
musique,3hop1__326177_58005_85523,When did the neighboring country of where Deoksancheon is located conduct its first nuclear test?,"October 9, 2006","[""Deoksancheon >> country"", ""what are the neighboring countries of South Korea""]","[""South Korea"", ""North Korea""]","[""South Korea"", ""North Korea, China, Japan, Taiwan, and Mongolia.""]"
musique,3hop1__429162_58005_126090,What was in charge of the country neighboring the country where Bokjusan is located?,Pak Pong-ju,"[""Bokjusan >> country"", ""what are the neighboring countries of South Korea""]","[""South Korea"", ""North Korea""]","[""South Korea"", ""North Korea, China, Japan, Taiwan""]"
musique,3hop1__357856_548045_159613,When did Alanders rejoin the country where the Embassy of France is located in the same city as Leksaksmuseet?,December 1917,"[""Leksaksmuseet >> location"", ""Embassy of France, Stockholm >> country""]","[""Stockholm"", ""Sweden""]","[""Stockholm, Sweden"", ""Sweden""]"
musique,3hop1__357856_548045_64745,When did Swedish become the official language of the country where the Embassy of France is in the same city as Leksaksmuseet?,20th century,"[""Leksaksmuseet >> location"", ""Embassy of France, Stockholm >> country""]","[""Stockholm"", ""Sweden""]","[""Stockholm, Sweden"", ""Sweden""]"
musique,3hop1__145929_548045_159613,When did Alanders rejoin the country where the Embassy of France is located in the city Christer Strömholm died?,December 1917,"[""In what city did Christer Strömholm die?"", ""Embassy of France, Stockholm >> country""]","[""Stockholm"", ""Sweden""]","[""Stockholm"", ""Sweden""]"
musique,3hop1__145929_548045_64745,When did swedish become the official language of the country that contains the Embassy of France in the city where Christer Strömholm died?,20th century,"[""In what city did Christer Strömholm die?"", ""Embassy of France, Stockholm >> country""]","[""Stockholm"", ""Sweden""]","[""Stockholm"", ""Sweden""]"
musique,3hop1__146755_548045_159613,When did Alanders go back to the country where the Embassy of France is located in the city Emil forselius died?,December 1917,"[""What city did Emil Forselius live when he died?"", ""Embassy of France, Stockholm >> country""]","[""Stockholm"", ""Sweden""]","[""Stockholm"", ""Sweden""]"
musique,3hop1__146755_548045_64745,When did Swedish become the official language of the country an Embassy of France is located in the city Emil Forselius died?,20th century,"[""What city did Emil Forselius live when he died?"", ""Embassy of France, Stockholm >> country""]","[""Stockholm"", ""Sweden""]","[""Stockholm"", ""Sweden""]"
musique,3hop1__67506_439667_40232,How many inhabitants live in the area that was the birthplace for the actress who plays Pepper Potts in Iron Man 1?,12 million,"[""who plays pepper potts in iron man 1"", ""Gwyneth Paltrow >> place of birth""]","[""Gwyneth Paltrow"", ""Los Angeles""]","[""Gwyneth Paltrow"", ""Los Angeles, California""]"
musique,3hop1__465026_35178_826724,"Khosrowabad, located in the capitol of the country the Kamareh District is found in, is in what county?",Pardis County,"[""Kamareh District >> country"", ""What city is Iran 's capital?""]","[""Iran"", ""Tehran""]","[""Iran"", ""Tehran.""]"
musique,3hop1__465026_35178_686699,Which district contains Qaleh Now-e Khaleseh in the capital of the country having Kamareh District?,Qaleh Now Rural District,"[""Kamareh District >> country"", ""What city is Iran 's capital?""]","[""Iran"", ""Tehran""]","[""Iran"", ""Tehran""]"
musique,3hop1__103167_35178_826724,In which county is Khosrowabad located in the capitol of the country Sultan Husayn was in?,Pardis County,"[""What country was Sultan Husayn in?"", ""What city is Iran 's capital?""]","[""Iran"", ""Tehran""]","[""Iran"", ""Tehran""]"
musique,3hop1__103167_35178_686699,Qaleh Now-e Khaleseh in the capital of the country Sultan Husayn is from is located in what district?,Qaleh Now Rural District,"[""What country was Sultan Husayn in?"", ""What city is Iran 's capital?""]","[""Iran"", ""Tehran""]","[""Iran"", ""Tehran.""]"
musique,3hop1__159993_74189_12463,What are the notes issued by the current central bank of the country that conducted the Castle Bravo test?,obligations of the United States,"[""What country conducted the Castle Bravo test?"", ""the current central bank of United States is""]","[""United States"", ""Federal Reserve""]","[""United States"", ""Federal Reserve System""]"
musique,3hop1__159993_74189_73100,When did the current central bank of the country that conducted the Castle Bravo test start quantitative easing?,during the Great Depression of the 1930s,"[""What country conducted the Castle Bravo test?"", ""the current central bank of United States is""]","[""United States"", ""Federal Reserve""]","[""United States"", ""Federal Reserve""]"
musique,3hop1__161436_74189_12463,What notes are issued by the current central bank of the country Peterson is a top authority of a subject in?,obligations of the United States,"[""What nation is Peterson a top authority of a subject in?"", ""the current central bank of United States is""]","[""United States"", ""Federal Reserve""]","[""United States"", ""Federal Reserve System""]"
musique,3hop1__161436_74189_73100,When did the current central bank of the country Peterson is a top authority of a subject in start quantitative easing?,during the Great Depression of the 1930s,"[""What nation is Peterson a top authority of a subject in?"", ""the current central bank of United States is""]","[""United States"", ""Federal Reserve""]","[""United States"", ""Federal Reserve System""]"
musique,3hop1__161436_84068_12463,What notes are issued by the controller of monetary policy in the nation Peterson is top authority of a subject in?,obligations of the United States,"[""What nation is Peterson a top authority of a subject in?"", ""who controls the monetary policy in United States""]","[""United States"", ""the Federal Reserve""]","[""United States"", ""Federal Reserve System""]"
musique,3hop1__161436_84068_73100,When did the controller of monetary policy in the country Peterson is a top authority of a subject in start quantitative easing?,during the Great Depression of the 1930s,"[""What nation is Peterson a top authority of a subject in?"", ""who controls the monetary policy in United States""]","[""United States"", ""the Federal Reserve""]","[""United States"", ""Federal Reserve System""]"
musique,3hop1__104732_50615_480870,Who is the child of the person who ruled Qiu Shihua's country of citizenship during the Tianamen Square protests of 1989?,Deng Pufang,"[""Which country's citizen was Qiu Shihua?"", ""who ruled China during the tiananmen square protests of 1989""]","[""China"", ""Deng Xiaoping""]","[""China"", ""Mao Zedong's successor, Deng Xiaoping, and later Jiang Zemin.""]"
musique,3hop1__104732_50615_789589,"Who is the spouse of the man who ruled the country of citizenship of Qiu Shihua, during the Tiananmen Square protests of 1989?",Zhuo Lin,"[""Which country's citizen was Qiu Shihua?"", ""who ruled China during the tiananmen square protests of 1989""]","[""China"", ""Deng Xiaoping""]","[""China"", ""Mao Zedong's successor, Deng Xiaoping.""]"
musique,3hop1__35485_50615_480870,Who is the child of the person who ruled the country from which very expensive wallpaper was imported during the Tiananmen Square protests of 1989?,Deng Pufang,"[""Where was very expensive wallpaper imported from?"", ""who ruled China during the tiananmen square protests of 1989""]","[""China"", ""Deng Xiaoping""]","[""India and China were common sources of high-quality, expensive wallpaper at one time."", ""Mao Zedong's successor, Deng Xiaoping.""]"
musique,3hop1__35485_50615_789589,Who is the spouse of the ruler of the country very expensive wallpaper is imported from during the Tiananmen Square protests of 1989?,Zhuo Lin,"[""Where was very expensive wallpaper imported from?"", ""who ruled China during the tiananmen square protests of 1989""]","[""China"", ""Deng Xiaoping""]","[""India and China were common sources of high-quality wallpaper at that time."", ""Mao Zedong's successor, Deng Xiaoping.""]"
musique,3hop1__603146_50615_789589,Who is the child of the person who ruled the country Lenovo is based in during the Tiananmen Square protest in 1989?,Zhuo Lin,"[""Lenovo >> country"", ""who ruled China during the tiananmen square protests of 1989""]","[""China"", ""Deng Xiaoping""]","[""China"", ""Mao Zedong's successor, Deng Xiaoping.""]"
musique,3hop1__151117_466051_82685,In which part of the state where the Albany Law Review is published is Rochester located?,western New York,"[""What is the publisher of Albany Law Review?"", ""Albany Law School >> located in the administrative territorial entity""]","[""Albany Law School"", ""New York""]","[""Albany Law School"", ""New York State University""]"
musique,3hop1__671512_466051_82685,"For the state that produces the Albany Law Review, what region is Rochester in?",western New York,"[""Albany Law Review >> publisher"", ""Albany Law School >> located in the administrative territorial entity""]","[""Albany Law School"", ""New York""]","[""Albany Law School"", ""Albany Law School is located in the Capital District of New York State.""]"
musique,3hop1__160178_8995_82685,"What part of the state, that Tito visited when he saw the international organization that has North Korea as a member, is Rochester in?",western New York,"[""What was Norh Korea a member of?"", ""What American state did Tito visit when he saw the UN ?""]","[""UN"", ""New York""]","[""The United Nations."", ""New York""]"
musique,3hop1__160178_8995_43551,What is the population of Utica in the state Tito visited when he saw the organization North Korea was a member of?,"60,652","[""What was Norh Korea a member of?"", ""What American state did Tito visit when he saw the UN ?""]","[""UN"", ""New York""]","[""The United Nations."", ""New York""]"
musique,3hop1__160178_8995_51040,"In 2016, when did it snow in the state that Tito visited when he saw the organization that North Korea was a member of?","January 22 to January 24, 2016","[""What was Norh Korea a member of?"", ""What American state did Tito visit when he saw the UN ?""]","[""UN"", ""New York""]","[""The United Nations."", ""New York""]"
musique,3hop1__161709_56750_44492,Where did the plane crash in the largest river in the state that lies to the east of Lake Ontario?,off Midtown Manhattan,"[""What state lies to the east of Lake Ontario?"", ""what is the largest river in New York""]","[""New York"", ""Hudson River""]","[""New York"", ""The Hudson River""]"
musique,3hop1__161709_56750_1891,"How many meters is Riverbank State Park elevated above the largest river, in the state that lies to the east of Lake Ontario?",21,"[""What state lies to the east of Lake Ontario?"", ""what is the largest river in New York""]","[""New York"", ""Hudson River""]","[""New York"", ""The Hudson River""]"
musique,3hop1__1706_56750_44492,In what part of the largest river located in the city that the English called New Amsterdam after its capture did the plane crash?,off Midtown Manhattan,"[""What did the English call New Amsterdam after its capture?"", ""what is the largest river in New York""]","[""New York"", ""Hudson River""]","[""New York."", ""The Hudson River""]"
musique,3hop1__1706_56750_1891,How many meters is Riverbank State Park elevated above the largest river in the state known as New Amsterdam prior to capture by the English?,21,"[""What did the English call New Amsterdam after its capture?"", ""what is the largest river in New York""]","[""New York"", ""Hudson River""]","[""New York."", ""The Hudson River""]"
musique,3hop1__75339_677201_1751,In what year was slavery eliminated in the state containing the island where the novel Great Gatsby took place?,1827,"[""where does the novel the great gatsby take place"", ""Long Island >> located in the administrative territorial entity""]","[""Long Island"", ""New York""]","[""Long Island, New York."", ""Northeastern New York""]"
musique,3hop1__53592_66733_33264,What happened when the ruler during the first world war of the largest country in Asia was removed from power?,the Russian Provisional Government was established.,"[""what is the largest country in the asia"", ""name the ruler of Russia during first world war""]","[""Russia"", ""Nicholas II""]","[""Russia"", ""Nicholas II""]"
musique,3hop1__50406_66733_33264,What happened after the ruler of the world's biggest diamond producer lost power during World War I?,the Russian Provisional Government was established.,"[""who produces the most diamonds in the world"", ""name the ruler of Russia during first world war""]","[""Russia"", ""Nicholas II""]","[""Russia"", ""Nicholas II""]"
musique,3hop1__815157_66733_33264,What happened when the ruler of the country Olenegorsk is located during WWI was removed from power?,the Russian Provisional Government was established.,"[""Olenegorsk >> country"", ""name the ruler of Russia during first world war""]","[""Russia"", ""Nicholas II""]","[""Russia"", ""Nicholas II""]"
musique,3hop1__161789_66733_33264,What happened upon the removal from power of the WWI ruler of the country that Ulyanovsk Oblast is a subject of?,the Russian Provisional Government was established.,"[""Which country is U;yanovsk subject to?"", ""name the ruler of Russia during first world war""]","[""Russia"", ""Nicholas II""]","[""Russia"", ""Nicholas II""]"
musique,3hop1__104719_66733_33264,What happened when the person who ruled Oleg Bogayev's country during the first world war was removed from power?,the Russian Provisional Government was established.,"[""Which country's citizen was Oleg Bogayev?"", ""name the ruler of Russia during first world war""]","[""Russia"", ""Nicholas II""]","[""Russia"", ""Nicholas II""]"
musique,3hop1__104604_66733_33264,What happened when the ruler of Aleksandr Feklistov's country during WWI was removed from power?,the Russian Provisional Government was established.,"[""Which country's citizen was Aleksandr Feklistov?"", ""name the ruler of Russia during first world war""]","[""Russia"", ""Nicholas II""]","[""Russia"", ""Nicholas II""]"
musique,3hop1__61493_66733_33264,What happened when the ruler of the site of 2018's World Cup during WWI was removed from power?,the Russian Provisional Government was established.,"[""in 2018 where is the world cup going to be"", ""name the ruler of Russia during first world war""]","[""Russia"", ""Nicholas II""]","[""Russia."", ""Nicholas II""]"
musique,3hop1__85051_102348_83428,"When did the first immigrants from the nation that the developer of the printing method that aided the growth of literacy, arrive in America?",In the 1670s,"[""who developed a method of printing that greatly stimulated the growth of literacy"", ""To which country does Johannes Gutenberg belong as its citizen?""]","[""Johannes Gutenberg"", ""Germany""]","[""Johannes Gutenberg"", ""Germany""]"
musique,3hop1__35466_72872_59284,"Where did the country who won the 2014 event, that the FIFA Considerations Cups is usually considered a warm-up for, finish in the 2006 World Cup?",third place,"[""The FIFA Confederations Cups is usually considered a warm-up for what?"", ""who won the last FIFA World Cup held in 2014""]","[""FIFA World Cup"", ""Germany""]","[""The World Cup."", ""Germany""]"
musique,3hop1__40127_29217_62962,When did marriage become a sacrament in the church of the most predominant religion in the country where Normandy is located?,1184,"[""In what country is Normandy located?"", ""What is the most predominant religion in France ?""]","[""France"", ""Roman Catholic""]","[""France"", ""Roman Catholicism""]"
musique,3hop1__33198_29217_62962,when did marriage become a sacrament in the church of the most predominant religion in the country where the revolutions began?,1184,"[""In what country did the revolutions begin?"", ""What is the most predominant religion in France ?""]","[""France"", ""Roman Catholic""]","[""France"", ""Roman Catholicism""]"
musique,3hop1__33198_29217_759627,Where is the Diocese of Evansville that is part of the most predominant religion in the country where the revolutions began located?,Archdiocese of Indianapolis,"[""In what country did the revolutions begin?"", ""What is the most predominant religion in France ?""]","[""France"", ""Roman Catholic""]","[""France"", ""Roman Catholicism""]"
musique,3hop1__160535_29217_62962,When did marriage become a sacrament in the most predominant religion in the country that owns Saint-Domingue?,1184,"[""Which country owns Saint-Domingue?"", ""What is the most predominant religion in France ?""]","[""France"", ""Roman Catholic""]","[""France"", ""Roman Catholicism""]"
musique,4hop1__75408_46321_1955_73755,What's the most popular sport in the country that provided the most legal immigrants in 2013 in the continent for the country that won the 2002 World Cup in Japan?,Futbol,"[""who won the 2002 world cup in japan"", ""Brazil ( is the largest country on which continent""]","[""Brazil ("", ""South America""]","[""Brazil"", ""South America""]"
musique,4hop1__75408_46321_1955_64754,The largest country on this continent won the 2002 World Cup in Japan. What type of government is in the country that provided the most legal immigrants in 2013 from the continent?,"four - yearly elected presidential, unicameral representative democracy","[""who won the 2002 world cup in japan"", ""Brazil ( is the largest country on which continent""]","[""Brazil ("", ""South America""]","[""Brazil"", ""South America""]"
musique,4hop1__75408_46321_1955_53157,When did the country on the continent whose largest country won Japan's 2002 world cup and provided the most legal immigrants in 2013 change to USD?,"March 13, 2000","[""who won the 2002 world cup in japan"", ""Brazil ( is the largest country on which continent""]","[""Brazil ("", ""South America""]","[""Brazil"", ""South America""]"
musique,4hop1__75408_46321_1955_90328,"Of all the countries in the 2002 World Cup winner's continent, the one providing the most legal immigrants in 2013 had a 2017 presidential election won by whom?",Lenín Moreno,"[""who won the 2002 world cup in japan"", ""Brazil ( is the largest country on which continent""]","[""Brazil ("", ""South America""]","[""Brazil"", ""South America""]"
musique,4hop1__75408_46321_1955_417709,The largest country on this continent won the 2002 World Cup in Japan. Where is the headquarters of Avianca in the country that provided the most legal immigrants in 2013 from the continent?,Quito,"[""who won the 2002 world cup in japan"", ""Brazil ( is the largest country on which continent""]","[""Brazil ("", ""South America""]","[""Brazil"", ""South America""]"
musique,4hop1__131225_85073_830682_68600,"A singer had an album named after their live performance in a city in the Boulder Dam Hotel's state. When was their ""Way Down"" album released?","August 16, 1977","[""Which state is Boulder Dam Hotel located?"", ""what is the name of the large city in southeastern Nevada""]","[""Nevada"", ""Las Vegas""]","[""Nevada"", ""Las Vegas""]"
musique,4hop1__131661_85073_830682_68600,When was way down by the performer of Live in the large city southeastern of the US state having Pyramid Lake Fault Zone released?,"August 16, 1977","[""Which state is Pyramid Lake Fault Zone located?"", ""what is the name of the large city in southeastern Nevada""]","[""Nevada"", ""Las Vegas""]","[""Nevada"", ""Las Vegas""]"
musique,4hop1__13225_22372_375457_49140,"What was the 2018 population of the host of the 1920 Summer Olympics, that involved the country housing the organization that Congress refused to let the US join?","11,420,163","[""Congress refused to allow the US to join what organization?"", ""Where is the League of Nations located?""]","[""the League of Nations"", ""Switzerland""]","[""The League of Nations."", ""Geneva, Switzerland""]"
musique,4hop1__46253_22372_375457_49140,"What was the 2018 population of the host country for the 1920 Summer Olympics, that featured the nation formerly housing the organization that gave Britain the right to rule Palestine?","11,420,163","[""who gave britain the right to rule palestine"", ""Where is the League of Nations located?""]","[""the League of Nations"", ""Switzerland""]","[""The United Kingdom was given the right to rule Palestine by the League of Nations (1919-1920) and later by the United States (1947)."", ""Geneva, Switzerland""]"
musique,4hop1__160178_8995_56750_44492,Where did the plane crash in the largest river in the state Tito visited when he saw the organization North Korea belongs to?,off Midtown Manhattan,"[""What was Norh Korea a member of?"", ""What American state did Tito visit when he saw the UN ?""]","[""UN"", ""New York""]","[""The United Nations."", ""New York""]"
musique,4hop1__160178_8995_56750_1891,How many meters is Riverbank State Park above the largest river in the state Tito visited when he saw the organization North Korea is a member of?,21,"[""What was Norh Korea a member of?"", ""What American state did Tito visit when he saw the UN ?""]","[""UN"", ""New York""]","[""The United Nations."", ""New York""]"
musique,4hop1__35260_8995_56750_44492,Where in the largest river in the state where Tito saw the organization which mediated the truce ending the Iran-Iraq War?,off Midtown Manhattan,"[""Who mediated the truce which ended the Iran-Iraq War?"", ""What American state did Tito visit when he saw the the UN ?""]","[""the UN"", ""New York""]","[""The United Nations Security Council."", ""New York""]"
musique,4hop1__35260_8995_56750_1891,How many meters above the largest river in the state Tito saw when he visited the organization that mediated the truce ending the Iran-Iraq War is Riverbank State Park?,21,"[""Who mediated the truce which ended the Iran-Iraq War?"", ""What American state did Tito visit when he saw the the UN ?""]","[""the UN"", ""New York""]","[""The United Nations Security Council."", ""New York""]"
musique,4hop1__27348_8995_56750_44492,Where did the plane crash in the largest river in the state Tito visited when he saw the organization offering possible solutions Arab-Israeli conflict supported by Nasser?,off Midtown Manhattan,"[""What organization offered possible solutions Arab-Israeli conflict, which Nasser supported?"", ""What American state did Tito visit when he saw the UN ?""]","[""UN"", ""New York""]","[""The United Nations."", ""New York""]"
musique,4hop1__18393_8995_56750_44492,Where did Flight 1549 crash in the largest river in the state that Tito visited when he went to the organization that authorized troops to follow North Korean forces north?,off Midtown Manhattan,"[""Who authorized giving troops the ability to follow the North Korean forces north?"", ""What American state did Tito visit when he saw the the UN ?""]","[""the UN"", ""New York""]","[""The United States Joint Chiefs of Staff."", ""New York""]"
musique,4hop2__35882_81195_91861_124556,Who fathered the leader of the first expedition to reach the continent where Buddhism spread by sailing across the ocean that supplies the warm air mass over the Argentinian Andes.,Estêvão da Gama,"[""Where did Buddhism spread?"", ""where does the warm moist air mass over the andes mountains in argentina come from""]","[""Asia"", ""the Pacific Ocean""]","[""India, China, Southeast Asia, and East Africa."", ""The warm moist air mass comes from the Pacific Ocean to the west and the Antarctic cold air to the east.""]"
musique,4hop2__725032_81195_91861_124556,"Who fathered the man that led the first expedition to reach the continent containing Bengaluru, by sailing west across the area that provides the warm moist air over the Andes?",Estêvão da Gama,"[""Bengaluru >> continent"", ""where does the warm moist air mass over the andes mountains in argentina come from""]","[""Asia"", ""the Pacific Ocean""]","[""Asia"", ""The warm moist air mass comes from the Pacific Ocean to the west and the Antarctic cold front to the east.""]"
musique,4hop2__773503_81195_91861_124556,Who fathered the leader of the first expedition to reach Hyderabad's continent by sailing west across the source of the warm moist air mass over the Andes in Argentina?,Estêvão da Gama,"[""Hyderabad >> continent"", ""where does the warm moist air mass over the andes mountains in argentina come from""]","[""Asia"", ""the Pacific Ocean""]","[""Asia"", ""The warm moist air mass comes from the Pacific Ocean to the west and the Antarctic cold pool to the east.""]"
musique,4hop2__207997_81195_91861_124556,It is possible to reach the continent that includes Kyambedu by sailing across the ocean closest to the Andes. Who was the father of the first man to do so?,Estêvão da Gama,"[""Koyambedu >> continent"", ""where does the warm moist air mass over the andes mountains in argentina come from""]","[""Asia"", ""the Pacific Ocean""]","[""Asia"", ""The warm moist air mass comes from the Pacific Ocean to the west and the Antarctic cold front to the east.""]"
musique,4hop2__99813_81195_91861_124556,Who fathered the leader of the first expedition to reach Vadodara's continent by sailing across the ocean that supplies the warm moist air mass over the Argentinian Andes?,Estêvão da Gama,"[""On what continent can Vadodara be found?"", ""where does the warm moist air mass over the andes mountains in argentina come from""]","[""Asia"", ""the Pacific Ocean""]","[""Asia"", ""The warm moist air mass comes from the Pacific Ocean to the west and the Antarctic cold front to the east.""]"
musique,4hop2__205028_81195_91861_124556,Who fathered the leader of the first expedition to reach Hanoi's continent by sailing west across the source of the warm moist air mass over the Andes?,Estêvão da Gama,"[""Hanoi >> continent"", ""where does the warm moist air mass over the andes mountains in argentina come from""]","[""Asia"", ""the Pacific Ocean""]","[""Asia"", ""The warm moist air mass comes from the Pacific Ocean to the east of South America, specifically from the equatorial region.""]"
musique,4hop2__66475_53235_57802_311656,"The first leader of Europe's largest country, following the collapse of the union of republics that was formed as a result of the Russian revolution, died in what city?",Moscow,"[""what was russia called after the russian revolution"", ""what is the largest country in europe by square miles""]","[""the Soviet Union"", ""Russia *""]","[""Soviet Union"", ""Russia""]"
musique,4hop2__42089_53235_57802_311656,What is the death city of the leader of the largest country in Europe by square miles after collapse of the socialist state deploying its army into Afghanistan in 1979?,Moscow,"[""Who deployed its army into Afghanistan in 1979?"", ""what is the largest country in europe by square miles""]","[""the Soviet Union"", ""Russia *""]","[""The Soviet Union."", ""Russia""]"
musique,4hop2__68160_53235_57802_311656,What is the death city of the leader of the largest country in Europe by square miles after the collapse of the state inventing the first satellite in the world?,Moscow,"[""who invented the first satellite in the world"", ""what is the largest country in europe by square miles""]","[""the Soviet Union"", ""Russia *""]","[""Sputnik 1 was the first artificial satellite to be launched into Earth's orbit by the Soviet Union on October 4, 1957."", ""Russia""]"
musique,4hop2__53235_66475_57802_311656,What is the place of death for the person who became leader of Europe's larges country by square miles after it collapsed after the Russian revolution?,Moscow,"[""what is the largest country in europe by square miles"", ""what was russia called after the russian revolution""]","[""Russia *"", ""the Soviet Union""]","[""Russia"", ""Soviet Union""]"
musique,4hop2__53235_42089_57802_311656,What is the place of death of the leader of the largest European country in square miles after the collapse of the country who deployed its army into Afghanistan in 1979?,Moscow,"[""what is the largest country in europe by square miles"", ""Who deployed its army into Afghanistan in 1979?""]","[""Russia *"", ""the Soviet Union""]","[""Russia"", ""The Soviet Union.""]"
musique,4hop2__53235_68160_57802_311656,Where did the man who became leader of the largest European country after the collapse of the nation that invented the world's first satellite die?,Moscow,"[""what is the largest country in europe by square miles"", ""who invented the first satellite in the world""]","[""Russia *"", ""the Soviet Union""]","[""Russia"", ""Sputnik 1 was the first artificial satellite to be launched into Earth's orbit by the Soviet Union on October 4, 1957.""]"
musique,4hop2__53235_79417_57802_311656,What is the place of death of the leader of the largest country in Europe by square miles after the collapse of America's main rival during the Cold War?,Moscow,"[""what is the largest country in europe by square miles"", ""which nation was america's primary enemy during the cold war""]","[""Russia *"", ""the Soviet Union""]","[""Russia"", ""Soviet Union""]"
musique,4hop2__10725_83398_484788_21082,How many Jews live in the continent which contains a government where phonology is popular and a country where the Dutch reformed church came from?,1.4 million,"[""Where is government phonology popular?"", ""where does the dutch reformed church come from""]","[""the United Kingdom,"", ""the Netherlands""]","[""United States and United Kingdom."", ""The Dutch Reformed Church originated in the Netherlands during the 16th century.""]"
musique,4hop2__10725_83398_484788_80242,When did the Black Death arrive in the continent with the Dutch Reform church's country and the country where government phonology is popular?,1347,"[""Where is government phonology popular?"", ""where does the dutch reformed church come from""]","[""the United Kingdom,"", ""the Netherlands""]","[""United States and United Kingdom."", ""The Dutch Reformed Church originated in the Netherlands during the 16th century.""]"
musique,4hop2__10725_83398_484788_851470,Who broadcast the evening news TV show about the continent of the country where government phonology is popular and the country where the Dutch reform church comes from?,CNBC Europe,"[""Where is government phonology popular?"", ""where does the dutch reformed church come from""]","[""the United Kingdom,"", ""the Netherlands""]","[""United States and United Kingdom."", ""The Dutch Reformed Church originated in the Netherlands during the 16th century.""]"
musique,4hop3__100331_46089_61674_1952,A region is the middle leg of the journey from England to the continent having Togo to the Americas. What nation provided the most legal immigrants to the US city filming the tv show Gotham in this region?,the Dominican Republic,"[""The continent that Togo is on is what?"", ""the middle leg of the journey from england to Africa to the americas""]","[""Africa"", ""the Caribbean""]","[""West Africa"", ""Caribbean""]"
musique,4hop3__99279_46089_61674_1952,The middle leg of the journey from England to Mafadi's continent to the Americas in a sea region. Which nation from this region provided the most legal immigrants to the city where Gotham was filmed?,the Dominican Republic,"[""What continent is Mafadi on?"", ""the middle leg of the journey from england to Africa to the americas""]","[""Africa"", ""the Caribbean""]","[""Africa"", ""Caribbean""]"
musique,4hop3__564093_46089_61674_1952,What nation provided the most legal immigrants to where Gotham is filmed in the region that was the middle leg of the journey from England to Azania's location to America?,the Dominican Republic,"[""Azania >> location"", ""the middle leg of the journey from england to Africa to the americas""]","[""Africa"", ""the Caribbean""]","[""South Africa"", ""Caribbean""]"
musique,4hop3__10725_484788_15766_63115,The era during which methods originated that children were taught to memorize facts started in what area of the continent where the mouth of the Tikhaya Sosna is located?,seemingly in Italy,"[""Where is government phonology popular?"", ""the United Kingdom, of the Netherlands >> continent""]","[""the United Kingdom,"", ""Europe""]","[""United States and United Kingdom."", ""Europe""]"
musique,4hop3__55666_362455_28338_160498,What are the biggest terrorist attacks by the group with which Bush said the war on terror begins against the country where Black Friday originated?,the 9/11 attacks,"[""where did they come up with black friday"", ""Federal Detention Center, Philadelphia >> country""]","[""Philadelphia"", ""the United States""]","[""The concept of Black Friday originated in Philadelphia in the early 1950s."", ""United States""]"
musique,4hop3__5752_362455_28338_160498,What are the biggest terrorist attacks by the group with which Bush said the war on terror begins against the country where where the 1876 Centennial Exposition took place?,the 9/11 attacks,"[""In what city was the 1876 Centennial Exposition?"", ""Federal Detention Center, Philadelphia >> country""]","[""Philadelphia"", ""the United States""]","[""Philadelphia"", ""United States""]"
musique,4hop3__101172_75897_8509_19700,How many people starting the great migration of the Slavs live in the country being the colonial holding in the continent having Purus River and governed by Portugal?,5 million,"[""Which continent is Purus River in?"", ""what was the colonial holding in South America that was governed by portugal""]","[""South America"", ""Brazil""]","[""South America"", ""Brazil""]"
musique,4hop3__81733_75897_8509_19700,How many people who started the great migration of the Slavs live in the colonial holding governed by Portugal in the continent where purple martins go in the winter?,5 million,"[""where do purple martins go for the winter"", ""what was the colonial holding in South America that was governed by portugal""]","[""South America"", ""Brazil""]","[""They migrate to Central and South America."", ""Brazil""]"
musique,4hop3__358018_75897_8509_19700,How many people who started the great migration of the Slavs live in the colony in the continent Beagle Channel is located that was governed by Portugal?,5 million,"[""Beagle Channel >> continent"", ""what was the colonial holding in South America that was governed by portugal""]","[""South America"", ""Brazil""]","[""South America"", ""Brazil""]"
musique,4hop3__100784_75897_8509_19700,"How many of the people who started the great migration of the Slavs live in the the former colonial holding, found on the same continent as Tungurahua, that was governed by Portugal?",5 million,"[""What continent is Tungurahua found on?"", ""what was the colonial holding in South America that was governed by portugal""]","[""South America"", ""Brazil""]","[""South America"", ""Brazil""]"
musique,4hop3__207199_38788_25582_21116,How many people whose name new students were once called by others live in the South American country discovered by the country where Evora is located?,"196,000-600,000","[""Évora >> country"", ""What South American country did Portugal discover?""]","[""Portugal"", ""Brazil""]","[""Portugal"", ""Brazil""]"
musique,4hop3__323263_38788_25582_21116,New students were once called members of a religious group. How many followers of that religion live in the South American country discovered by the country containing Sagres civil parish?,"196,000-600,000","[""Sagres >> country"", ""What South American country did Portugal discover?""]","[""Portugal"", ""Brazil""]","[""Portugal"", ""Brazil""]"
musique,4hop3__136684_38788_25582_21116,New students were once referred to as members of a religious group. How many members of that group live in the South American country discovered by Os Lusíadas's country.,"196,000-600,000","[""Which place is Os Lusíadas in?"", ""What South American country did Portugal discover?""]","[""Portugal"", ""Brazil""]","[""Portugal"", ""Brazil""]"
musique,4hop3__106705_38788_25582_21116,How many of the people that new students were once called by others live in the South American country discovered by the nation that released Os Lusíadas?,"196,000-600,000","[""What country released Os Lusíadas?"", ""What South American country did Portugal discover?""]","[""Portugal"", ""Brazil""]","[""Portugal"", ""Brazil""]"
musique,4hop3__101722_38788_25582_21116,How many people whose name new students were once called by others live in the place discovered by the country home to Diogo Rodrigues?,"196,000-600,000","[""In which country did Diogo Rodrigues live?"", ""What South American country did Portugal discover?""]","[""Portugal"", ""Brazil""]","[""Portugal"", ""Brazil""]"
musique,4hop3__69818_38788_25582_21116,How many people whose name new students were once called by others live in the South American country discovered by the colonizer of Macao?,"196,000-600,000","[""macao was a colony of what european country"", ""What South American country did Portugal discover?""]","[""Portugal"", ""Brazil""]","[""Portugal"", ""Brazil""]"
musique,4hop3__101745_38788_25582_21116,How many people whose name new students were once called by others live in the South American country discovered by the home of Ilidio Vale?,"196,000-600,000","[""In which country did Ilídio Vale live?"", ""What South American country did Portugal discover?""]","[""Portugal"", ""Brazil""]","[""Portugal"", ""Brazil""]"
musique,4hop3__43051_38788_25582_21116,How many people with the name others once used to call new students live in the country discovered by the colonizer of Angola and Mozambique?,"196,000-600,000","[""angola and mozambique were once colonies of which country"", ""What South American country did Portugal discover?""]","[""Portugal"", ""Brazil""]","[""Portugal"", ""Brazil""]"
musique,4hop3__44699_38788_25582_21116,How many people whose name new students were once called by others live in the South American country discovered by the country Cristiano Ronaldo plays for?,"196,000-600,000","[""cristiano ronaldo what country does he play for"", ""What South American country did Portugal discover?""]","[""Portugal"", ""Brazil""]","[""Portugal"", ""Brazil""]"
musique,4hop3__9664_38788_25582_21116,How many of the people that new student were once called live in the South American country discovered by the country that left Guinae-Bissau in 1974?,"196,000-600,000","[""What country left Guinea-Bissau in 1974?"", ""What South American country did Portugal discover?""]","[""Portugal"", ""Brazil""]","[""Portugal"", ""Brazil""]"
musique,2hop__51228_87085,"Who became known as The Liberator, in the continent that the equator runs through the northern part of?",Simón Bolívar,"[""the equator runs through the northern part of the continent of"", ""who became known throughout South America as the liberator""]","[""South America"", ""Simón Bolívar""]","[""South America"", ""Simón Bolívar.""]"
musique,2hop__106409_161232,When did Newfoundland become part of the country where The Death of a Lumberjack was produced?,1949,"[""Which was the country for The Death of a Lumberjack?"", ""When did Newfoundland become part of Canada ?""]","[""Canada"", ""1949""]","[""Canada"", ""October 31, 1949""]"
musique,2hop__33922_68175,"In 1823, what emperor was overthrown in the country that the US bought land from in the Gadsden Purchase?",Agustín de Iturbide,"[""Where did the US buy land from in the Gadsden Purchase?"", ""who was the emperor of Mexico who was overthrown in 1823""]","[""Mexico"", ""Agustín de Iturbide""]","[""Mexico"", ""Agustín de Iturbide""]"
musique,2hop__52715_51677,Which leader oversaw the end of apartheid in the country that hosted the 2010 World Cup?,Mandela,"[""where was the world cup held in 2010"", ""apartheid ended in South Africa during the presidency of""]","[""South Africa"", ""Mandela""]","[""South Africa."", ""Nelson Mandela.""]"
musique,2hop__78806_93820,"When did the country the name Kavanaugh comes from, gain its independence from England?",1922,"[""what country does the name kavanaugh come from"", ""when did Ireland gain its independence from england""]","[""Ireland"", ""1922""]","[""Ireland"", ""1919-1922""]"
musique,2hop__67233_79379,How old do you have to be to purchase alcohol in the place where Uncle Tom's Cabin takes place?,21,"[""where does uncle tom's cabin take place"", ""how old do you have to be to buy alcohol in Kentucky""]","[""Kentucky"", ""21""]","[""Kentucky."", ""21 years old.""]"
musique,2hop__92470_90942,"When were the subways built in the city where ""Sex and the City"" takes place?","October 27, 1904","[""where did they live in sex and the city"", ""when were the subways built in New York City""]","[""New York City"", ""October 27, 1904""]","[""New York City."", ""The first underground line was opened on October 27, 1904; the second was opened on April 30, 1913; and the third was opened on May 1, 1932.""]"
musique,2hop__31942_72062,What specialized agency is the public health division of the organization that recognized the sovereignty of the Republic of Cyprus?,The World Health Organization (WHO),"[""What organization recognizes the sovereignty of the Republic of Cyprus?"", ""the specialized agency that serves as the public health division of The United Nations is""]","[""The United Nations"", ""The World Health Organization (WHO)""]","[""The United Nations."", ""World Health Organization (WHO).""]"
musique,2hop__158048_46674,Which nation was not part of the U.N. allied military force in the country where taekwondo is originally from?,North Korea,"[""Where was taekwondo originally from?"", ""which nation was not part of the united nations allied military force in Korea""]","[""Korea"", ""North Korea""]","[""Korea"", ""North Korea""]"
musique,2hop__158735_85166,What was the cause of the black death in the area containing Spain?,The bacterium Yersinia pestis,"[""Where is Spain primarily located?"", ""what was the cause of the black death in Europe""]","[""Europe"", ""The bacterium Yersinia pestis""]","[""Southwest Europe"", ""The Black Death was caused by the bubonic plague bacterium, Yersinia pestis, which was transmitted to humans through the bites of infected fleas that lived on rats and other rodents.""]"
musique,2hop__18468_85523,when did the country now owning Kaesong conduct its first nuclear test?,"October 9, 2006","[""Where is the capital city of Kaesong now located?"", ""when did North Korea conduct its first nuclear test""]","[""North Korea"", ""October 9, 2006""]","[""Kaesong was relocated to Pyongyang in North Korea."", ""October 9, 2006""]"
musique,2hop__131025_83296,What is the tallest bridge in the state where the Star City Bridge is located?,the New River Gorge Bridge,"[""What state is Star City Bridge located?"", ""what is the tallest bridge in West Virginia""]","[""West Virginia"", ""the New River Gorge Bridge""]","[""West Virginia"", ""New River Gorge Bridge""]"
musique,2hop__84597_92927,What U.S. state forms the western boundary of the state where area code 406 is located?,Idaho,"[""where is area code 406 located in usa"", ""what us state forms the western boundary of Montana""]","[""Montana"", ""Idaho""]","[""In Montana."", ""Idaho""]"
musique,2hop__104567_56424,"In 1306, who was the king of the country René Panhard was in?",Philip IV,"[""Which country was René Panhard in?"", ""who was the king of France in 1306""]","[""France"", ""Philip IV""]","[""France"", ""Philip IV""]"
musique,2hop__162184_90692,When did the refugee crisis start in the continent of Volga River?,2015,"[""In what continent is the Volga River located?"", ""when did the refugee crisis in Europe start""]","[""Europe"", ""2015""]","[""Europe"", ""2015-2016""]"
musique,2hop__50578_77638,When was the Excalibur built in the city which holds the World Series of Poker?,1990,"[""where does the world series of poker take place"", ""when was the excalibur built in Las Vegas""]","[""Las Vegas"", ""1990""]","[""Las Vegas, Nevada."", ""There is no record of a ship called Excalibur being built in Las Vegas. The Excalibur Hotel and Casino in Las Vegas was opened in 1990.""]"
musique,2hop__3026_77638,When was the Excalibur built in the city where the contestants performed additional rounds in the 10th and 11th seasons?,1990,"[""In what city did contestants perform an additional round in seasons ten and eleven?"", ""when was the excalibur built in Las Vegas""]","[""Las Vegas"", ""1990""]","[""Las Vegas"", ""There is no record of an \""Escalibur\"" being built in Las Vegas. The original Excalibur hotel and casino was opened in 1990 by Steve Wynn at the Las Vegas Strip.""]"
musique,2hop__137077_47237,What is the largest cathedral in the state Third Watch was recorded in?,St. Patrick's Cathedral,"[""Which place is Third Watch in?"", ""what is the largest cathedral in New York City""]","[""New York City"", ""St. Patrick's Cathedral""]","[""New York City Police Department"", ""St. Patrick's Cathedral""]"
musique,2hop__129629_31248,What is the elevation of the highest point of the state where Tellico Reservoir is located?,"6,643 feet","[""In which state is Tellico Reservoir located?"", ""What is the elevation of Tennessee 's highest point?""]","[""Tennessee"", ""6,643 feet""]","[""Tennessee"", ""Tennessee's highest point is Clingmans Dome, which has an elevation of 6,643 feet (2,024 meters).""]"
musique,2hop__20961_85304,Which article of the document giving Congress limited power to enact statutes states it is the supreme law of the land?,"Article VI, Clause 2","[""What gives Congress limited power to enact statutes?"", ""which article states the the Constitution is the supreme law of land""]","[""the Constitution"", ""Article VI, Clause 2""]","[""Article I, Section 7 of the United States Constitution."", ""Article VI, Clause 2.""]"
musique,2hop__157772_44126,When did the first country mentioned gain independence and establish a unified government?,1922,"[""What is the first country mentioned?"", ""when did Ireland gain independence and establish a unified government""]","[""Ireland"", ""1922""]","[""Ireland"", ""1919-1922""]"
musique,2hop__100331_85374,What is the southern tip of the continent where Togo is located named?,Cape Agulhas,"[""The continent that Togo is on is what?"", ""what is the name of the southern tip of Africa""]","[""Africa"", ""Cape Agulhas""]","[""West Africa"", ""Cape Agulhas.""]"
twohopfact,4,The author of the novel The Republic was born in the city of,Classical Athens,"[""The author of the novel The Republic is"", ""Plato was born in the city of""]","[""Plato|Platon|Aristocles|Plátōn"", ""Classical Athens|Ancient Athens|Athens|Athens (Samian Ware Discovery Site)""]","[""Plato."", ""Athens.""]"
twohopfact,13,The author of the novel Gulliver's Travels was born in the city of,Dublin,"[""The author of the novel Gulliver's Travels is"", ""Jonathan Swift was born in the city of""]","[""Jonathan Swift|Isaac Bickerstaff|M. B. Drapier|Lemuel Gulliver|Simon Wagstaff"", ""Dublin|Dublin city|City of Dublin|Baile Átha Cliath|Dublin, Ireland""]","[""Jonathan Swift"", ""Dublin""]"
twohopfact,28,The author of the novel The Satanic Verses was born in the city of,Mumbai,"[""The author of the novel The Satanic Verses is"", ""Salman Rushdie was born in the city of""]","[""Salman Rushdie|Rushdie|Joseph Anton|Sir Ahmed Salman Rushdie|Ahmed Salman Rushdie"", ""Mumbai|Bombay""]","[""Salman Rushdie"", ""Mumbai.""]"
twohopfact,29,The author of the novel The Canterbury Tales was born in the city of,London,"[""The author of the novel The Canterbury Tales is"", ""Geoffrey Chaucer was born in the city of""]","[""Geoffrey Chaucer|Chaucer"", ""London|London, UK|London, United Kingdom|London, England|London UK|London U.K.|Greater London|Londinium|Loñ|Lundenwic|Londinio|Londini|Londiniensium|Augusta|Trinovantum|Kaerlud|Karelundein|Lunden|Big Smoke|the Big Smoke|Lundenburh|Lundenburgh|Llyn Dain|Llan Dian|Londinion|Loniniensi|Lon.|Loñ.|Lond.|LDN""]","[""Geoffrey Chaucer"", ""London.""]"
twohopfact,31,The author of the novel Gone with the Wind was born in the city of,Atlanta,"[""The author of the novel Gone with the Wind is"", ""Margaret Mitchell was born in the city of""]","[""Margaret Mitchell|Margaret Munnerlyn Mitchell"", ""Atlanta|Terminus|Atlanta, Georgia|The Big Peach|Hotlanta|The ATL|The A|Atlanta, GA|Marthasville, Georgia|Marthasville""]","[""Margaret Mitchell"", ""Atlanta.""]"
twohopfact,32,The author of the novel The Grapes of Wrath was born in the city of,Salinas,"[""The author of the novel The Grapes of Wrath is"", ""John Steinbeck was born in the city of""]","[""John Steinbeck|John Ernst Steinbeck, Jr.|John Ernst Steinbeck|John Ernest Steinbeck|John Ernst Steinbeck Jr|Steinbeck"", ""Salinas|Salinas, California|Salinas, CA""]","[""John Steinbeck"", ""Salinas.""]"
twohopfact,36,The author of the novel Strange Case of Dr Jekyll and Mr Hyde was born in the city of,Edinburgh,"[""The author of the novel Strange Case of Dr Jekyll and Mr Hyde is"", ""Robert Louis Stevenson was born in the city of""]","[""Robert Louis Stevenson|Robert Lewis Balfour Stevenson|Robert Luis Stivensoni|Shih-ti-wen-sheng|Stivenson|Robert Loui Sitivensin|Robert Louis Balfour Stevenson|Robert Lui Stivenson|RL Stivenson|RL Stevenson|RLS|R. L. Stevenson"", ""Edinburgh|Edinburg|Edinburgh, Scotland|City of Edinburgh|Edina|Modern Athens|Dùn Èideann|Auld Reekie|Athens of the North""]","[""Robert Louis Stevenson"", ""Edinburgh.""]"
twohopfact,37,The author of the novel The Good Soldier Švejk was born in the city of,Prague,"[""The author of the novel The Good Soldier Švejk is"", ""Jaroslav Hašek was born in the city of""]","[""Jaroslav Hašek|I︠A︡. Gashek|I︠A︡roslav Khashek|Jaroslaw Haschek|I︠A︡roslav Gashek|I︠A︡roslav Hashek|Yaroslav Hasheḳ|Jarosław Haszek|Jaroslav Hasek"", ""Prague|Praha|Hlavní město Praha|City of Prague""]","[""Jaroslav Hašek"", ""Prague""]"
twohopfact,38,The author of the novel Doctor Zhivago was born in the city of,Moscow,"[""The author of the novel Doctor Zhivago is"", ""Boris Pasternak was born in the city of""]","[""Boris Pasternak|Boris Leonidovich Pasternak"", ""Moscow|Moskva|Moscow, Russia|Moskva Federal City, Russia|Moscow, USSR|Moskva, Russia|City of Moscow|Moscow, Russian Federation|Moscow, Soviet Union|Moscow, Russian SFSR|Москва|Moskva, Rossiya|Mosky|Moskovĭ|Moskvi|Moskve|Moskvë""]","[""Boris Pasternak"", ""Moscow.""]"
twohopfact,40,The author of the novel The Godfather was born in the city of,New York City,"[""The author of the novel The Godfather is"", ""Mario Puzo was born in the city of""]","[""Mario Puzo|Mario Cleri|Mario Gianluigi Puzo|Mario Francis Puzo"", ""New York City|NYC|the five boroughs|Big Apple|City of New York|NY City|New York, New York|New York City, New York|New York, NY|New York City, NY|Caput Mundi|The City So Nice They Named It Twice|Capital of the World|New York|New York City (NYC)|New York (city)|Center of the Universe""]","[""Mario Puzo"", ""New York City.""]"
twohopfact,42,The author of the novel The Call of the Wild was born in the city of,San Francisco,"[""The author of the novel The Call of the Wild is"", ""Jack London was born in the city of""]","[""Jack London|John Griffith Chaney|John Griffith \""Jack\"" London|John Griffith Chaney London|John Griffith \""Jack London\"" Chaney"", ""San Francisco|San Francisco, California|The City by the Bay|SF|SFO|The Golden City|Paris of the West|Baghdad by the Bay|San Francisco County|San Francisco County, California|San Fran|Frisco|City and County of San Francisco|San Francisco, CA""]","[""Jack London"", ""San Francisco.""]"
twohopfact,43,The author of the novel It was born in the city of,Portland,"[""The author of the novel It is"", ""Stephen King was born in the city of""]","[""Stephen King|Stephen Edwin King|Richard Bachman|John Swithen|Richard Richard"", ""Portland|Portland, Maine|Portland Maine|Portland, ME""]","[""Stephen King"", ""Portland, Maine.""]"
twohopfact,53,The author of the novel The Magic Mountain was born in the city of,Lübeck,"[""The author of the novel The Magic Mountain is"", ""Thomas Mann was born in the city of""]","[""Thomas Mann|Paul Thomas Mann"", ""Lübeck|Hanseatic City of Lübeck|Lubeck|Lybeck|Kreisfreie Stadt Lübeck""]","[""Thomas Mann"", ""Lübeck""]"
twohopfact,77,The author of the novel Mrs Dalloway was born in the city of,London,"[""The author of the novel Mrs Dalloway is"", ""Virginia Woolf was born in the city of""]","[""Virginia Woolf|Virxhinia Ulf|Virginia yo \""juanito\"" Adeline Woolf|Virg̔inyah Vold|Virdžiniâ Vulf|Virdzhiniia Vulf|Virzhinia Ulf|Virginia Stephen|Virzhin︠iia Ulf|Adeline Virginia Stephen|Virginyah Volf|Adeline Virginia Woolf|Virginia Adeline Woolf|Adeline Virginia Stephen Woolf|Birtzinia Gulph|Virginia Stephen Woolf|Woolf, Virginia, 1882-1941"", ""London|London, UK|London, United Kingdom|London, England|London UK|London U.K.|Greater London|Londinium|Loñ|Lundenwic|Londinio|Londini|Londiniensium|Augusta|Trinovantum|Kaerlud|Karelundein|Lunden|Big Smoke|the Big Smoke|Lundenburh|Lundenburgh|Llyn Dain|Llan Dian|Londinion|Loniniensi|Lon.|Loñ.|Lond.|LDN""]","[""Virginia Woolf."", ""London.""]"
twohopfact,81,The author of the novel Misery was born in the city of,Portland,"[""The author of the novel Misery is"", ""Stephen King was born in the city of""]","[""Stephen King|Stephen Edwin King|Richard Bachman|John Swithen|Richard Richard"", ""Portland|Portland, Maine|Portland Maine|Portland, ME""]","[""Stephen King."", ""Portland, Maine.""]"
twohopfact,123,The author of the novel Where the Wild Things Are was born in the city of,New York City,"[""The author of the novel Where the Wild Things Are is"", ""Maurice Sendak was born in the city of""]","[""Maurice Sendak|Maurice Bernard Sendak"", ""New York City|NYC|the five boroughs|Big Apple|City of New York|NY City|New York, New York|New York City, New York|New York, NY|New York City, NY|Caput Mundi|The City So Nice They Named It Twice|Capital of the World|New York|New York City (NYC)|New York (city)|Center of the Universe""]","[""Maurice Sendak"", ""New York City.""]"
twohopfact,125,The author of the novel The Dead Zone was born in the city of,Portland,"[""The author of the novel The Dead Zone is"", ""Stephen King was born in the city of""]","[""Stephen King|Stephen Edwin King|Richard Bachman|John Swithen|Richard Richard"", ""Portland|Portland, Maine|Portland Maine|Portland, ME""]","[""Stephen King"", ""Portland, Maine.""]"
twohopfact,129,The author of the novel Firestarter was born in the city of,Portland,"[""The author of the novel Firestarter is"", ""Stephen King was born in the city of""]","[""Stephen King|Stephen Edwin King|Richard Bachman|John Swithen|Richard Richard"", ""Portland|Portland, Maine|Portland Maine|Portland, ME""]","[""Stephen King"", ""Portland, Maine.""]"
twohopfact,134,The author of the novel Metro 2033 was born in the city of,Moscow,"[""The author of the novel Metro 2033 is"", ""Dmitry Glukhovsky was born in the city of""]","[""Dmitry Glukhovsky|Dmitry Alekseyevich Glukhovsky|Dmitry Alexeevich Glukhovsky"", ""Moscow|Moskva|Moscow, Russia|Moskva Federal City, Russia|Moscow, USSR|Moskva, Russia|City of Moscow|Moscow, Russian Federation|Moscow, Soviet Union|Moscow, Russian SFSR|Москва|Moskva, Rossiya|Mosky|Moskovĭ|Moskvi|Moskve|Moskvë""]","[""Dmitry Glukhovsky"", ""Moscow.""]"
twohopfact,137,The author of the novel Cujo was born in the city of,Portland,"[""The author of the novel Cujo is"", ""Stephen King was born in the city of""]","[""Stephen King|Stephen Edwin King|Richard Bachman|John Swithen|Richard Richard"", ""Portland|Portland, Maine|Portland Maine|Portland, ME""]","[""Stephen King"", ""Portland, Maine.""]"
twohopfact,149,The author of the novel Bag of Bones was born in the city of,Portland,"[""The author of the novel Bag of Bones is"", ""Stephen King was born in the city of""]","[""Stephen King|Stephen Edwin King|Richard Bachman|John Swithen|Richard Richard"", ""Portland|Portland, Maine|Portland Maine|Portland, ME""]","[""Stephen King"", ""Portland, Maine.""]"
twohopfact,166,The author of the novel Dreamcatcher was born in the city of,Portland,"[""The author of the novel Dreamcatcher is"", ""Stephen King was born in the city of""]","[""Stephen King|Stephen Edwin King|Richard Bachman|John Swithen|Richard Richard"", ""Portland|Portland, Maine|Portland Maine|Portland, ME""]","[""Stephen King"", ""Portland, Maine.""]"
twohopfact,170,The author of the novel Holes was born in the city of,New York City,"[""The author of the novel Holes is"", ""Louis Sachar was born in the city of""]","[""Louis Sachar"", ""New York City|NYC|the five boroughs|Big Apple|City of New York|NY City|New York, New York|New York City, New York|New York, NY|New York City, NY|Caput Mundi|The City So Nice They Named It Twice|Capital of the World|New York|New York City (NYC)|New York (city)|Center of the Universe""]","[""Louis Sachar"", ""New York City.""]"
twohopfact,171,The author of the novel The Song of Hiawatha was born in the city of,Portland,"[""The author of the novel The Song of Hiawatha is"", ""Henry Wadsworth Longfellow was born in the city of""]","[""Henry Wadsworth Longfellow|Henry W. Longfellow|H. W. Longfellow|Longfellow"", ""Portland|Portland, Maine|Portland Maine|Portland, ME""]","[""Henry Wadsworth Longfellow"", ""Portland, Maine.""]"
twohopfact,178,The author of the novel Dolores Claiborne was born in the city of,Portland,"[""The author of the novel Dolores Claiborne is"", ""Stephen King was born in the city of""]","[""Stephen King|Stephen Edwin King|Richard Bachman|John Swithen|Richard Richard"", ""Portland|Portland, Maine|Portland Maine|Portland, ME""]","[""Stephen King"", ""Portland, Maine.""]"
twohopfact,193,The author of the novel Desperation was born in the city of,Portland,"[""The author of the novel Desperation is"", ""Stephen King was born in the city of""]","[""Stephen King|Stephen Edwin King|Richard Bachman|John Swithen|Richard Richard"", ""Portland|Portland, Maine|Portland Maine|Portland, ME""]","[""Stephen King"", ""Portland, Maine.""]"
twohopfact,220,The author of the novel A Passage to India was born in the city of,London,"[""The author of the novel A Passage to India is"", ""E. M. Forster was born in the city of""]","[""E. M. Forster|EM Forster|E Forster|Edward Morgan Forster"", ""London|London, UK|London, United Kingdom|London, England|London UK|London U.K.|Greater London|Londinium|Loñ|Lundenwic|Londinio|Londini|Londiniensium|Augusta|Trinovantum|Kaerlud|Karelundein|Lunden|Big Smoke|the Big Smoke|Lundenburh|Lundenburgh|Llyn Dain|Llan Dian|Londinion|Loniniensi|Lon.|Loñ.|Lond.|LDN""]","[""E.M. Forster"", ""London""]"
twohopfact,225,The author of the novel The Crucible was born in the city of,New York City,"[""The author of the novel The Crucible is"", ""Arthur Miller was born in the city of""]","[""Arthur Miller|Arthur Asher Miller"", ""New York City|NYC|the five boroughs|Big Apple|City of New York|NY City|New York, New York|New York City, New York|New York, NY|New York City, NY|Caput Mundi|The City So Nice They Named It Twice|Capital of the World|New York|New York City (NYC)|New York (city)|Center of the Universe""]","[""Arthur Miller"", ""New York City.""]"
twohopfact,233,The author of the novel The Dark Tower IV: Wizard and Glass was born in the city of,Portland,"[""The author of the novel The Dark Tower IV: Wizard and Glass is"", ""Stephen King was born in the city of""]","[""Stephen King|Stephen Edwin King|Richard Bachman|John Swithen|Richard Richard"", ""Portland|Portland, Maine|Portland Maine|Portland, ME""]","[""Stephen King"", ""Portland, Maine.""]"
twohopfact,236,The author of the novel The Age of Innocence was born in the city of,New York City,"[""The author of the novel The Age of Innocence is"", ""Edith Wharton was born in the city of""]","[""Edith Wharton|Edith Newbold Jones|Edith Newbold Jones Wharton|Edith Jones"", ""New York City|NYC|the five boroughs|Big Apple|City of New York|NY City|New York, New York|New York City, New York|New York, NY|New York City, NY|Caput Mundi|The City So Nice They Named It Twice|Capital of the World|New York|New York City (NYC)|New York (city)|Center of the Universe""]","[""Edith Wharton"", ""New York City.""]"
twohopfact,245,The author of the novel The Dark Tower V: Wolves of the Calla was born in the city of,Portland,"[""The author of the novel The Dark Tower V: Wolves of the Calla is"", ""Stephen King was born in the city of""]","[""Stephen King|Stephen Edwin King|Richard Bachman|John Swithen|Richard Richard"", ""Portland|Portland, Maine|Portland Maine|Portland, ME""]","[""Stephen King"", ""Portland, Maine.""]"
twohopfact,264,The author of the novel Psycho was born in the city of,Chicago,"[""The author of the novel Psycho is"", ""Robert Bloch was born in the city of""]","[""Robert Bloch|Tarleton Fiske|Will Folke|Nathan Hindin|E. K. Jarvis|Floyd Scriltch|Wilson Kane|John Sheldon|Collier Young|Robert Albert Bloch"", ""Chicago|Chicago, Illinois|The Windy City|City by the Lake|The Queen of the West|Chi-Town|Chitown|The Second City|City of Chicago|City of Broad Shoulders|Chi-Raq|Chicago, IL""]","[""Robert Bloch."", ""Chicago.""]"
twohopfact,318,The author of the novel The Mist was born in the city of,Portland,"[""The author of the novel The Mist is"", ""Stephen King was born in the city of""]","[""Stephen King|Stephen Edwin King|Richard Bachman|John Swithen|Richard Richard"", ""Portland|Portland, Maine|Portland Maine|Portland, ME""]","[""Stephen King"", ""Portland, Maine.""]"
twohopfact,341,The author of the novel Like Water for Chocolate was born in the city of,Mexico City,"[""The author of the novel Like Water for Chocolate is"", ""Laura Esquivel was born in the city of""]","[""Laura Esquivel|Laura Beatriz Esquivel Valdés"", ""Mexico City|Mexico D.F.|Ciudad de México|City of Mexico|Mexico City, Mexico|CDMX|Mexico""]","[""Laura Esquivel"", ""Mexico City.""]"
twohopfact,435,The author of the novel The House of Mirth was born in the city of,New York City,"[""The author of the novel The House of Mirth is"", ""Edith Wharton was born in the city of""]","[""Edith Wharton|Edith Newbold Jones|Edith Newbold Jones Wharton|Edith Jones"", ""New York City|NYC|the five boroughs|Big Apple|City of New York|NY City|New York, New York|New York City, New York|New York, NY|New York City, NY|Caput Mundi|The City So Nice They Named It Twice|Capital of the World|New York|New York City (NYC)|New York (city)|Center of the Universe""]","[""Edith Wharton"", ""New York City.""]"
twohopfact,445,The author of the novel House of Leaves was born in the city of,New York City,"[""The author of the novel House of Leaves is"", ""Mark Z. Danielewski was born in the city of""]","[""Mark Z. Danielewski"", ""New York City|NYC|the five boroughs|Big Apple|City of New York|NY City|New York, New York|New York City, New York|New York, NY|New York City, NY|Caput Mundi|The City So Nice They Named It Twice|Capital of the World|New York|New York City (NYC)|New York (city)|Center of the Universe""]","[""Mark Z. Danielewski"", ""New York City.""]"
twohopfact,477,The author of the novel Big Little Lies was born in the city of,Sydney,"[""The author of the novel Big Little Lies is"", ""Liane Moriarty was born in the city of""]","[""Liane Moriarty|Lian Moriarty"", ""Sydney|Sydney, Australia|Sydney, New South Wales, Australia|Sydney, New South Wales|Sydney, NSW, Australia|Sydney, NSW|Emerald City|Harbour City|Port Jackson|Greater Sydney|Sydney, N.S.W.|Gadi|Eora|Sydney, N. S. W.""]","[""Liane Moriarty"", ""Sydney, Australia.""]"
twohopfact,573,The author of the novel Elegia di Madonna Fiammetta was born in the city of,Florence,"[""The author of the novel Elegia di Madonna Fiammetta is"", ""Giovanni Boccaccio was born in the city of""]","[""Giovanni Boccaccio|Giovanni Boccace|Boccaccio|Boccace|Joanni B. de Certaldo"", ""Florence|Firenze|Florence, Italy|Florence, Tuscany|Florencia|Florentia|Florenz|Firenca|Florencie|Fiuränza|Florentzia|Firense|Firenz|Firenzi|Florence Municipality""]","[""Giovanni Boccaccio"", ""Florence.""]"
twohopfact,749,The author of the novel Nine Perfect Strangers was born in the city of,Sydney,"[""The author of the novel Nine Perfect Strangers is"", ""Liane Moriarty was born in the city of""]","[""Liane Moriarty|Lian Moriarty"", ""Sydney|Sydney, Australia|Sydney, New South Wales, Australia|Sydney, New South Wales|Sydney, NSW, Australia|Sydney, NSW|Emerald City|Harbour City|Port Jackson|Greater Sydney|Sydney, N.S.W.|Gadi|Eora|Sydney, N. S. W.""]","[""Liane Moriarty"", ""Sydney, Australia""]"
twohopfact,923,The author of the novel Corbaccio was born in the city of,Florence,"[""The author of the novel Corbaccio is"", ""Giovanni Boccaccio was born in the city of""]","[""Giovanni Boccaccio|Giovanni Boccace|Boccaccio|Boccace|Joanni B. de Certaldo"", ""Florence|Firenze|Florence, Italy|Florence, Tuscany|Florencia|Florentia|Florenz|Firenca|Florencie|Fiuränza|Florentzia|Firense|Firenz|Firenzi|Florence Municipality""]","[""Giovanni Boccaccio"", ""Florence.""]"
twohopfact,972,The author of the novel In the Time of the Butterflies was born in the city of,New York City,"[""The author of the novel In the Time of the Butterflies is"", ""Julia Alvarez was born in the city of""]","[""Julia Alvarez"", ""New York City|NYC|the five boroughs|Big Apple|City of New York|NY City|New York, New York|New York City, New York|New York, NY|New York City, NY|Caput Mundi|The City So Nice They Named It Twice|Capital of the World|New York|New York City (NYC)|New York (city)|Center of the Universe""]","[""Julia Alvarez."", ""New York City.""]"
twohopfact,1065,The author of the novel On Earth We're Briefly Gorgeous was born in the city of,Ho Chi Minh City,"[""The author of the novel On Earth We're Briefly Gorgeous is"", ""Ocean Vuong was born in the city of""]","[""Ocean Vuong|Vương Quốc Vinh"", ""Ho Chi Minh City|Ho Chi Minh|Sài Gòn|Saïgon|HCMC|Sai Gon|Saigon|Thành-Phô Hồ Chí Minh|Hôchiminh Ville|Thành Phố Hồ Chí Minh|Prey Nokor|Gia Định""]","[""Ocean Vuong"", ""Saigon (now Ho Chi Minh City).""]"
twohopfact,1195,The author of the novel Zami: A New Spelling of My Name was born in the city of,New York City,"[""The author of the novel Zami: A New Spelling of My Name is"", ""Audre Lorde was born in the city of""]","[""Audre Lorde|Audre Geraldine Lorde"", ""New York City|NYC|the five boroughs|Big Apple|City of New York|NY City|New York, New York|New York City, New York|New York, NY|New York City, NY|Caput Mundi|The City So Nice They Named It Twice|Capital of the World|New York|New York City (NYC)|New York (city)|Center of the Universe""]","[""Audre Lorde"", ""New York City.""]"
twohopfact,1327,The author of the novel Kabuliwala was born in the city of,Kolkata,"[""The author of the novel Kabuliwala is"", ""Rabindranath Tagore was born in the city of""]","[""Rabindranath Tagore|Rabīndranātha Thākur|Kabiguru|Tagore|Bishwakabi|R. Tagore|Rabindranat Tagor|Bhanu Singha Thakur|Gurudev|Biswakabi|Nyi Wang Gönpo|Tagore, rabindranath"", ""Kolkata|Calcutta|City of Palaces|City of Processions|City of Joy""]","[""Rabindranath Tagore"", ""Calcutta (now Kolkata).""]"
twohopfact,1617,The author of the novel The Autobiography of an Ex-Colored Man was born in the city of,Jacksonville,"[""The author of the novel The Autobiography of an Ex-Colored Man is"", ""James Weldon Johnson was born in the city of""]","[""James Weldon Johnson|J. W. Johnson"", ""Jacksonville|Jacksonville, Florida|Jacksonville, FL""]","[""James Weldon Johnson"", ""Jacksonville.""]"
twohopfact,1858,The author of the novel Such a Fun Age was born in the city of,Los Angeles,"[""The author of the novel Such a Fun Age is"", ""Kiley Reid was born in the city of""]","[""Kiley Reid"", ""Los Angeles|Los Angeles, California|Pink City|The town of Our Lady the Queen of the Angels of the Little Portion|La La Land|Tinsel Town|City of Angels|City of Los Angeles|LA, California|L.A.|LA|Double Dubuque|Los Ángeles|Los Angeles, CA""]","[""Kiley Reid"", ""Los Angeles.""]"
twohopfact,2324,The author of the novel The Years of Lyndon Johnson was born in the city of,New York City,"[""The author of the novel The Years of Lyndon Johnson is"", ""Robert Caro was born in the city of""]","[""Robert Caro|Robert Allan Caro|Robert A. Caro"", ""New York City|NYC|the five boroughs|Big Apple|City of New York|NY City|New York, New York|New York City, New York|New York, NY|New York City, NY|Caput Mundi|The City So Nice They Named It Twice|Capital of the World|New York|New York City (NYC)|New York (city)|Center of the Universe""]","[""Robert Caro"", ""New York City.""]"
twohopfact,2360,The author of the novel The Robber Bridegroom was born in the city of,Jackson,"[""The author of the novel The Robber Bridegroom is"", ""Eudora Welty was born in the city of""]","[""Eudora Welty|Eudora Alice Welty"", ""Jackson|Jackson, Mississippi|City of Jackson|Jackson, MS""]","[""Eudora Welty"", ""Jackson, Mississippi""]"
twohopfact,27163,The author of the novel Crime and Punishment was born in the country of,Russia,"[""The author of the novel Crime and Punishment is"", ""Fyodor Dostoyevsky was born in the country of""]","[""Fyodor Dostoyevsky|Dostoievski|Fyodor Dostoievski|Fyodor Mikhaylovich Dostoievski|Fyodor Mikhaylovich Dostoyevsky|Fyodor Mikhailovich Dostoevsky|F.M. Dostoiewski|Fyodor Dostoevsky"", ""Russia|Rossiya|Rossija|RU|RUS|Rossijskaja Federatsija|Russian Federation|Rossiyskaya Federatsiya|RF|Российская Федерация|Россия|Federation of Russia""]","[""Fyodor Dostoevsky"", ""Russia""]"
twohopfact,27165,The author of the novel The Alchemist was born in the country of,Brazil,"[""The author of the novel The Alchemist is"", ""Paulo Coelho was born in the country of""]","[""Paulo Coelho|Paulo Coelho de Souza"", ""Brazil|Federative Republic of Brazil|BR|BRA|🇧🇷|Brasil""]","[""Paulo Coelho"", ""Brazil""]"
twohopfact,27164,The author of the novel The Brothers Karamazov was born in the country of,Russia,"[""The author of the novel The Brothers Karamazov is"", ""Fyodor Dostoyevsky was born in the country of""]","[""Fyodor Dostoyevsky|Dostoievski|Fyodor Dostoievski|Fyodor Mikhaylovich Dostoievski|Fyodor Mikhaylovich Dostoyevsky|Fyodor Mikhailovich Dostoevsky|F.M. Dostoiewski|Fyodor Dostoevsky"", ""Russia|Rossiya|Rossija|RU|RUS|Rossijskaja Federatsija|Russian Federation|Rossiyskaya Federatsiya|RF|Российская Федерация|Россия|Federation of Russia""]","[""Fyodor Dostoevsky"", ""Russia""]"
twohopfact,27169,The author of the novel Faust was born in the country of,Germany,"[""The author of the novel Faust is"", ""Johann Wolfgang von Goethe was born in the country of""]","[""Johann Wolfgang von Goethe|Goethe|joh. wolfg. von goethe|j. w. von goethe"", ""Germany|Federal Republic of Germany|Deutschland|GER|BR Deutschland|DE|BRD|Bundesrepublik Deutschland|GFR""]","[""Goethe"", ""Germany""]"
twohopfact,27170,The author of the novel The Little Mermaid was born in the country of,Denmark,"[""The author of the novel The Little Mermaid is"", ""Hans Christian Andersen was born in the country of""]","[""Hans Christian Andersen|H.C. Andersen|Hans Andersen|H.Ch. Andersen"", ""Denmark|DK|Danmark|DNK|DEK|🇩🇰|DEN|TAN|Denmark proper|metropolitan Denmark""]","[""Hans Christian Andersen"", ""Denmark""]"
twohopfact,27171,The author of the novel The Catcher in the Rye was born in the country of,United States of America,"[""The author of the novel The Catcher in the Rye is"", ""J. D. Salinger was born in the country of""]","[""J. D. Salinger|Jerome David Salinger|Jerome Salinger"", ""United States of America|the United States of America|America|U.S.A.|USA|U.S.|US|the US|the USA|US of A|the United States|U. S. A.|U. S.|the States|the U.S.|United States|US of America|the U.S.A.|the US of America|the US of A|the U.S. of A|the U.S. of America|U.S. of America|Merica""]","[""J.D. Salinger"", ""United States""]"
twohopfact,27172,The author of the novel Gulliver's Travels was born in the country of,Republic of Ireland,"[""The author of the novel Gulliver's Travels is"", ""Jonathan Swift was born in the country of""]","[""Jonathan Swift|Isaac Bickerstaff|M. B. Drapier|Lemuel Gulliver|Simon Wagstaff"", ""Republic of Ireland|Éire|IE|IRL|Hibernia|Ireland, Republic of|🇮🇪|Eire|Southern Ireland|Ireland (state)|Ireland""]","[""Jonathan Swift"", ""Ireland""]"
twohopfact,27173,The author of the novel The Great Gatsby was born in the country of,United States of America,"[""The author of the novel The Great Gatsby is"", ""F. Scott Fitzgerald was born in the country of""]","[""F. Scott Fitzgerald|Francis Scott Fitzgerald|Francis Scott Key Fitzgerald"", ""United States of America|the United States of America|America|U.S.A.|USA|U.S.|US|the US|the USA|US of A|the United States|U. S. A.|U. S.|the States|the U.S.|United States|US of America|the U.S.A.|the US of America|the US of A|the U.S. of A|the U.S. of America|U.S. of America|Merica""]","[""F. Scott Fitzgerald."", ""United States""]"
twohopfact,27175,The author of the novel The Master and Margarita was born in the country of,Ukraine,"[""The author of the novel The Master and Margarita is"", ""Mikhail Bulgakov was born in the country of""]","[""Mikhail Bulgakov|Mikhael Bulgakov|Mikhail Afanasyevich Bulgakov|Mihail A. Bulgakov"", ""Ukraine|UA|UKR|Ukrainia|🇺🇦|Ukr.|Ukraina|the Ukraine|Ukraïna|Urkrain""]","[""Mikhail Bulgakov"", ""Ukraine""]"
twohopfact,27176,The author of the novel Journey to the West was born in the country of,People's Republic of China,"[""The author of the novel Journey to the West is"", ""Wu Cheng'en was born in the country of""]","[""Wu Cheng'en|Sheyang Shanren|Ruzhong|Wu Chengen"", ""People's Republic of China|China|CN|PR China|PRC|CHN|🇨🇳|China PR|Mainland China|RPC""]","[""Wu Cheng'en"", ""China""]"
twohopfact,27177,The author of the novel Twenty Thousand Leagues Under the Sea was born in the country of,France,"[""The author of the novel Twenty Thousand Leagues Under the Sea is"", ""Jules Verne was born in the country of""]","[""Jules Verne|Jules Gabriel Verne|Julius Verne"", ""France|fr|Republic of France|French Republic|FRA|the Hexagon""]","[""Jules Verne"", ""France""]"
twohopfact,27178,The author of the novel Around the World in Eighty Days was born in the country of,France,"[""The author of the novel Around the World in Eighty Days is"", ""Jules Verne was born in the country of""]","[""Jules Verne|Jules Gabriel Verne|Julius Verne"", ""France|fr|Republic of France|French Republic|FRA|the Hexagon""]","[""Jules Verne"", ""France""]"
twohopfact,27179,The author of the novel The Hunchback of Notre Dame was born in the country of,France,"[""The author of the novel The Hunchback of Notre Dame is"", ""Victor Hugo was born in the country of""]","[""Victor Hugo|Victor Marie Hugo|Victor-Marie Hugo|Victor Marie, Comte Hugo"", ""France|fr|Republic of France|French Republic|FRA|the Hexagon""]","[""Victor Hugo"", ""France""]"
twohopfact,27182,The author of the novel Fahrenheit 451 was born in the country of,United States of America,"[""The author of the novel Fahrenheit 451 is"", ""Ray Bradbury was born in the country of""]","[""Ray Bradbury|Ray Douglas Bradbury|Raymond Douglas Bradbury"", ""United States of America|the United States of America|America|U.S.A.|USA|U.S.|US|the US|the USA|US of A|the United States|U. S. A.|U. S.|the States|the U.S.|United States|US of America|the U.S.A.|the US of America|the US of A|the U.S. of A|the U.S. of America|U.S. of America|Merica""]","[""Ray Bradbury"", ""United States""]"
twohopfact,27184,The author of the novel The sorrows of young Werther was born in the country of,Germany,"[""The author of the novel The sorrows of young Werther is"", ""Johann Wolfgang von Goethe was born in the country of""]","[""Johann Wolfgang von Goethe|Goethe|joh. wolfg. von goethe|j. w. von goethe"", ""Germany|Federal Republic of Germany|Deutschland|GER|BR Deutschland|DE|BRD|Bundesrepublik Deutschland|GFR""]","[""Johann Wolfgang von Goethe"", ""Germany""]"
twohopfact,27186,The author of the novel Candide was born in the country of,France,"[""The author of the novel Candide is"", ""Voltaire was born in the country of""]","[""Voltaire|François-Marie Arouet|Francois Marie Arouet de Voltaire|Francois Marie Arouet|Dictator of Letters"", ""France|fr|Republic of France|French Republic|FRA|the Hexagon""]","[""Voltaire."", ""France""]"
twohopfact,27187,The author of the novel The Satanic Verses was born in the country of,India,"[""The author of the novel The Satanic Verses is"", ""Salman Rushdie was born in the country of""]","[""Salman Rushdie|Rushdie|Joseph Anton|Sir Ahmed Salman Rushdie|Ahmed Salman Rushdie"", ""India|Republic of India|Bharat|Bharatvarsh|Hindustan|IN|IND|🇮🇳|Bharata|Hindoostan|Indostan|Bharat Ganarajya""]","[""Salman Rushdie"", ""India""]"
twohopfact,27192,The author of the novel The Grapes of Wrath was born in the country of,United States of America,"[""The author of the novel The Grapes of Wrath is"", ""John Steinbeck was born in the country of""]","[""John Steinbeck|John Ernst Steinbeck, Jr.|John Ernst Steinbeck|John Ernest Steinbeck|John Ernst Steinbeck Jr|Steinbeck"", ""United States of America|the United States of America|America|U.S.A.|USA|U.S.|US|the US|the USA|US of A|the United States|U. S. A.|U. S.|the States|the U.S.|United States|US of America|the U.S.A.|the US of America|the US of A|the U.S. of A|the U.S. of America|U.S. of America|Merica""]","[""John Steinbeck"", ""United States""]"
twohopfact,27200,The author of the novel The Little Match Girl was born in the country of,Denmark,"[""The author of the novel The Little Match Girl is"", ""Hans Christian Andersen was born in the country of""]","[""Hans Christian Andersen|H.C. Andersen|Hans Andersen|H.Ch. Andersen"", ""Denmark|DK|Danmark|DNK|DEK|🇩🇰|DEN|TAN|Denmark proper|metropolitan Denmark""]","[""Hans Christian Andersen"", ""Denmark""]"
twohopfact,27201,The author of the novel It was born in the country of,United States of America,"[""The author of the novel It is"", ""Stephen King was born in the country of""]","[""Stephen King|Stephen Edwin King|Richard Bachman|John Swithen|Richard Richard"", ""United States of America|the United States of America|America|U.S.A.|USA|U.S.|US|the US|the USA|US of A|the United States|U. S. A.|U. S.|the States|the U.S.|United States|US of America|the U.S.A.|the US of America|the US of A|the U.S. of A|the U.S. of America|U.S. of America|Merica""]","[""Stephen King"", ""United States""]"
twohopfact,27202,The author of the novel The Call of the Wild was born in the country of,United States of America,"[""The author of the novel The Call of the Wild is"", ""Jack London was born in the country of""]","[""Jack London|John Griffith Chaney|John Griffith \""Jack\"" London|John Griffith Chaney London|John Griffith \""Jack London\"" Chaney"", ""United States of America|the United States of America|America|U.S.A.|USA|U.S.|US|the US|the USA|US of A|the United States|U. S. A.|U. S.|the States|the U.S.|United States|US of America|the U.S.A.|the US of America|the US of A|the U.S. of A|the U.S. of America|U.S. of America|Merica""]","[""Jack London"", ""United States""]"
twohopfact,27203,The author of the novel The Red and the Black was born in the country of,France,"[""The author of the novel The Red and the Black is"", ""Stendhal was born in the country of""]","[""Stendhal|Marie-Henri Beyle|Henri Beyle|Marie Henri Beyle"", ""France|fr|Republic of France|French Republic|FRA|the Hexagon""]","[""Stendhal"", ""France.""]"
twohopfact,27209,The author of the novel On the Road was born in the country of,United States of America,"[""The author of the novel On the Road is"", ""Jack Kerouac was born in the country of""]","[""Jack Kerouac|Jean-Louis Lebris de Kérouac|Jean-Louis Lebris de Kerouac|Kerouac|Jean-Louis Kerouac"", ""United States of America|the United States of America|America|U.S.A.|USA|U.S.|US|the US|the USA|US of A|the United States|U. S. A.|U. S.|the States|the U.S.|United States|US of America|the U.S.A.|the US of America|the US of A|the U.S. of A|the U.S. of America|U.S. of America|Merica""]","[""Jack Kerouac"", ""United States""]"
twohopfact,27211,The author of the novel The Handmaid's Tale was born in the country of,Canada,"[""The author of the novel The Handmaid's Tale is"", ""Margaret Atwood was born in the country of""]","[""Margaret Atwood|Margaret Eleanor Atwood"", ""Canada|CAN|CA""]","[""Margaret Atwood."", ""Canada.""]"
twohopfact,27212,The author of the novel The Magic Mountain was born in the country of,Germany,"[""The author of the novel The Magic Mountain is"", ""Thomas Mann was born in the country of""]","[""Thomas Mann|Paul Thomas Mann"", ""Germany|Federal Republic of Germany|Deutschland|GER|BR Deutschland|DE|BRD|Bundesrepublik Deutschland|GFR""]","[""Thomas Mann"", ""Germany""]"
twohopfact,27217,The author of the novel The Fountainhead was born in the country of,Russia,"[""The author of the novel The Fountainhead is"", ""Ayn Rand was born in the country of""]","[""Ayn Rand|Alisa Zinov'yevna Rosenbaum"", ""Russia|Rossiya|Rossija|RU|RUS|Rossijskaja Federatsija|Russian Federation|Rossiyskaya Federatsiya|RF|Российская Федерация|Россия|Federation of Russia""]","[""Ayn Rand"", ""Russia""]"
twohopfact,27216,The author of the novel Do Androids Dream of Electric Sheep? was born in the country of,United States of America,"[""The author of the novel Do Androids Dream of Electric Sheep? is"", ""Philip K. Dick was born in the country of""]","[""Philip K. Dick|PKD|Philip Kindred Dick|Philip Dick|Richard Phillips|Jack Dowland|Filip K. Dik"", ""United States of America|the United States of America|America|U.S.A.|USA|U.S.|US|the US|the USA|US of A|the United States|U. S. A.|U. S.|the States|the U.S.|United States|US of America|the U.S.A.|the US of America|the US of A|the U.S. of A|the U.S. of America|U.S. of America|Merica""]","[""Philip K. Dick."", ""United States""]"
twohopfact,27218,The author of the novel Kafka on the Shore was born in the country of,Japan,"[""The author of the novel Kafka on the Shore is"", ""Haruki Murakami was born in the country of""]","[""Haruki Murakami|Murakami Haruki"", ""Japan|State of Japan|Land of the Rising Sun|Nihon|Nippon|JP|Nippon-koku|Nihon-koku|JPN|JAP|JA|🇯🇵|Iapan|Iapon|Land of Rising Sun""]","[""Haruki Murakami"", ""Japan""]"
twohopfact,27219,The author of the novel A Thousand Splendid Suns was born in the country of,Afghanistan,"[""The author of the novel A Thousand Splendid Suns is"", ""Khaled Hosseini was born in the country of""]","[""Khaled Hosseini"", ""Afghanistan|🇦🇫|AFG|af""]","[""Khaled Hosseini"", ""Afghanistan.""]"
twohopfact,27222,The author of the novel 1Q84 was born in the country of,Japan,"[""The author of the novel 1Q84 is"", ""Haruki Murakami was born in the country of""]","[""Haruki Murakami|Murakami Haruki"", ""Japan|State of Japan|Land of the Rising Sun|Nihon|Nippon|JP|Nippon-koku|Nihon-koku|JPN|JAP|JA|🇯🇵|Iapan|Iapon|Land of Rising Sun""]","[""Haruki Murakami."", ""Japan""]"
twohopfact,27239,The author of the novel Misery was born in the country of,United States of America,"[""The author of the novel Misery is"", ""Stephen King was born in the country of""]","[""Stephen King|Stephen Edwin King|Richard Bachman|John Swithen|Richard Richard"", ""United States of America|the United States of America|America|U.S.A.|USA|U.S.|US|the US|the USA|US of A|the United States|U. S. A.|U. S.|the States|the U.S.|United States|US of America|the U.S.A.|the US of America|the US of A|the U.S. of A|the U.S. of America|U.S. of America|Merica""]","[""Stephen King."", ""United States""]"
twohopfact,27257,The author of the novel Stranger in a Strange Land was born in the country of,United States of America,"[""The author of the novel Stranger in a Strange Land is"", ""Robert A. Heinlein was born in the country of""]","[""Robert A. Heinlein|Robert Anson Heinlein|Anson MacDonald|Lyle Monroe|John Riverside|Caleb Saunders|Simon York|Robert Heinlein"", ""United States of America|the United States of America|America|U.S.A.|USA|U.S.|US|the US|the USA|US of A|the United States|U. S. A.|U. S.|the States|the U.S.|United States|US of America|the U.S.A.|the US of America|the US of A|the U.S. of A|the U.S. of America|U.S. of America|Merica""]","[""Robert A. Heinlein"", ""United States""]"
twohopfact,27262,The author of the novel The God of Small Things was born in the country of,India,"[""The author of the novel The God of Small Things is"", ""Arundhati Roy was born in the country of""]","[""Arundhati Roy|Suzanna Arundhati Roy"", ""India|Republic of India|Bharat|Bharatvarsh|Hindustan|IN|IND|🇮🇳|Bharata|Hindoostan|Indostan|Bharat Ganarajya""]","[""Arundhati Roy"", ""India""]"
twohopfact,27266,The author of the novel Oblomov was born in the country of,Russia,"[""The author of the novel Oblomov is"", ""Ivan Goncharov was born in the country of""]","[""Ivan Goncharov|Ivan Alexandrovich Goncharov"", ""Russia|Rossiya|Rossija|RU|RUS|Rossijskaja Federatsija|Russian Federation|Rossiyskaya Federatsiya|RF|Российская Федерация|Россия|Federation of Russia""]","[""A. Ivan Goncharov"", ""Russia""]"
twohopfact,27274,The author of the novel The Call of Cthulhu was born in the country of,United States of America,"[""The author of the novel The Call of Cthulhu is"", ""H. P. Lovecraft was born in the country of""]","[""H. P. Lovecraft|Howard Phillips Lovecraft|Lovecraft|Howard P. Lovecraft|HPL|E'ch-Pi-El|Grandpa Theobald|Ward Phillips"", ""United States of America|the United States of America|America|U.S.A.|USA|U.S.|US|the US|the USA|US of A|the United States|U. S. A.|U. S.|the States|the U.S.|United States|US of America|the U.S.A.|the US of America|the US of A|the U.S. of A|the U.S. of America|U.S. of America|Merica""]","[""H.P. Lovecraft"", ""United States""]"
twohopfact,27275,The author of the novel Cyrano de Bergerac was born in the country of,France,"[""The author of the novel Cyrano de Bergerac is"", ""Edmond Rostand was born in the country of""]","[""Edmond Rostand|Edmond Eugène Alexis Rostand"", ""France|fr|Republic of France|French Republic|FRA|the Hexagon""]","[""Edmond Rostand"", ""France""]"
twohopfact,27283,The author of the novel The Host was born in the country of,United States of America,"[""The author of the novel The Host is"", ""Stephenie Meyer was born in the country of""]","[""Stephenie Meyer|Stephenie Morgan Meyer|Stephenie Morgan"", ""United States of America|the United States of America|America|U.S.A.|USA|U.S.|US|the US|the USA|US of A|the United States|U. S. A.|U. S.|the States|the U.S.|United States|US of America|the U.S.A.|the US of America|the US of A|the U.S. of A|the U.S. of America|U.S. of America|Merica""]","[""Stephenie Meyer"", ""United States""]"
twohopfact,27284,The author of the novel The Dead Zone was born in the country of,United States of America,"[""The author of the novel The Dead Zone is"", ""Stephen King was born in the country of""]","[""Stephen King|Stephen Edwin King|Richard Bachman|John Swithen|Richard Richard"", ""United States of America|the United States of America|America|U.S.A.|USA|U.S.|US|the US|the USA|US of A|the United States|U. S. A.|U. S.|the States|the U.S.|United States|US of America|the U.S.A.|the US of America|the US of A|the U.S. of A|the U.S. of America|U.S. of America|Merica""]","[""Stephen King"", ""United States""]"
twohopfact,27292,The author of the novel Firestarter was born in the country of,United States of America,"[""The author of the novel Firestarter is"", ""Stephen King was born in the country of""]","[""Stephen King|Stephen Edwin King|Richard Bachman|John Swithen|Richard Richard"", ""United States of America|the United States of America|America|U.S.A.|USA|U.S.|US|the US|the USA|US of A|the United States|U. S. A.|U. S.|the States|the U.S.|United States|US of America|the U.S.A.|the US of America|the US of A|the U.S. of A|the U.S. of America|U.S. of America|Merica""]","[""Stephen King"", ""United States""]"
twohopfact,27295,The author of the novel In Cold Blood was born in the country of,United States of America,"[""The author of the novel In Cold Blood is"", ""Truman Capote @ was born in the country of""]","[""Truman Capote|Truman Streckfus Persons|Truman Garcia Capote"", ""United States of America|the United States of America|America|U.S.A.|USA|U.S.|US|the US|the USA|US of A|the United States|U. S. A.|U. S.|the States|the U.S.|United States|US of America|the U.S.A.|the US of America|the US of A|the U.S. of A|the U.S. of America|U.S. of America|Merica""]","[""Truman Capote"", ""United States""]"
twohopfact,27302,The author of the novel Carmilla was born in the country of,Republic of Ireland,"[""The author of the novel Carmilla is"", ""Sheridan Le Fanu was born in the country of""]","[""Sheridan Le Fanu|Joseph Thomas Sheridan Le Fanu|Joseph Sheridan Le Fanu|J. Sheridan Le Fanu|Charles de Cresserons Francis Purcell, Reverend"", ""Republic of Ireland|Éire|IE|IRL|Hibernia|Ireland, Republic of|🇮🇪|Eire|Southern Ireland|Ireland (state)|Ireland""]","[""Joseph Sheridan Le Fanu"", ""Ireland""]"
twohopfact,27306,The author of the novel Bag of Bones was born in the country of,United States of America,"[""The author of the novel Bag of Bones is"", ""Stephen King was born in the country of""]","[""Stephen King|Stephen Edwin King|Richard Bachman|John Swithen|Richard Richard"", ""United States of America|the United States of America|America|U.S.A.|USA|U.S.|US|the US|the USA|US of A|the United States|U. S. A.|U. S.|the States|the U.S.|United States|US of America|the U.S.A.|the US of America|the US of A|the U.S. of A|the U.S. of America|U.S. of America|Merica""]","[""Stephen King"", ""United States""]"
twohopfact,27322,The author of the novel The Lovely Bones was born in the country of,United States of America,"[""The author of the novel The Lovely Bones is"", ""Alice Sebold was born in the country of""]","[""Alice Sebold"", ""United States of America|the United States of America|America|U.S.A.|USA|U.S.|US|the US|the USA|US of A|the United States|U. S. A.|U. S.|the States|the U.S.|United States|US of America|the U.S.A.|the US of America|the US of A|the U.S. of A|the U.S. of America|U.S. of America|Merica""]","[""Alice Sebold"", ""United States""]"
twohopfact,27324,The author of the novel Dreamcatcher was born in the country of,United States of America,"[""The author of the novel Dreamcatcher is"", ""Stephen King was born in the country of""]","[""Stephen King|Stephen Edwin King|Richard Bachman|John Swithen|Richard Richard"", ""United States of America|the United States of America|America|U.S.A.|USA|U.S.|US|the US|the USA|US of A|the United States|U. S. A.|U. S.|the States|the U.S.|United States|US of America|the U.S.A.|the US of America|the US of A|the U.S. of A|the U.S. of America|U.S. of America|Merica""]","[""Stephen King"", ""United States""]"
twohopfact,27328,The author of the novel Holes was born in the country of,United States of America,"[""The author of the novel Holes is"", ""Louis Sachar was born in the country of""]","[""Louis Sachar"", ""United States of America|the United States of America|America|U.S.A.|USA|U.S.|US|the US|the USA|US of A|the United States|U. S. A.|U. S.|the States|the U.S.|United States|US of America|the U.S.A.|the US of America|the US of A|the U.S. of A|the U.S. of America|U.S. of America|Merica""]","[""Louis Sachar"", ""United States""]"
twohopfact,27329,The author of the novel The Song of Hiawatha was born in the country of,United States of America,"[""The author of the novel The Song of Hiawatha is"", ""Henry Wadsworth Longfellow was born in the country of""]","[""Henry Wadsworth Longfellow|Henry W. Longfellow|H. W. Longfellow|Longfellow"", ""United States of America|the United States of America|America|U.S.A.|USA|U.S.|US|the US|the USA|US of A|the United States|U. S. A.|U. S.|the States|the U.S.|United States|US of America|the U.S.A.|the US of America|the US of A|the U.S. of A|the U.S. of America|U.S. of America|Merica""]","[""Henry Wadsworth Longfellow"", ""United States""]"
twohopfact,27332,The author of the novel Dolores Claiborne was born in the country of,United States of America,"[""The author of the novel Dolores Claiborne is"", ""Stephen King was born in the country of""]","[""Stephen King|Stephen Edwin King|Richard Bachman|John Swithen|Richard Richard"", ""United States of America|the United States of America|America|U.S.A.|USA|U.S.|US|the US|the USA|US of A|the United States|U. S. A.|U. S.|the States|the U.S.|United States|US of America|the U.S.A.|the US of America|the US of A|the U.S. of A|the U.S. of America|U.S. of America|Merica""]","[""Stephen King"", ""United States""]"
twohopfact,27346,The author of the novel At the Mountains of Madness was born in the country of,United States of America,"[""The author of the novel At the Mountains of Madness is"", ""H. P. Lovecraft was born in the country of""]","[""H. P. Lovecraft|Howard Phillips Lovecraft|Lovecraft|Howard P. Lovecraft|HPL|E'ch-Pi-El|Grandpa Theobald|Ward Phillips"", ""United States of America|the United States of America|America|U.S.A.|USA|U.S.|US|the US|the USA|US of A|the United States|U. S. A.|U. S.|the States|the U.S.|United States|US of America|the U.S.A.|the US of America|the US of A|the U.S. of A|the U.S. of America|U.S. of America|Merica""]","[""H.P. Lovecraft"", ""United States""]"
twohopfact,27351,The author of the novel Desperation was born in the country of,United States of America,"[""The author of the novel Desperation is"", ""Stephen King was born in the country of""]","[""Stephen King|Stephen Edwin King|Richard Bachman|John Swithen|Richard Richard"", ""United States of America|the United States of America|America|U.S.A.|USA|U.S.|US|the US|the USA|US of A|the United States|U. S. A.|U. S.|the States|the U.S.|United States|US of America|the U.S.A.|the US of America|the US of A|the U.S. of A|the U.S. of America|U.S. of America|Merica""]","[""Stephen King"", ""United States""]"
twohopfact,27375,The author of the novel Zadig or Destiny was born in the country of,France,"[""The author of the novel Zadig or Destiny is"", ""Voltaire was born in the country of""]","[""Voltaire|François-Marie Arouet|Francois Marie Arouet de Voltaire|Francois Marie Arouet|Dictator of Letters"", ""France|fr|Republic of France|French Republic|FRA|the Hexagon""]","[""Voltaire"", ""France""]"
twohopfact,27391,The author of the novel The Dark Tower IV: Wizard and Glass was born in the country of,United States of America,"[""The author of the novel The Dark Tower IV: Wizard and Glass is"", ""Stephen King was born in the country of""]","[""Stephen King|Stephen Edwin King|Richard Bachman|John Swithen|Richard Richard"", ""United States of America|the United States of America|America|U.S.A.|USA|U.S.|US|the US|the USA|US of A|the United States|U. S. A.|U. S.|the States|the U.S.|United States|US of America|the U.S.A.|the US of America|the US of A|the U.S. of A|the U.S. of America|U.S. of America|Merica""]","[""Stephen King"", ""United States""]"
twohopfact,27395,The author of the novel The Age of Innocence was born in the country of,United States of America,"[""The author of the novel The Age of Innocence is"", ""Edith Wharton was born in the country of""]","[""Edith Wharton|Edith Newbold Jones|Edith Newbold Jones Wharton|Edith Jones"", ""United States of America|the United States of America|America|U.S.A.|USA|U.S.|US|the US|the USA|US of A|the United States|U. S. A.|U. S.|the States|the U.S.|United States|US of America|the U.S.A.|the US of America|the US of A|the U.S. of A|the U.S. of America|U.S. of America|Merica""]","[""Edith Wharton"", ""United States""]"
twohopfact,27404,The author of the novel The Dark Tower V: Wolves of the Calla was born in the country of,United States of America,"[""The author of the novel The Dark Tower V: Wolves of the Calla is"", ""Stephen King was born in the country of""]","[""Stephen King|Stephen Edwin King|Richard Bachman|John Swithen|Richard Richard"", ""United States of America|the United States of America|America|U.S.A.|USA|U.S.|US|the US|the USA|US of A|the United States|U. S. A.|U. S.|the States|the U.S.|United States|US of America|the U.S.A.|the US of America|the US of A|the U.S. of A|the U.S. of America|U.S. of America|Merica""]","[""Stephen King"", ""United States""]"
twohopfact,27427,The author of the novel Elements of the Philosophy of Right was born in the country of,Germany,"[""The author of the novel Elements of the Philosophy of Right is"", ""Georg Wilhelm Friedrich Hegel was born in the country of""]","[""Georg Wilhelm Friedrich Hegel|G. W. F. Hegel|Hegel|George William Frederick Hegel"", ""Germany|Federal Republic of Germany|Deutschland|GER|BR Deutschland|DE|BRD|Bundesrepublik Deutschland|GFR""]","[""Georg Wilhelm Friedrich Hegel"", ""Germany""]"
twohopfact,27430,The author of the novel We the Living was born in the country of,Russia,"[""The author of the novel We the Living is"", ""Ayn Rand was born in the country of""]","[""Ayn Rand|Alisa Zinov'yevna Rosenbaum"", ""Russia|Rossiya|Rossija|RU|RUS|Rossijskaja Federatsija|Russian Federation|Rossiyskaya Federatsiya|RF|Российская Федерация|Россия|Federation of Russia""]","[""Alisa Zinov'yevna Rosenbaum"", ""Russia""]"
twohopfact,27440,The author of the novel The Yiddish Policemen's Union was born in the country of,United States of America,"[""The author of the novel The Yiddish Policemen's Union is"", ""Michael Chabon was born in the country of""]","[""Michael Chabon|Leon Chaim Bach|Malachi B. Cohen|August Van Zorn"", ""United States of America|the United States of America|America|U.S.A.|USA|U.S.|US|the US|the USA|US of A|the United States|U. S. A.|U. S.|the States|the U.S.|United States|US of America|the U.S.A.|the US of America|the US of A|the U.S. of A|the U.S. of America|U.S. of America|Merica""]","[""Michael Chabon"", ""United States""]"
twohopfact,27477,The author of the novel The Mist was born in the country of,United States of America,"[""The author of the novel The Mist is"", ""Stephen King was born in the country of""]","[""Stephen King|Stephen Edwin King|Richard Bachman|John Swithen|Richard Richard"", ""United States of America|the United States of America|America|U.S.A.|USA|U.S.|US|the US|the USA|US of A|the United States|U. S. A.|U. S.|the States|the U.S.|United States|US of America|the U.S.A.|the US of America|the US of A|the U.S. of A|the U.S. of America|U.S. of America|Merica""]","[""Stephen King"", ""United States""]"
twohopfact,27490,The author of the novel The Mote in God's Eye was born in the country of,United States of America,"[""The author of the novel The Mote in God's Eye is"", ""Larry Niven was born in the country of""]","[""Larry Niven|Laurence van Cott Niven"", ""United States of America|the United States of America|America|U.S.A.|USA|U.S.|US|the US|the USA|US of A|the United States|U. S. A.|U. S.|the States|the U.S.|United States|US of America|the U.S.A.|the US of America|the US of A|the U.S. of A|the U.S. of America|U.S. of America|Merica""]","[""Larry Niven"", ""United States""]"
twohopfact,27495,The author of the novel Like Water for Chocolate was born in the country of,Mexico,"[""The author of the novel Like Water for Chocolate is"", ""Laura Esquivel was born in the country of""]","[""Laura Esquivel|Laura Beatriz Esquivel Valdés"", ""Mexico|MX|United Mexican States|Mexican Republic|MEX|🇲🇽|US of M|MXN""]","[""Laura Esquivel"", ""Mexico""]"
twohopfact,27497,The author of the novel Infinite Jest was born in the country of,United States of America,"[""The author of the novel Infinite Jest is"", ""David Foster Wallace was born in the country of""]","[""David Foster Wallace|David Wallace"", ""United States of America|the United States of America|America|U.S.A.|USA|U.S.|US|the US|the USA|US of A|the United States|U. S. A.|U. S.|the States|the U.S.|United States|US of America|the U.S.A.|the US of America|the US of A|the U.S. of A|the U.S. of America|U.S. of America|Merica""]","[""David Foster Wallace"", ""United States""]"
twohopfact,27504,The author of the novel The Long Goodbye was born in the country of,United States of America,"[""The author of the novel The Long Goodbye is"", ""Raymond Chandler was born in the country of""]","[""Raymond Chandler|Raymond Thornton Chandler"", ""United States of America|the United States of America|America|U.S.A.|USA|U.S.|US|the US|the USA|US of A|the United States|U. S. A.|U. S.|the States|the U.S.|United States|US of America|the U.S.A.|the US of America|the US of A|the U.S. of A|the U.S. of America|U.S. of America|Merica""]","[""Raymond Chandler"", ""United States""]"
twohopfact,27533,The author of the novel The Shack was born in the country of,Canada,"[""The author of the novel The Shack is"", ""William P. Young was born in the country of""]","[""William P. Young|William Young|William Paul Young"", ""Canada|CAN|CA""]","[""William P. Young"", ""I don't have information on a person named William P. Young. Can you provide more context or details about who he is?""]"
twohopfact,27591,The author of the novel The House of Mirth was born in the country of,United States of America,"[""The author of the novel The House of Mirth is"", ""Edith Wharton was born in the country of""]","[""Edith Wharton|Edith Newbold Jones|Edith Newbold Jones Wharton|Edith Jones"", ""United States of America|the United States of America|America|U.S.A.|USA|U.S.|US|the US|the USA|US of A|the United States|U. S. A.|U. S.|the States|the U.S.|United States|US of America|the U.S.A.|the US of America|the US of A|the U.S. of A|the U.S. of America|U.S. of America|Merica""]","[""Edith Wharton"", ""United States""]"
twohopfact,27632,The author of the novel Big Little Lies was born in the country of,Australia,"[""The author of the novel Big Little Lies is"", ""Liane Moriarty was born in the country of""]","[""Liane Moriarty|Lian Moriarty"", ""Australia|Commonwealth of Australia|AU|AUS|🇦🇺|Straya|Aussieland|Oz|Stralia|New Holland|New Hollandia|Nova Hollandia|Down Under""]","[""Liane Moriarty"", ""Australia""]"
twohopfact,27670,The author of the novel The Year of the Flood was born in the country of,Canada,"[""The author of the novel The Year of the Flood is"", ""Margaret Atwood was born in the country of""]","[""Margaret Atwood|Margaret Eleanor Atwood"", ""Canada|CAN|CA""]","[""Margaret Atwood."", ""Canada.""]"
twohopfact,27704,The author of the novel The Inheritance of Loss was born in the country of,India,"[""The author of the novel The Inheritance of Loss is"", ""Kiran Desai was born in the country of""]","[""Kiran Desai"", ""India|Republic of India|Bharat|Bharatvarsh|Hindustan|IN|IND|🇮🇳|Bharata|Hindoostan|Indostan|Bharat Ganarajya""]","[""Kiran Desai"", ""India""]"
twohopfact,27724,The author of the novel Elegia di Madonna Fiammetta was born in the country of,Italy,"[""The author of the novel Elegia di Madonna Fiammetta is"", ""Giovanni Boccaccio was born in the country of""]","[""Giovanni Boccaccio|Giovanni Boccace|Boccaccio|Boccace|Joanni B. de Certaldo"", ""Italy|Italia|Italian Republic|IT|🇮🇹|ITA|Republic of Italy|Repubblica Italiana""]","[""Giovanni Boccaccio"", ""Italy""]"
twohopfact,27815,The author of the novel The Palm-Wine Drinkard was born in the country of,Nigeria,"[""The author of the novel The Palm-Wine Drinkard is"", ""Amos Tutuola was born in the country of""]","[""Amos Tutuola"", ""Nigeria|Federal Republic of Nigeria|🇳🇬|NG|FRN|NGA|NGR|Naija""]","[""Amos Tutuola"", ""Nigeria""]"
twohopfact,27818,The author of the novel The Witches of Eastwick was born in the country of,United States of America,"[""The author of the novel The Witches of Eastwick is"", ""John Updike was born in the country of""]","[""John Updike|John Hoyer Updike"", ""United States of America|the United States of America|America|U.S.A.|USA|U.S.|US|the US|the USA|US of A|the United States|U. S. A.|U. S.|the States|the U.S.|United States|US of America|the U.S.A.|the US of America|the US of A|the U.S. of A|the U.S. of America|U.S. of America|Merica""]","[""John Updike"", ""United States""]"
twohopfact,27903,The author of the novel Nine Perfect Strangers was born in the country of,Australia,"[""The author of the novel Nine Perfect Strangers is"", ""Liane Moriarty was born in the country of""]","[""Liane Moriarty|Lian Moriarty"", ""Australia|Commonwealth of Australia|AU|AUS|🇦🇺|Straya|Aussieland|Oz|Stralia|New Holland|New Hollandia|Nova Hollandia|Down Under""]","[""Liane Moriarty"", ""Australia""]"
twohopfact,27970,"The author of the novel Look Homeward, Angel was born in the country of",United States of America,"[""The author of the novel Look Homeward, Angel is"", ""Thomas Wolfe was born in the country of""]","[""Thomas Wolfe|Thomas Clayton Wolfe"", ""United States of America|the United States of America|America|U.S.A.|USA|U.S.|US|the US|the USA|US of A|the United States|U. S. A.|U. S.|the States|the U.S.|United States|US of America|the U.S.A.|the US of America|the US of A|the U.S. of A|the U.S. of America|U.S. of America|Merica""]","[""Thomas Wolfe"", ""United States""]"
twohopfact,28074,The author of the novel Corbaccio was born in the country of,Italy,"[""The author of the novel Corbaccio is"", ""Giovanni Boccaccio was born in the country of""]","[""Giovanni Boccaccio|Giovanni Boccace|Boccaccio|Boccace|Joanni B. de Certaldo"", ""Italy|Italia|Italian Republic|IT|🇮🇹|ITA|Republic of Italy|Repubblica Italiana""]","[""Giovanni Boccaccio"", ""Italy""]"
twohopfact,28408,The author of the novel Cimarron was born in the country of,United States of America,"[""The author of the novel Cimarron is"", ""Edna Ferber was born in the country of""]","[""Edna Ferber"", ""United States of America|the United States of America|America|U.S.A.|USA|U.S.|US|the US|the USA|US of A|the United States|U. S. A.|U. S.|the States|the U.S.|United States|US of America|the U.S.A.|the US of America|the US of A|the U.S. of A|the U.S. of America|U.S. of America|Merica""]","[""Edna Ferber"", ""United States""]"
twohopfact,28479,The author of the novel Kabuliwala was born in the country of,India,"[""The author of the novel Kabuliwala is"", ""Rabindranath Tagore was born in the country of""]","[""Rabindranath Tagore|Rabīndranātha Thākur|Kabiguru|Tagore|Bishwakabi|R. Tagore|Rabindranat Tagor|Bhanu Singha Thakur|Gurudev|Biswakabi|Nyi Wang Gönpo|Tagore, rabindranath"", ""India|Republic of India|Bharat|Bharatvarsh|Hindustan|IN|IND|🇮🇳|Bharata|Hindoostan|Indostan|Bharat Ganarajya""]","[""Rabindranath Tagore"", ""India""]"
twohopfact,28667,The author of the novel Tales of the South Pacific was born in the country of,United States of America,"[""The author of the novel Tales of the South Pacific is"", ""James A. Michener was born in the country of""]","[""James A. Michener|James Albert Michener|James Michener"", ""United States of America|the United States of America|America|U.S.A.|USA|U.S.|US|the US|the USA|US of A|the United States|U. S. A.|U. S.|the States|the U.S.|United States|US of America|the U.S.A.|the US of America|the US of A|the U.S. of A|the U.S. of America|U.S. of America|Merica""]","[""James Michener"", ""United States""]"
twohopfact,28690,The author of the novel The Autobiography of an Ex-Colored Man was born in the country of,United States of America,"[""The author of the novel The Autobiography of an Ex-Colored Man is"", ""James Weldon Johnson was born in the country of""]","[""James Weldon Johnson|J. W. Johnson"", ""United States of America|the United States of America|America|U.S.A.|USA|U.S.|US|the US|the USA|US of A|the United States|U. S. A.|U. S.|the States|the U.S.|United States|US of America|the U.S.A.|the US of America|the US of A|the U.S. of A|the U.S. of America|U.S. of America|Merica""]","[""James Weldon Johnson"", ""United States""]"
twohopfact,28752,The author of the novel The Watsons Go to Birmingham – 1963 was born in the country of,United States of America,"[""The author of the novel The Watsons Go to Birmingham – 1963 is"", ""Christopher Paul Curtis was born in the country of""]","[""Christopher Paul Curtis"", ""United States of America|the United States of America|America|U.S.A.|USA|U.S.|US|the US|the USA|US of A|the United States|U. S. A.|U. S.|the States|the U.S.|United States|US of America|the U.S.A.|the US of America|the US of A|the U.S. of A|the U.S. of America|U.S. of America|Merica""]","[""Christopher Paul Curtis"", ""United States""]"
twohopfact,29447,The author of the novel The Witch of Blackbird Pond was born in the country of,United States of America,"[""The author of the novel The Witch of Blackbird Pond is"", ""Elizabeth George Speare was born in the country of""]","[""Elizabeth George Speare"", ""United States of America|the United States of America|America|U.S.A.|USA|U.S.|US|the US|the USA|US of A|the United States|U. S. A.|U. S.|the States|the U.S.|United States|US of America|the U.S.A.|the US of America|the US of A|the U.S. of A|the U.S. of America|U.S. of America|Merica""]","[""Elizabeth George Speare"", ""United States""]"
twohopfact,54175,"The father of the author of the novel Frankenstein; or, The Modern Prometheus is named",William Godwin,"[""The author of the novel Frankenstein; or, The Modern Prometheus is"", ""The father of Mary Shelley is named""]","[""Mary Shelley|Mary Wollstonecraft Godwin|Mary Wollstonecraft Shelley|Mary Godwin"", ""William Godwin""]","[""Mary Shelley"", ""William Godwin""]"
twohopfact,54185,The father of the author of the novel Oliver Twist is named,John Dickens,"[""The author of the novel Oliver Twist is"", ""The father of Charles Dickens is named""]","[""Charles Dickens|Dickens|Charles John Huffam Dickens|Boz|C. Dickens"", ""John Dickens""]","[""Charles Dickens"", ""John Dickens""]"
twohopfact,54197,The father of the author of the novel The Raven is named,"David Poe, Jr.","[""The author of the novel The Raven is"", ""The father of Edgar Allan Poe is named""]","[""Edgar Allan Poe|Poe|Edgar Poe|E. A. Poe|Edgar A. Poe|Quarles"", ""David Poe, Jr.|Note(s): According to one rumor, After his disappearence he moved to a house at Norfolk, Virginia, U.S.A., And, he contracted pulmonary tuberculosis, there, and, David died on December 11, 1811, from the deadly cause.""]","[""Edgar Allan Poe"", ""David Poe Jr.""]"
twohopfact,54209,The father of the author of the novel Great Expectations is named,John Dickens,"[""The author of the novel Great Expectations is"", ""The father of Charles Dickens is named""]","[""Charles Dickens|Dickens|Charles John Huffam Dickens|Boz|C. Dickens"", ""John Dickens""]","[""Charles Dickens."", ""John Dickens""]"
twohopfact,54212,The father of the author of the novel The Canterbury Tales is named,John Chaucer,"[""The author of the novel The Canterbury Tales is"", ""The father of Geoffrey Chaucer is named""]","[""Geoffrey Chaucer|Chaucer"", ""John Chaucer""]","[""Geoffrey Chaucer."", ""John Chaucer""]"
twohopfact,54216,The father of the author of the novel A Tale of Two Cities is named,John Dickens,"[""The author of the novel A Tale of Two Cities is"", ""The father of Charles Dickens is named""]","[""Charles Dickens|Dickens|Charles John Huffam Dickens|Boz|C. Dickens"", ""John Dickens""]","[""Charles Dickens"", ""John Dickens""]"
twohopfact,54246,The father of the author of the novel Little Women is named,Amos Bronson Alcott,"[""The author of the novel Little Women is"", ""The father of Louisa May Alcott is named""]","[""Louisa May Alcott|A. M. Barnard|Flora Fairfield|Flora Fairchild|Louisa Alcott|Louisa M. Alcott|Louisa Mary Alcott"", ""Amos Bronson Alcott|Bronson Alcott""]","[""Louisa May Alcott"", ""Amos Bronson Alcott""]"
twohopfact,54252,The father of the author of the novel The Tenant of Wildfell Hall is named,Patrick Brontë,"[""The author of the novel The Tenant of Wildfell Hall is"", ""The father of Anne Brontë is named""]","[""Anne Brontë|Acton Bell|Ann Brontë|Anne Bronte|Ann Bronte|Annie Bronte"", ""Patrick Brontë""]","[""Anne Bronte"", ""Patrick Brontë""]"
twohopfact,54261,The father of the author of the novel The Tell-Tale Heart is named,"David Poe, Jr.","[""The author of the novel The Tell-Tale Heart is"", ""The father of Edgar Allan Poe is named""]","[""Edgar Allan Poe|Poe|Edgar Poe|E. A. Poe|Edgar A. Poe|Quarles"", ""David Poe, Jr.|Note(s): According to one rumor, After his disappearence he moved to a house at Norfolk, Virginia, U.S.A., And, he contracted pulmonary tuberculosis, there, and, David died on December 11, 1811, from the deadly cause.""]","[""Edgar Allan Poe"", ""David Poe Jr.""]"
twohopfact,54287,The father of the author of the novel The Murders in the Rue Morgue is named,"David Poe, Jr.","[""The author of the novel The Murders in the Rue Morgue is"", ""The father of Edgar Allan Poe is named""]","[""Edgar Allan Poe|Poe|Edgar Poe|E. A. Poe|Edgar A. Poe|Quarles"", ""David Poe, Jr.|Note(s): According to one rumor, After his disappearence he moved to a house at Norfolk, Virginia, U.S.A., And, he contracted pulmonary tuberculosis, there, and, David died on December 11, 1811, from the deadly cause.""]","[""Edgar Allan Poe"", ""David Poe Jr.""]"
twohopfact,54315,The father of the author of the novel The Rime of the Ancient Mariner is named,John Coleridge,"[""The author of the novel The Rime of the Ancient Mariner is"", ""The father of Samuel Taylor Coleridge is named""]","[""Samuel Taylor Coleridge|S. T. Coleridge"", ""John Coleridge""]","[""Samuel Taylor Coleridge"", ""John Coleridge""]"
twohopfact,54330,The father of the author of the novel Bleak House is named,John Dickens,"[""The author of the novel Bleak House is"", ""The father of Charles Dickens is named""]","[""Charles Dickens|Dickens|Charles John Huffam Dickens|Boz|C. Dickens"", ""John Dickens""]","[""Charles Dickens"", ""John Dickens""]"
twohopfact,54360,The father of the author of the novel The Pit and the Pendulum is named,"David Poe, Jr.","[""The author of the novel The Pit and the Pendulum is"", ""The father of Edgar Allan Poe is named""]","[""Edgar Allan Poe|Poe|Edgar Poe|E. A. Poe|Edgar A. Poe|Quarles"", ""David Poe, Jr.|Note(s): According to one rumor, After his disappearence he moved to a house at Norfolk, Virginia, U.S.A., And, he contracted pulmonary tuberculosis, there, and, David died on December 11, 1811, from the deadly cause.""]","[""Edgar Allan Poe"", ""David Poe Jr.""]"
twohopfact,54377,The father of the author of the novel Nicholas Nickleby is named,John Dickens,"[""The author of the novel Nicholas Nickleby is"", ""The father of Charles Dickens is named""]","[""Charles Dickens|Dickens|Charles John Huffam Dickens|Boz|C. Dickens"", ""John Dickens""]","[""Charles Dickens"", ""John Dickens""]"
twohopfact,54396,The father of the author of the novel The Fall of the House of Usher is named,"David Poe, Jr.","[""The author of the novel The Fall of the House of Usher is"", ""The father of Edgar Allan Poe is named""]","[""Edgar Allan Poe|Poe|Edgar Poe|E. A. Poe|Edgar A. Poe|Quarles"", ""David Poe, Jr.|Note(s): According to one rumor, After his disappearence he moved to a house at Norfolk, Virginia, U.S.A., And, he contracted pulmonary tuberculosis, there, and, David died on December 11, 1811, from the deadly cause.""]","[""Edgar Allan Poe"", ""David Poe Jr.""]"
twohopfact,54416,The father of the author of the novel The Portrait of a Lady is named,"Henry James, Sr.","[""The author of the novel The Portrait of a Lady is"", ""The father of Henry James is named""]","[""Henry James|Henricus James"", ""Henry James, Sr.|Henry James""]","[""Henry James."", ""William Henry James""]"
twohopfact,54478,The father of the author of the novel Hard Times: For These Times is named,John Dickens,"[""The author of the novel Hard Times: For These Times is"", ""The father of Charles Dickens is named""]","[""Charles Dickens|Dickens|Charles John Huffam Dickens|Boz|C. Dickens"", ""John Dickens""]","[""Charles Dickens"", ""John Dickens""]"
twohopfact,54496,The father of the author of the novel Martin Chuzzlewit is named,John Dickens,"[""The author of the novel Martin Chuzzlewit is"", ""The father of Charles Dickens is named""]","[""Charles Dickens|Dickens|Charles John Huffam Dickens|Boz|C. Dickens"", ""John Dickens""]","[""Charles Dickens"", ""John Dickens""]"
twohopfact,54515,The father of the author of the novel The Old Curiosity Shop is named,John Dickens,"[""The author of the novel The Old Curiosity Shop is"", ""The father of Charles Dickens is named""]","[""Charles Dickens|Dickens|Charles John Huffam Dickens|Boz|C. Dickens"", ""John Dickens""]","[""Charles Dickens"", ""John Dickens""]"
twohopfact,54535,The father of the author of the novel Villette is named,Patrick Brontë,"[""The author of the novel Villette is"", ""The father of Charlotte Brontë is named""]","[""Charlotte Brontë|Sharlotta Bronte|Charles Wellesley|Charlotte Bronte|Douro|Karlotta Bronte|Mrs. Arthur Bell Nicholls|Tree|Florian Wellesley|Lord Charles Albert|Currer Bell|Charlotte Nicholls|Mrs. A. B. Nicholls|Captain Tree"", ""Patrick Brontë""]","[""Charlotte Brontë."", ""Mr. Patrick Brontë""]"
twohopfact,54569,The father of the author of the novel Invisible Cities is named,Mario Calvino,"[""The author of the novel Invisible Cities is"", ""The father of Italo Calvino is named""]","[""Italo Calvino|Italo Giovanni Calvino Mameli|Italo Giovanni Calvino"", ""Mario Calvino|Calvino""]","[""Italo Calvino"", ""Giuseppe Calvino""]"
twohopfact,54629,The father of the author of the novel Daisy Miller is named,"Henry James, Sr.","[""The author of the novel Daisy Miller is"", ""The father of Henry James is named""]","[""Henry James|Henricus James"", ""Henry James, Sr.|Henry James""]","[""Henry James"", ""Henry James Sr.""]"
twohopfact,54740,The father of the author of the novel The Ambassadors is named,"Henry James, Sr.","[""The author of the novel The Ambassadors is"", ""The father of Henry James is named""]","[""Henry James|Henricus James"", ""Henry James, Sr.|Henry James""]","[""Henry James"", ""Henry James Sr.""]"
twohopfact,54795,The father of the author of the novel The American is named,"Henry James, Sr.","[""The author of the novel The American is"", ""The father of Henry James is named""]","[""Henry James|Henricus James"", ""Henry James, Sr.|Henry James""]","[""Henry James"", ""William Henry James""]"
twohopfact,54826,The father of the author of the novel The Wings of the Dove is named,"Henry James, Sr.","[""The author of the novel The Wings of the Dove is"", ""The father of Henry James is named""]","[""Henry James|Henricus James"", ""Henry James, Sr.|Henry James""]","[""Henry James"", ""William Henry James""]"
twohopfact,55071,The father of the author of the novel Considerations on Representative Government is named,James Mill,"[""The author of the novel Considerations on Representative Government is"", ""The father of John Stuart Mill is named""]","[""John Stuart Mill|J. S. Mill"", ""James Mill""]","[""John Stuart Mill"", ""James Mill""]"
twohopfact,66380,"The mother of the author of the novel Frankenstein; or, The Modern Prometheus is named",Mary Wollstonecraft,"[""The author of the novel Frankenstein; or, The Modern Prometheus is"", ""The mother of Mary Shelley is named""]","[""Mary Shelley|Mary Wollstonecraft Godwin|Mary Wollstonecraft Shelley|Mary Godwin"", ""Mary Wollstonecraft|Mary Godwin|Mr. Cresswick|Mary Wollstonecraft Godwin""]","[""Mary Shelley"", ""Mary Wollstonecraft Godwin""]"
twohopfact,66395,The mother of the author of the novel Wuthering Heights is named,Maria Branwell,"[""The author of the novel Wuthering Heights is"", ""The mother of Emily Brontë is named""]","[""Emily Brontë|Ellis Bell|Emily Jane Bronte|Emily Jane Brontë|Emily Bronte"", ""Maria Branwell|Mrs Maria Brontë""]","[""Emily Brontë."", ""Maria Branwell Brontë""]"
twohopfact,66404,The mother of the author of the novel Adventures of Huckleberry Finn is named,Jane Lampton Clemens,"[""The author of the novel Adventures of Huckleberry Finn is"", ""The mother of Mark Twain is named""]","[""Mark Twain|Samuel Langhorne Clemens|Samuel L. Clemens|Samuel Clemens"", ""Jane Lampton|Jane Lampton Clemens|Jane Clemens|Jane L. Clemens""]","[""Mark Twain"", ""Jane Lampton Twain""]"
twohopfact,66408,The mother of the author of the novel Jane Eyre is named,Maria Branwell,"[""The author of the novel Jane Eyre is"", ""The mother of Charlotte Brontë is named""]","[""Charlotte Brontë|Sharlotta Bronte|Charles Wellesley|Charlotte Bronte|Douro|Karlotta Bronte|Mrs. Arthur Bell Nicholls|Tree|Florian Wellesley|Lord Charles Albert|Currer Bell|Charlotte Nicholls|Mrs. A. B. Nicholls|Captain Tree"", ""Maria Branwell|Mrs Maria Brontë""]","[""Charlotte Brontë."", ""Maria Branwell Brontë""]"
twohopfact,66448,The mother of the author of the novel Little Women is named,Abby May,"[""The author of the novel Little Women is"", ""The mother of Louisa May Alcott is named""]","[""Louisa May Alcott|A. M. Barnard|Flora Fairfield|Flora Fairchild|Louisa Alcott|Louisa M. Alcott|Louisa Mary Alcott"", ""Abby May|Abigail May|Abigail May Alcott|Abigail Alcott|Abba Alcott""]","[""Louisa May Alcott."", ""Abigail May Alcott""]"
twohopfact,66456,The mother of the author of the novel The Tenant of Wildfell Hall is named,Maria Branwell,"[""The author of the novel The Tenant of Wildfell Hall is"", ""The mother of Anne Brontë is named""]","[""Anne Brontë|Acton Bell|Ann Brontë|Anne Bronte|Ann Bronte|Annie Bronte"", ""Maria Branwell|Mrs Maria Brontë""]","[""Anne Bronte"", ""Maria Branwell Brontë""]"
twohopfact,66692,The mother of the author of the novel Villette is named,Maria Branwell,"[""The author of the novel Villette is"", ""The mother of Charlotte Brontë is named""]","[""Charlotte Brontë|Sharlotta Bronte|Charles Wellesley|Charlotte Bronte|Douro|Karlotta Bronte|Mrs. Arthur Bell Nicholls|Tree|Florian Wellesley|Lord Charles Albert|Currer Bell|Charlotte Nicholls|Mrs. A. B. Nicholls|Captain Tree"", ""Maria Branwell|Mrs Maria Brontë""]","[""Charlotte Brontë"", ""Maria Branwell Brontë""]"
twohopfact,75615,The spouse of the author of the novel Considerations on Representative Government is named,Harriet Taylor Mill,"[""The author of the novel Considerations on Representative Government is"", ""The spouse of John Stuart Mill is named""]","[""John Stuart Mill|J. S. Mill"", ""Harriet Taylor Mill|Harriet Hardy|Harriet Taylor""]","[""John Stuart Mill"", ""Harriet Taylor Mill""]"
twohopfact,87884,"In college, the author of the novel It majored in",English,"[""The author of the novel It is"", ""In college, Stephen King majored in""]","[""Stephen King|Stephen Edwin King|Richard Bachman|John Swithen|Richard Richard"", ""English|English language|en|eng""]","[""Stephen King"", ""English.""]"
twohopfact,87885,"In college, the author of the novel The Shining majored in",English,"[""The author of the novel The Shining is"", ""In college, Stephen King majored in""]","[""Stephen King|Stephen Edwin King|Richard Bachman|John Swithen|Richard Richard"", ""English|English language|en|eng""]","[""Stephen King"", ""English.""]"
twohopfact,87888,"In college, the author of the novel The Stand majored in",English,"[""The author of the novel The Stand is"", ""In college, Stephen King majored in""]","[""Stephen King|Stephen Edwin King|Richard Bachman|John Swithen|Richard Richard"", ""English|English language|en|eng""]","[""Stephen King"", ""English.""]"
twohopfact,87889,"In college, the author of the novel Misery majored in",English,"[""The author of the novel Misery is"", ""In college, Stephen King majored in""]","[""Stephen King|Stephen Edwin King|Richard Bachman|John Swithen|Richard Richard"", ""English|English language|en|eng""]","[""Stephen King"", ""English.""]"
twohopfact,87894,"In college, the author of the novel The Green Mile majored in",English,"[""The author of the novel The Green Mile is"", ""In college, Stephen King majored in""]","[""Stephen King|Stephen Edwin King|Richard Bachman|John Swithen|Richard Richard"", ""English|English language|en|eng""]","[""Stephen King"", ""English.""]"
twohopfact,87895,"In college, the author of the novel The Host majored in",English,"[""The author of the novel The Host is"", ""In college, Stephenie Meyer majored in""]","[""Stephenie Meyer|Stephenie Morgan Meyer|Stephenie Morgan"", ""English|English language|en|eng""]","[""Stephenie Meyer"", ""English Literature""]"
twohopfact,87898,"In college, the author of the novel Firestarter majored in",English,"[""The author of the novel Firestarter is"", ""In college, Stephen King majored in""]","[""Stephen King|Stephen Edwin King|Richard Bachman|John Swithen|Richard Richard"", ""English|English language|en|eng""]","[""Stephen King"", ""English.""]"
twohopfact,87909,"In college, the author of the novel Desperation majored in",English,"[""The author of the novel Desperation is"", ""In college, Stephen King majored in""]","[""Stephen King|Stephen Edwin King|Richard Bachman|John Swithen|Richard Richard"", ""English|English language|en|eng""]","[""Stephen King"", ""English.""]"
twohopfact,87916,"In college, the author of the novel The Hero with a Thousand Faces majored in",English literature,"[""The author of the novel The Hero with a Thousand Faces is"", ""In college, Joseph Campbell majored in""]","[""Joseph Campbell|Joseph John Campbell|Joseph Cambell"", ""English literature|English-language literature""]","[""Joseph Campbell"", ""English Literature""]"
twohopfact,87919,"In college, the author of the novel The Dark Tower V: Wolves of the Calla majored in",English,"[""The author of the novel The Dark Tower V: Wolves of the Calla is"", ""In college, Stephen King majored in""]","[""Stephen King|Stephen Edwin King|Richard Bachman|John Swithen|Richard Richard"", ""English|English language|en|eng""]","[""Stephen King"", ""English.""]"
twohopfact,87927,"In college, the author of the novel The Name of the Wind majored in",English,"[""The author of the novel The Name of the Wind is"", ""In college, Patrick Rothfuss majored in""]","[""Patrick Rothfuss|Patrick James Rothfuss"", ""English|English language|en|eng""]","[""Patrick Rothfuss"", ""English Literature.""]"
twohopfact,87928,"In college, the author of the novel The Mist majored in",English,"[""The author of the novel The Mist is"", ""In college, Stephen King majored in""]","[""Stephen King|Stephen Edwin King|Richard Bachman|John Swithen|Richard Richard"", ""English|English language|en|eng""]","[""Stephen King"", ""English.""]"
twohopfact,88780,"As an undergrad, the author of the novel It attended the university named",University of Maine,"[""The author of the novel It is"", ""As an undergrad, Stephen King attended the university named""]","[""Stephen King|Stephen Edwin King|Richard Bachman|John Swithen|Richard Richard"", ""University of Maine|University of Maine at Orono|umaine.edu""]","[""Stephen King"", ""University of Maine""]"
twohopfact,88781,"As an undergrad, the author of the novel The Shining attended the university named",University of Maine,"[""The author of the novel The Shining is"", ""As an undergrad, Stephen King attended the university named""]","[""Stephen King|Stephen Edwin King|Richard Bachman|John Swithen|Richard Richard"", ""University of Maine|University of Maine at Orono|umaine.edu""]","[""Stephen King"", ""University of Maine""]"
twohopfact,88782,"As an undergrad, the author of the novel Carrie attended the university named",University of Maine,"[""The author of the novel Carrie is"", ""As an undergrad, Stephen King attended the university named""]","[""Stephen King|Stephen Edwin King|Richard Bachman|John Swithen|Richard Richard"", ""University of Maine|University of Maine at Orono|umaine.edu""]","[""Stephen King"", ""University of Maine""]"
twohopfact,88784,"As an undergrad, the author of the novel The Stand attended the university named",University of Maine,"[""The author of the novel The Stand is"", ""As an undergrad, Stephen King attended the university named""]","[""Stephen King|Stephen Edwin King|Richard Bachman|John Swithen|Richard Richard"", ""University of Maine|University of Maine at Orono|umaine.edu""]","[""Stephen King"", ""University of Maine""]"
twohopfact,88785,"As an undergrad, the author of the novel Misery attended the university named",University of Maine,"[""The author of the novel Misery is"", ""As an undergrad, Stephen King attended the university named""]","[""Stephen King|Stephen Edwin King|Richard Bachman|John Swithen|Richard Richard"", ""University of Maine|University of Maine at Orono|umaine.edu""]","[""Stephen King."", ""University of Maine""]"
twohopfact,88789,"As an undergrad, the author of the novel Neuromancer attended the university named",University of British Columbia,"[""The author of the novel Neuromancer is"", ""As an undergrad, William Gibson attended the university named""]","[""William Gibson|William Ford Gibson"", ""University of British Columbia|UBC|The University of British Columbia|McGill University College of British Columbia|ubc.ca|UBC Vancouver""]","[""William Gibson."", ""University of British Columbia""]"
twohopfact,88790,"As an undergrad, the author of the novel The Green Mile attended the university named",University of Maine,"[""The author of the novel The Green Mile is"", ""As an undergrad, Stephen King attended the university named""]","[""Stephen King|Stephen Edwin King|Richard Bachman|John Swithen|Richard Richard"", ""University of Maine|University of Maine at Orono|umaine.edu""]","[""Stephen King"", ""University of Maine""]"
twohopfact,88793,"As an undergrad, the author of the novel The Dead Zone attended the university named",University of Maine,"[""The author of the novel The Dead Zone is"", ""As an undergrad, Stephen King attended the university named""]","[""Stephen King|Stephen Edwin King|Richard Bachman|John Swithen|Richard Richard"", ""University of Maine|University of Maine at Orono|umaine.edu""]","[""Stephen King"", ""University of Maine""]"
twohopfact,88794,"As an undergrad, the author of the novel Firestarter attended the university named",University of Maine,"[""The author of the novel Firestarter is"", ""As an undergrad, Stephen King attended the university named""]","[""Stephen King|Stephen Edwin King|Richard Bachman|John Swithen|Richard Richard"", ""University of Maine|University of Maine at Orono|umaine.edu""]","[""Stephen King"", ""University of Maine""]"
twohopfact,88796,"As an undergrad, the author of the novel Cujo attended the university named",University of Maine,"[""The author of the novel Cujo is"", ""As an undergrad, Stephen King attended the university named""]","[""Stephen King|Stephen Edwin King|Richard Bachman|John Swithen|Richard Richard"", ""University of Maine|University of Maine at Orono|umaine.edu""]","[""Stephen King"", ""University of Maine""]"
twohopfact,88799,"As an undergrad, the author of the novel Bag of Bones attended the university named",University of Maine,"[""The author of the novel Bag of Bones is"", ""As an undergrad, Stephen King attended the university named""]","[""Stephen King|Stephen Edwin King|Richard Bachman|John Swithen|Richard Richard"", ""University of Maine|University of Maine at Orono|umaine.edu""]","[""Stephen King"", ""University of Maine""]"
twohopfact,88800,"As an undergrad, the author of the novel Needful Things attended the university named",University of Maine,"[""The author of the novel Needful Things is"", ""As an undergrad, Stephen King attended the university named""]","[""Stephen King|Stephen Edwin King|Richard Bachman|John Swithen|Richard Richard"", ""University of Maine|University of Maine at Orono|umaine.edu""]","[""Stephen King"", ""University of Maine""]"
twohopfact,88802,"As an undergrad, the author of the novel Dreamcatcher attended the university named",University of Maine,"[""The author of the novel Dreamcatcher is"", ""As an undergrad, Stephen King attended the university named""]","[""Stephen King|Stephen Edwin King|Richard Bachman|John Swithen|Richard Richard"", ""University of Maine|University of Maine at Orono|umaine.edu""]","[""Stephen King"", ""University of Maine""]"
twohopfact,88804,"As an undergrad, the author of the novel Dolores Claiborne attended the university named",University of Maine,"[""The author of the novel Dolores Claiborne is"", ""As an undergrad, Stephen King attended the university named""]","[""Stephen King|Stephen Edwin King|Richard Bachman|John Swithen|Richard Richard"", ""University of Maine|University of Maine at Orono|umaine.edu""]","[""Stephen King"", ""University of Maine""]"
twohopfact,88807,"As an undergrad, the author of the novel Desperation attended the university named",University of Maine,"[""The author of the novel Desperation is"", ""As an undergrad, Stephen King attended the university named""]","[""Stephen King|Stephen Edwin King|Richard Bachman|John Swithen|Richard Richard"", ""University of Maine|University of Maine at Orono|umaine.edu""]","[""Stephen King"", ""University of Maine""]"
twohopfact,88817,"As an undergrad, the author of the novel The Dark Tower IV: Wizard and Glass attended the university named",University of Maine,"[""The author of the novel The Dark Tower IV: Wizard and Glass is"", ""As an undergrad, Stephen King attended the university named""]","[""Stephen King|Stephen Edwin King|Richard Bachman|John Swithen|Richard Richard"", ""University of Maine|University of Maine at Orono|umaine.edu""]","[""Stephen King"", ""University of Maine""]"
twohopfact,88818,"As an undergrad, the author of the novel The Dark Tower V: Wolves of the Calla attended the university named",University of Maine,"[""The author of the novel The Dark Tower V: Wolves of the Calla is"", ""As an undergrad, Stephen King attended the university named""]","[""Stephen King|Stephen Edwin King|Richard Bachman|John Swithen|Richard Richard"", ""University of Maine|University of Maine at Orono|umaine.edu""]","[""Stephen King"", ""University of Maine""]"
twohopfact,88825,"As an undergrad, the author of the novel The Dark Tower VII: The Dark Tower attended the university named",University of Maine,"[""The author of the novel The Dark Tower VII: The Dark Tower is"", ""As an undergrad, Stephen King attended the university named""]","[""Stephen King|Stephen Edwin King|Richard Bachman|John Swithen|Richard Richard"", ""University of Maine|University of Maine at Orono|umaine.edu""]","[""Stephen King"", ""University of Maine""]"
twohopfact,88826,"As an undergrad, the author of the novel The Dark Tower VI: Song of Susannah attended the university named",University of Maine,"[""The author of the novel The Dark Tower VI: Song of Susannah is"", ""As an undergrad, Stephen King attended the university named""]","[""Stephen King|Stephen Edwin King|Richard Bachman|John Swithen|Richard Richard"", ""University of Maine|University of Maine at Orono|umaine.edu""]","[""Stephen King"", ""University of Maine""]"
twohopfact,88829,"As an undergrad, the author of the novel The Mist attended the university named",University of Maine,"[""The author of the novel The Mist is"", ""As an undergrad, Stephen King attended the university named""]","[""Stephen King|Stephen Edwin King|Richard Bachman|John Swithen|Richard Richard"", ""University of Maine|University of Maine at Orono|umaine.edu""]","[""Stephen King"", ""University of Maine""]"
twohopfact,91045,The city where Vladimir Putin was born is in the country of,Russia,"[""The city where Vladimir Putin was born is"", ""Saint Petersburg is in the country of""]","[""Saint Petersburg|St. Petersburg|Petrograd|Leningrad|Petersburg|Sankt-Peterburg|St Petersburg"", ""Russia|Rossiya|Rossija|RU|RUS|Rossijskaja Federatsija|Russian Federation|Rossiyskaya Federatsiya|RF|Российская Федерация|Россия|Federation of Russia""]","[""Leningrad (now Saint Petersburg)."", ""Russia""]"
twohopfact,91051,The city where Wolfgang Amadeus Mozart was born is in the country of,Austria,"[""The city where Wolfgang Amadeus Mozart was born is"", ""Salzburg is in the country of""]","[""Salzburg|Salzburg, Austria"", ""Austria|Republic of Austria|Österreich|Republik Österreich|AT|AUT|🇦🇹""]","[""Salzburg"", ""Austria""]"
twohopfact,91055,The city where Marilyn Monroe was born is in the country of,United States of America,"[""The city where Marilyn Monroe was born is"", ""Los Angeles is in the country of""]","[""Los Angeles|Los Angeles, California|Pink City|The town of Our Lady the Queen of the Angels of the Little Portion|La La Land|Tinsel Town|City of Angels|City of Los Angeles|LA, California|L.A.|LA|Double Dubuque|Los Ángeles|Los Angeles, CA"", ""United States of America|the United States of America|America|U.S.A.|USA|U.S.|US|the US|the USA|US of A|the United States|U. S. A.|U. S.|the States|the U.S.|United States|US of America|the U.S.A.|the US of America|the US of A|the U.S. of A|the U.S. of America|U.S. of America|Merica""]","[""Los Angeles."", ""United States""]"
twohopfact,91060,The city where Lionel Messi was born is in the country of,Argentina,"[""The city where Lionel Messi was born is"", ""Rosario is in the country of""]","[""Rosario|Rosario de Santa Fe"", ""Argentina|🇦🇷|ARG|Arjentina|AR|Argentine Republic|Republic of Argentina""]","[""Rosario, Argentina."", ""Argentina""]"
twohopfact,91071,The city where Beyoncé was born is in the country of,United States of America,"[""The city where Beyoncé was born is"", ""Houston is in the country of""]","[""Houston|Houston, Texas|Space City|H-Town|City of Houston|USHOU|Houston, TX|Houston TX"", ""United States of America|the United States of America|America|U.S.A.|USA|U.S.|US|the US|the USA|US of A|the United States|U. S. A.|U. S.|the States|the U.S.|United States|US of America|the U.S.A.|the US of America|the US of A|the U.S. of A|the U.S. of America|U.S. of America|Merica""]","[""Houston."", ""United States""]"
twohopfact,91072,The city where Angelina Jolie was born is in the country of,United States of America,"[""The city where Angelina Jolie was born is"", ""Los Angeles is in the country of""]","[""Los Angeles|Los Angeles, California|Pink City|The town of Our Lady the Queen of the Angels of the Little Portion|La La Land|Tinsel Town|City of Angels|City of Los Angeles|LA, California|L.A.|LA|Double Dubuque|Los Ángeles|Los Angeles, CA"", ""United States of America|the United States of America|America|U.S.A.|USA|U.S.|US|the US|the USA|US of A|the United States|U. S. A.|U. S.|the States|the U.S.|United States|US of America|the U.S.A.|the US of America|the US of A|the U.S. of A|the U.S. of America|U.S. of America|Merica""]","[""Los Angeles"", ""United States""]"
twohopfact,91073,The city where Kim Jong-un was born is in the country of,North Korea,"[""The city where Kim Jong-un was born is"", ""Pyongyang is in the country of""]","[""Pyongyang|Capital of Revolution|Ryugyong"", ""North Korea|🇰🇵|PRK|kp|Kore Demokratik Halk Cumhuriyeti|KDHC|Dem. Kore Cumhuriyeti|Kuzey Kore|Democratic People's Republic of Korea|DPRK|N. Korea|DPR Korea""]","[""Pyongyang."", ""North Korea""]"
twohopfact,91075,The city where Roger Federer was born is in the country of,Switzerland,"[""The city where Roger Federer was born is"", ""Basel is in the country of""]","[""Basel|Basle|Basel BS|Bâle"", ""Switzerland|Swiss Confederation|SUI|Swiss|CHE|CH|Confoederatio Helvetica""]","[""Basel, Switzerland."", ""Switzerland""]"
twohopfact,91078,The city where Novak Djokovic was born is in the country of,Serbia,"[""The city where Novak Djokovic was born is"", ""Belgrade is in the country of""]","[""Belgrade|City of Belgrade|Belgrade, Serbia|Beograd|Београд"", ""Serbia|Republic of Serbia|Republika Srbija|Srbija|SRB|RS""]","[""Belgrade"", ""Serbia""]"
twohopfact,91094,The city where Will Smith was born is in the country of,United States of America,"[""The city where Will Smith was born is"", ""Philadelphia is in the country of""]","[""Philadelphia|Philly|City of Brotherly Love|Cradle of Liberty|Philadelphia, Pennsylvania|City of Philadelphia|Philadelphia, PA|Philadelphia, Pa."", ""United States of America|the United States of America|America|U.S.A.|USA|U.S.|US|the US|the USA|US of A|the United States|U. S. A.|U. S.|the States|the U.S.|United States|US of America|the U.S.A.|the US of America|the US of A|the U.S. of A|the U.S. of America|U.S. of America|Merica""]","[""Philadelphia"", ""United States""]"
twohopfact,91098,The city where Sophia Loren was born is in the country of,Italy,"[""The city where Sophia Loren was born is"", ""Rome is in the country of""]","[""Rome|The Eternal City|Roma|Rome, Italy|City of Seven Hills"", ""Italy|Italia|Italian Republic|IT|🇮🇹|ITA|Republic of Italy|Repubblica Italiana""]","[""Rome"", ""Italy""]"
twohopfact,91101,The city where Michelle Obama was born is in the country of,United States of America,"[""The city where Michelle Obama was born is"", ""Chicago is in the country of""]","[""Chicago|Chicago, Illinois|The Windy City|City by the Lake|The Queen of the West|Chi-Town|Chitown|The Second City|City of Chicago|City of Broad Shoulders|Chi-Raq|Chicago, IL"", ""United States of America|the United States of America|America|U.S.A.|USA|U.S.|US|the US|the USA|US of A|the United States|U. S. A.|U. S.|the States|the U.S.|United States|US of America|the U.S.A.|the US of America|the US of A|the U.S. of A|the U.S. of America|U.S. of America|Merica""]","[""Chicago."", ""United States""]"
twohopfact,91124,The city where Felipe VI of Spain was born is in the country of,Spain,"[""The city where Felipe VI of Spain was born is"", ""Madrid is in the country of""]","[""Madrid|Madrid, Spain"", ""Spain|Kingdom of Spain|ES|ESP|🇪🇸""]","[""Madrid"", ""Spain""]"
twohopfact,91135,The city where Paris Hilton was born is in the country of,United States of America,"[""The city where Paris Hilton was born is"", ""New York City is in the country of""]","[""New York City|NYC|the five boroughs|Big Apple|City of New York|NY City|New York, New York|New York City, New York|New York, NY|New York City, NY|Caput Mundi|The City So Nice They Named It Twice|Capital of the World|New York|New York City (NYC)|New York (city)|Center of the Universe"", ""United States of America|the United States of America|America|U.S.A.|USA|U.S.|US|the US|the USA|US of A|the United States|U. S. A.|U. S.|the States|the U.S.|United States|US of America|the U.S.A.|the US of America|the US of A|the U.S. of A|the U.S. of America|U.S. of America|Merica""]","[""New York City."", ""United States""]"
twohopfact,91138,The city where Yukio Mishima was born is in the country of,Japan,"[""The city where Yukio Mishima was born is"", ""Tokyo is in the country of""]","[""Tokyo|City of Tokyo"", ""Japan|State of Japan|Land of the Rising Sun|Nihon|Nippon|JP|Nippon-koku|Nihon-koku|JPN|JAP|JA|🇯🇵|Iapan|Iapon|Land of Rising Sun""]","[""Tokyo"", ""Japan""]"
twohopfact,91142,The city where Michael Phelps was born is in the country of,United States of America,"[""The city where Michael Phelps was born is"", ""Baltimore is in the country of""]","[""Baltimore|Baltimore, Maryland|City of Baltimore|Baltimore City|Charm City|B more|Bmore|Baltimore, MD|Balt.|BAL|B'more"", ""United States of America|the United States of America|America|U.S.A.|USA|U.S.|US|the US|the USA|US of A|the United States|U. S. A.|U. S.|the States|the U.S.|United States|US of America|the U.S.A.|the US of America|the US of A|the U.S. of A|the U.S. of America|U.S. of America|Merica""]","[""Baltimore."", ""United States""]"
twohopfact,91145,The city where Björk was born is in the country of,Iceland,"[""The city where Björk was born is"", ""Reykjavík is in the country of""]","[""Reykjavík|Reykjavik|Reykjavíkurborg|Reykjavikurborg"", ""Iceland|Republic of Iceland|is|Island|🇮🇸|ISL|Ysland""]","[""Reykjavik"", ""Iceland""]"
twohopfact,91149,The city where Prince was born is in the country of,United States of America,"[""The city where Prince was born is"", ""Minneapolis is in the country of""]","[""Minneapolis|Minneapolis, Minnesota|Minneapolis, MN"", ""United States of America|the United States of America|America|U.S.A.|USA|U.S.|US|the US|the USA|US of A|the United States|U. S. A.|U. S.|the States|the U.S.|United States|US of America|the U.S.A.|the US of America|the US of A|the U.S. of A|the U.S. of America|U.S. of America|Merica""]","[""Minneapolis."", ""United States""]"
twohopfact,91158,The city where Andre Agassi was born is in the country of,United States of America,"[""The city where Andre Agassi was born is"", ""Las Vegas is in the country of""]","[""Las Vegas|Vegas|Las Vegas, Nevada|Sin City|City of Las Vegas|Las Vegas, NV|The Entertainment Capital of the World Sin City"", ""United States of America|the United States of America|America|U.S.A.|USA|U.S.|US|the US|the USA|US of A|the United States|U. S. A.|U. S.|the States|the U.S.|United States|US of America|the U.S.A.|the US of America|the US of A|the U.S. of A|the U.S. of America|U.S. of America|Merica""]","[""Las Vegas"", ""United States""]"
twohopfact,91167,The city where Chris Hemsworth was born is in the country of,Australia,"[""The city where Chris Hemsworth was born is"", ""Melbourne is in the country of""]","[""Melbourne|Melbourne, Victoria|Melbourne, Australia|Greater Melbourne|Melbourne, AUS|Naarm|Melbourne, Victoria, Australia|Melbourne, VIC|Melbourne, VIC, Australia|Narrm"", ""Australia|Commonwealth of Australia|AU|AUS|🇦🇺|Straya|Aussieland|Oz|Stralia|New Holland|New Hollandia|Nova Hollandia|Down Under""]","[""Melbourne."", ""Australia""]"
twohopfact,91179,The city where Bono was born is in the country of,Republic of Ireland,"[""The city where Bono was born is"", ""Dublin is in the country of""]","[""Dublin|Dublin city|City of Dublin|Baile Átha Cliath|Dublin, Ireland"", ""Republic of Ireland|Éire|IE|IRL|Hibernia|Ireland, Republic of|🇮🇪|Eire|Southern Ireland|Ireland (state)|Ireland""]","[""Dublin."", ""Ireland""]"
twohopfact,91183,The city where Romelu Lukaku was born is in the country of,Belgium,"[""The city where Romelu Lukaku was born is"", ""Antwerp is in the country of""]","[""Antwerp|City of Antwerp|Anvers|Antwerpen"", ""Belgium|Kingdom of Belgium|BEL|be|🇧🇪|Koninkrijk België|Royaume de Belgique|Königreich Belgien|Belgien""]","[""Antwerp."", ""Belgium""]"
twohopfact,91185,The city where Pierre Trudeau was born is in the country of,Canada,"[""The city where Pierre Trudeau was born is"", ""Montreal is in the country of""]","[""Montreal|Montréal|City of Montreal|Ville de Montréal|Ville de Montreal|Montreal, Quebec|Montreal, Canada"", ""Canada|CAN|CA""]","[""Montreal."", ""Canada""]"
twohopfact,91204,The city where Paolo Maldini was born is in the country of,Italy,"[""The city where Paolo Maldini was born is"", ""Milan is in the country of""]","[""Milan|Milano|Milano, Italy|Milan, Italy|Mailand"", ""Italy|Italia|Italian Republic|IT|🇮🇹|ITA|Republic of Italy|Repubblica Italiana""]","[""Milan."", ""Italy""]"
twohopfact,91206,The city where Sachin Tendulkar was born is in the country of,India,"[""The city where Sachin Tendulkar was born is"", ""Mumbai is in the country of""]","[""Mumbai|Bombay"", ""India|Republic of India|Bharat|Bharatvarsh|Hindustan|IN|IND|🇮🇳|Bharata|Hindoostan|Indostan|Bharat Ganarajya""]","[""Mumbai."", ""India""]"
twohopfact,91211,The city where Ethan Hawke was born is in the country of,United States of America,"[""The city where Ethan Hawke was born is"", ""Austin is in the country of""]","[""Austin|Austin, Texas|Austin, TX"", ""United States of America|the United States of America|America|U.S.A.|USA|U.S.|US|the US|the USA|US of A|the United States|U. S. A.|U. S.|the States|the U.S.|United States|US of America|the U.S.A.|the US of America|the US of A|the U.S. of A|the U.S. of America|U.S. of America|Merica""]","[""Austin, Texas."", ""United States""]"
twohopfact,91213,The city where Kajol was born is in the country of,India,"[""The city where Kajol was born is"", ""Mumbai is in the country of""]","[""Mumbai|Bombay"", ""India|Republic of India|Bharat|Bharatvarsh|Hindustan|IN|IND|🇮🇳|Bharata|Hindoostan|Indostan|Bharat Ganarajya""]","[""Mumbai"", ""India""]"
twohopfact,91223,The city where Constantine II of Greece was born is in the country of,Greece,"[""The city where Constantine II of Greece was born is"", ""Athens is in the country of""]","[""Athens|Athens city"", ""Greece|Hellenic Republic|Hellas|gr|el|🇬🇷|Greek Republic|GRE|Ellada|Greek""]","[""Athens"", ""Greece""]"
twohopfact,91228,The city where Shraddha Kapoor was born is in the country of,India,"[""The city where Shraddha Kapoor was born is"", ""Mumbai is in the country of""]","[""Mumbai|Bombay"", ""India|Republic of India|Bharat|Bharatvarsh|Hindustan|IN|IND|🇮🇳|Bharata|Hindoostan|Indostan|Bharat Ganarajya""]","[""Mumbai."", ""India""]"
twohopfact,91235,The city where Ana Ivanovic was born is in the country of,Serbia,"[""The city where Ana Ivanovic was born is"", ""Belgrade is in the country of""]","[""Belgrade|City of Belgrade|Belgrade, Serbia|Beograd|Београд"", ""Serbia|Republic of Serbia|Republika Srbija|Srbija|SRB|RS""]","[""Belgrade"", ""Serbia""]"
twohopfact,91245,The city where Kylie Jenner was born is in the country of,United States of America,"[""The city where Kylie Jenner was born is"", ""Los Angeles is in the country of""]","[""Los Angeles|Los Angeles, California|Pink City|The town of Our Lady the Queen of the Angels of the Little Portion|La La Land|Tinsel Town|City of Angels|City of Los Angeles|LA, California|L.A.|LA|Double Dubuque|Los Ángeles|Los Angeles, CA"", ""United States of America|the United States of America|America|U.S.A.|USA|U.S.|US|the US|the USA|US of A|the United States|U. S. A.|U. S.|the States|the U.S.|United States|US of America|the U.S.A.|the US of America|the US of A|the U.S. of A|the U.S. of America|U.S. of America|Merica""]","[""Los Angeles"", ""United States""]"
twohopfact,91252,The city where Jeffrey Dahmer was born is in the country of,United States of America,"[""The city where Jeffrey Dahmer was born is"", ""Milwaukee is in the country of""]","[""Milwaukee|Milwaukee, Wisconsin|Milwaukee City, Wisconsin|Milwaükee|Milwaukee, WI"", ""United States of America|the United States of America|America|U.S.A.|USA|U.S.|US|the US|the USA|US of A|the United States|U. S. A.|U. S.|the States|the U.S.|United States|US of America|the U.S.A.|the US of America|the US of A|the U.S. of A|the U.S. of America|U.S. of America|Merica""]","[""Milwaukee."", ""United States""]"
twohopfact,91254,The city where Laura Dern was born is in the country of,United States of America,"[""The city where Laura Dern was born is"", ""Los Angeles is in the country of""]","[""Los Angeles|Los Angeles, California|Pink City|The town of Our Lady the Queen of the Angels of the Little Portion|La La Land|Tinsel Town|City of Angels|City of Los Angeles|LA, California|L.A.|LA|Double Dubuque|Los Ángeles|Los Angeles, CA"", ""United States of America|the United States of America|America|U.S.A.|USA|U.S.|US|the US|the USA|US of A|the United States|U. S. A.|U. S.|the States|the U.S.|United States|US of America|the U.S.A.|the US of America|the US of A|the U.S. of A|the U.S. of America|U.S. of America|Merica""]","[""Los Angeles"", ""United States""]"
twohopfact,91253,The city where Billy Joel was born is in the country of,United States of America,"[""The city where Billy Joel was born is"", ""New York City is in the country of""]","[""New York City|NYC|the five boroughs|Big Apple|City of New York|NY City|New York, New York|New York City, New York|New York, NY|New York City, NY|Caput Mundi|The City So Nice They Named It Twice|Capital of the World|New York|New York City (NYC)|New York (city)|Center of the Universe"", ""United States of America|the United States of America|America|U.S.A.|USA|U.S.|US|the US|the USA|US of A|the United States|U. S. A.|U. S.|the States|the U.S.|United States|US of America|the U.S.A.|the US of America|the US of A|the U.S. of A|the U.S. of America|U.S. of America|Merica""]","[""Harrison, New York."", ""United States""]"
twohopfact,91276,The city where Tomáš Rosický was born is in the country of,Czech Republic,"[""The city where Tomáš Rosický was born is"", ""Prague is in the country of""]","[""Prague|Praha|Hlavní město Praha|City of Prague"", ""Czech Republic|CZR|Česko|Česká republika|ČR|CZE|CZ|Czechia""]","[""Praha"", ""Czech Republic""]"
twohopfact,91278,The city where Kasper Schmeichel was born is in the country of,Denmark,"[""The city where Kasper Schmeichel was born is"", ""Copenhagen is in the country of""]","[""Copenhagen|København|CPH|Köpenhamn|Kööpenhamina|Kopenhagen|Kobenhavn|Köbenhavn|Hafnia|Hafn|Havn|Copenhagen, Denmark|Kjöb|Kjöb.|Kjöbenhavn"", ""Denmark|DK|Danmark|DNK|DEK|🇩🇰|DEN|TAN|Denmark proper|metropolitan Denmark""]","[""Copenhagen"", ""Denmark""]"
twohopfact,91282,The city where Liam Hemsworth was born is in the country of,Australia,"[""The city where Liam Hemsworth was born is"", ""Melbourne is in the country of""]","[""Melbourne|Melbourne, Victoria|Melbourne, Australia|Greater Melbourne|Melbourne, AUS|Naarm|Melbourne, Victoria, Australia|Melbourne, VIC|Melbourne, VIC, Australia|Narrm"", ""Australia|Commonwealth of Australia|AU|AUS|🇦🇺|Straya|Aussieland|Oz|Stralia|New Holland|New Hollandia|Nova Hollandia|Down Under""]","[""Melbourne"", ""Australia""]"
twohopfact,91287,The city where Chris Cornell was born is in the country of,United States of America,"[""The city where Chris Cornell was born is"", ""Seattle is in the country of""]","[""Seattle|Seattle, Washington|Seattle, WA|Duwamps|New York Alki"", ""United States of America|the United States of America|America|U.S.A.|USA|U.S.|US|the US|the USA|US of A|the United States|U. S. A.|U. S.|the States|the U.S.|United States|US of America|the U.S.A.|the US of America|the US of A|the U.S. of A|the U.S. of America|U.S. of America|Merica""]","[""Seattle"", ""United States""]"
twohopfact,91289,The city where Julia Stiles was born is in the country of,United States of America,"[""The city where Julia Stiles was born is"", ""New York City is in the country of""]","[""New York City|NYC|the five boroughs|Big Apple|City of New York|NY City|New York, New York|New York City, New York|New York, NY|New York City, NY|Caput Mundi|The City So Nice They Named It Twice|Capital of the World|New York|New York City (NYC)|New York (city)|Center of the Universe"", ""United States of America|the United States of America|America|U.S.A.|USA|U.S.|US|the US|the USA|US of A|the United States|U. S. A.|U. S.|the States|the U.S.|United States|US of America|the U.S.A.|the US of America|the US of A|the U.S. of A|the U.S. of America|U.S. of America|Merica""]","[""New York City."", ""United States""]"
twohopfact,91303,The city where Khloé Kardashian was born is in the country of,United States of America,"[""The city where Khloé Kardashian was born is"", ""Los Angeles is in the country of""]","[""Los Angeles|Los Angeles, California|Pink City|The town of Our Lady the Queen of the Angels of the Little Portion|La La Land|Tinsel Town|City of Angels|City of Los Angeles|LA, California|L.A.|LA|Double Dubuque|Los Ángeles|Los Angeles, CA"", ""United States of America|the United States of America|America|U.S.A.|USA|U.S.|US|the US|the USA|US of A|the United States|U. S. A.|U. S.|the States|the U.S.|United States|US of America|the U.S.A.|the US of America|the US of A|the U.S. of A|the U.S. of America|U.S. of America|Merica""]","[""Los Angeles"", ""United States""]"
twohopfact,91329,The city where Agnieszka Radwańska was born is in the country of,Poland,"[""The city where Agnieszka Radwańska was born is"", ""Kraków is in the country of""]","[""Kraków|Cracow|Krakow|Royal City of Kraków|Royal Capital City of Kraków|Krakau|Kroke|Cracovie|Cracovia|Krakov|Krakiv|Krakkó|Krakova|Krako|Krakoy|Krakuv"", ""Poland|POL|Republic of Poland|PL|Polska|🇵🇱""]","[""Krakow"", ""Poland""]"
twohopfact,91333,The city where Uwe Seeler was born is in the country of,Germany,"[""The city where Uwe Seeler was born is"", ""Hamburg is in the country of""]","[""Hamburg|Free and Hanseatic City of Hamburg|Hamburg, Germany|Hamburg, Freie und Hansestadt"", ""Germany|Federal Republic of Germany|Deutschland|GER|BR Deutschland|DE|BRD|Bundesrepublik Deutschland|GFR""]","[""Hamburg"", ""Germany""]"
twohopfact,91332,The city where Eiður Guðjohnsen was born is in the country of,Iceland,"[""The city where Eiður Guðjohnsen was born is"", ""Reykjavík is in the country of""]","[""Reykjavík|Reykjavik|Reykjavíkurborg|Reykjavikurborg"", ""Iceland|Republic of Iceland|is|Island|🇮🇸|ISL|Ysland""]","[""Reykjavik"", ""Iceland""]"
twohopfact,91334,The city where Christian Vieri was born is in the country of,Italy,"[""The city where Christian Vieri was born is"", ""Bologna is in the country of""]","[""Bologna|Bologna, Italy"", ""Italy|Italia|Italian Republic|IT|🇮🇹|ITA|Republic of Italy|Repubblica Italiana""]","[""Bologna."", ""Italy""]"
twohopfact,91338,The city where Kourtney Kardashian was born is in the country of,United States of America,"[""The city where Kourtney Kardashian was born is"", ""Los Angeles is in the country of""]","[""Los Angeles|Los Angeles, California|Pink City|The town of Our Lady the Queen of the Angels of the Little Portion|La La Land|Tinsel Town|City of Angels|City of Los Angeles|LA, California|L.A.|LA|Double Dubuque|Los Ángeles|Los Angeles, CA"", ""United States of America|the United States of America|America|U.S.A.|USA|U.S.|US|the US|the USA|US of A|the United States|U. S. A.|U. S.|the States|the U.S.|United States|US of America|the U.S.A.|the US of America|the US of A|the U.S. of A|the U.S. of America|U.S. of America|Merica""]","[""Los Angeles"", ""United States""]"
twohopfact,91342,The city where Carlos Sainz Jr. was born is in the country of,Spain,"[""The city where Carlos Sainz Jr. was born is"", ""Madrid is in the country of""]","[""Madrid|Madrid, Spain"", ""Spain|Kingdom of Spain|ES|ESP|🇪🇸""]","[""Madrid"", ""Spain""]"
twohopfact,91350,The city where Domhnall Gleeson was born is in the country of,Republic of Ireland,"[""The city where Domhnall Gleeson was born is"", ""Dublin is in the country of""]","[""Dublin|Dublin city|City of Dublin|Baile Átha Cliath|Dublin, Ireland"", ""Republic of Ireland|Éire|IE|IRL|Hibernia|Ireland, Republic of|🇮🇪|Eire|Southern Ireland|Ireland (state)|Ireland""]","[""Dublin"", ""Ireland""]"
twohopfact,91355,The city where Kim Soo-hyun was born is in the country of,South Korea,"[""The city where Kim Soo-hyun was born is"", ""Seoul is in the country of""]","[""Seoul|Seoul City|Sŏul T'ŭkpyŏlsi|Wiryeseong|Namgyeong|Hanseong|Hanyang|Keijō|Keijou|Gyeongseong"", ""South Korea|Republic of Korea|ROK|kr|Rep. Korea|S. Korea|Korea Republic|🇰🇷|KOR|Hanguk|Daehan Minguk|Daehanminguk|SK|Korea (South)""]","[""Seoul"", ""South Korea""]"
twohopfact,91360,The city where Rafinha was born is in the country of,Brazil,"[""The city where Rafinha was born is"", ""São Paulo is in the country of""]","[""São Paulo|Sao Paulo|São Paulo city"", ""Brazil|Federative Republic of Brazil|BR|BRA|🇧🇷|Brasil""]","[""São Paulo."", ""Brazil""]"
twohopfact,91361,The city where Magda Goebbels was born is in the country of,Germany,"[""The city where Magda Goebbels was born is"", ""Berlin is in the country of""]","[""Berlin|Berlin, Germany|Berlin (Germany)|DE-BE"", ""Germany|Federal Republic of Germany|Deutschland|GER|BR Deutschland|DE|BRD|Bundesrepublik Deutschland|GFR""]","[""Berlin"", ""Germany""]"
twohopfact,91366,The city where Asia Argento was born is in the country of,Italy,"[""The city where Asia Argento was born is"", ""Rome is in the country of""]","[""Rome|The Eternal City|Roma|Rome, Italy|City of Seven Hills"", ""Italy|Italia|Italian Republic|IT|🇮🇹|ITA|Republic of Italy|Repubblica Italiana""]","[""Rome"", ""Italy""]"
twohopfact,91377,The city where Jonas Gahr Støre was born is in the country of,Norway,"[""The city where Jonas Gahr Støre was born is"", ""Oslo is in the country of""]","[""Oslo|Christiania|Kristiania|NOOSL|Oslo, Norway"", ""Norway|Kingdom of Norway|NO|NOR|🇳🇴""]","[""Oslo"", ""Norway""]"
twohopfact,91397,The city where Dušan Petković was born is in the country of,Serbia,"[""The city where Dušan Petković was born is"", ""Belgrade is in the country of""]","[""Belgrade|City of Belgrade|Belgrade, Serbia|Beograd|Београд"", ""Serbia|Republic of Serbia|Republika Srbija|Srbija|SRB|RS""]","[""Belgrade"", ""Serbia""]"
twohopfact,91400,The city where Leander Paes was born is in the country of,India,"[""The city where Leander Paes was born is"", ""Kolkata is in the country of""]","[""Kolkata|Calcutta|City of Palaces|City of Processions|City of Joy"", ""India|Republic of India|Bharat|Bharatvarsh|Hindustan|IN|IND|🇮🇳|Bharata|Hindoostan|Indostan|Bharat Ganarajya""]","[""Kolkata."", ""India""]"
twohopfact,91407,The city where Esha Deol was born is in the country of,India,"[""The city where Esha Deol was born is"", ""Mumbai is in the country of""]","[""Mumbai|Bombay"", ""India|Republic of India|Bharat|Bharatvarsh|Hindustan|IN|IND|🇮🇳|Bharata|Hindoostan|Indostan|Bharat Ganarajya""]","[""Mumbai."", ""India""]"
twohopfact,91413,The city where Tommy Haas was born is in the country of,Germany,"[""The city where Tommy Haas was born is"", ""Hamburg is in the country of""]","[""Hamburg|Free and Hanseatic City of Hamburg|Hamburg, Germany|Hamburg, Freie und Hansestadt"", ""Germany|Federal Republic of Germany|Deutschland|GER|BR Deutschland|DE|BRD|Bundesrepublik Deutschland|GFR""]","[""Hamburg"", ""Germany""]"
twohopfact,91415,The city where Infanta Cristina of Spain was born is in the country of,Spain,"[""The city where Infanta Cristina of Spain was born is"", ""Madrid is in the country of""]","[""Madrid|Madrid, Spain"", ""Spain|Kingdom of Spain|ES|ESP|🇪🇸""]","[""Madrid"", ""Spain""]"
twohopfact,91423,The city where Gavin Newsom was born is in the country of,United States of America,"[""The city where Gavin Newsom was born is"", ""San Francisco is in the country of""]","[""San Francisco|San Francisco, California|The City by the Bay|SF|SFO|The Golden City|Paris of the West|Baghdad by the Bay|San Francisco County|San Francisco County, California|San Fran|Frisco|City and County of San Francisco|San Francisco, CA"", ""United States of America|the United States of America|America|U.S.A.|USA|U.S.|US|the US|the USA|US of A|the United States|U. S. A.|U. S.|the States|the U.S.|United States|US of America|the U.S.A.|the US of America|the US of A|the U.S. of A|the U.S. of America|U.S. of America|Merica""]","[""San Francisco"", ""United States""]"
twohopfact,91429,The city where Vladimír Weiss was born is in the country of,Slovakia,"[""The city where Vladimír Weiss was born is"", ""Bratislava is in the country of""]","[""Bratislava|Pressburg|Pozsony|Presburg"", ""Slovakia|Slovak Republic|sk|🇸🇰|SVK|Slovakia (Slovak Republic)""]","[""Bratislava"", ""Slovakia""]"
twohopfact,91446,The city where Kjetil André Aamodt was born is in the country of,Norway,"[""The city where Kjetil André Aamodt was born is"", ""Oslo is in the country of""]","[""Oslo|Christiania|Kristiania|NOOSL|Oslo, Norway"", ""Norway|Kingdom of Norway|NO|NOR|🇳🇴""]","[""Oslo"", ""Norway""]"
twohopfact,91451,The city where John Carradine was born is in the country of,United States of America,"[""The city where John Carradine was born is"", ""New York City is in the country of""]","[""New York City|NYC|the five boroughs|Big Apple|City of New York|NY City|New York, New York|New York City, New York|New York, NY|New York City, NY|Caput Mundi|The City So Nice They Named It Twice|Capital of the World|New York|New York City (NYC)|New York (city)|Center of the Universe"", ""United States of America|the United States of America|America|U.S.A.|USA|U.S.|US|the US|the USA|US of A|the United States|U. S. A.|U. S.|the States|the U.S.|United States|US of America|the U.S.A.|the US of America|the US of A|the U.S. of A|the U.S. of America|U.S. of America|Merica""]","[""New York City"", ""United States""]"
twohopfact,91453,The city where Lee Byung-hun was born is in the country of,South Korea,"[""The city where Lee Byung-hun was born is"", ""Seoul is in the country of""]","[""Seoul|Seoul City|Sŏul T'ŭkpyŏlsi|Wiryeseong|Namgyeong|Hanseong|Hanyang|Keijō|Keijou|Gyeongseong"", ""South Korea|Republic of Korea|ROK|kr|Rep. Korea|S. Korea|Korea Republic|🇰🇷|KOR|Hanguk|Daehan Minguk|Daehanminguk|SK|Korea (South)""]","[""Seoul"", ""South Korea""]"
twohopfact,91455,The city where Anna May Wong was born is in the country of,United States of America,"[""The city where Anna May Wong was born is"", ""Los Angeles is in the country of""]","[""Los Angeles|Los Angeles, California|Pink City|The town of Our Lady the Queen of the Angels of the Little Portion|La La Land|Tinsel Town|City of Angels|City of Los Angeles|LA, California|L.A.|LA|Double Dubuque|Los Ángeles|Los Angeles, CA"", ""United States of America|the United States of America|America|U.S.A.|USA|U.S.|US|the US|the USA|US of A|the United States|U. S. A.|U. S.|the States|the U.S.|United States|US of America|the U.S.A.|the US of America|the US of A|the U.S. of A|the U.S. of America|U.S. of America|Merica""]","[""Los Angeles"", ""United States""]"
twohopfact,91462,The city where Francesco Guardi was born is in the country of,Italy,"[""The city where Francesco Guardi was born is"", ""Venice is in the country of""]","[""Venice|Serenissima|Venezia|Venexia|Venetia|Venice, Italy"", ""Italy|Italia|Italian Republic|IT|🇮🇹|ITA|Republic of Italy|Repubblica Italiana""]","[""Venice."", ""Italy""]"
twohopfact,91465,The city where Ernests Gulbis was born is in the country of,Latvia,"[""The city where Ernests Gulbis was born is"", ""Riga is in the country of""]","[""Riga|Rīga|Ryga|Rige|Riia|Rija|Rīgõ"", ""Latvia|lv|🇱🇻|LVA|Leţmо̄ Vabāmо̄|Leţmо̄|Republic of Latvia|Latvian Republic|Latvija|LAT|Latveja|Latvijas Republika|Latvejas Republika""]","[""Riga, Latvia."", ""Latvia""]"
twohopfact,91481,The city where Tori Spelling was born is in the country of,United States of America,"[""The city where Tori Spelling was born is"", ""Los Angeles is in the country of""]","[""Los Angeles|Los Angeles, California|Pink City|The town of Our Lady the Queen of the Angels of the Little Portion|La La Land|Tinsel Town|City of Angels|City of Los Angeles|LA, California|L.A.|LA|Double Dubuque|Los Ángeles|Los Angeles, CA"", ""United States of America|the United States of America|America|U.S.A.|USA|U.S.|US|the US|the USA|US of A|the United States|U. S. A.|U. S.|the States|the U.S.|United States|US of America|the U.S.A.|the US of America|the US of A|the U.S. of A|the U.S. of America|U.S. of America|Merica""]","[""Los Angeles"", ""United States""]"
twohopfact,91485,The city where Solange Knowles was born is in the country of,United States of America,"[""The city where Solange Knowles was born is"", ""Houston is in the country of""]","[""Houston|Houston, Texas|Space City|H-Town|City of Houston|USHOU|Houston, TX|Houston TX"", ""United States of America|the United States of America|America|U.S.A.|USA|U.S.|US|the US|the USA|US of A|the United States|U. S. A.|U. S.|the States|the U.S.|United States|US of America|the U.S.A.|the US of America|the US of A|the U.S. of A|the U.S. of America|U.S. of America|Merica""]","[""Houston."", ""United States""]"
twohopfact,91505,The city where László Cseh was born is in the country of,Hungary,"[""The city where László Cseh was born is"", ""Budapest is in the country of""]","[""Budapest|Buda Pest|Buda-Pest|Budapešť|Budapesta|Budapeszt|Buda|Ofen|Budín|Budim|Budon|Pest|Pešť|Pešta|Alt-Ofen|Budapest, Hungary|Buda-Pesth"", ""Hungary|hu|🇭🇺|HUN""]","[""Budapest"", ""Hungary""]"
twohopfact,91510,The city where Janhvi Kapoor was born is in the country of,India,"[""The city where Janhvi Kapoor was born is"", ""Mumbai is in the country of""]","[""Mumbai|Bombay"", ""India|Republic of India|Bharat|Bharatvarsh|Hindustan|IN|IND|🇮🇳|Bharata|Hindoostan|Indostan|Bharat Ganarajya""]","[""Mumbai."", ""India""]"
twohopfact,91511,The city where Steffen Iversen was born is in the country of,Norway,"[""The city where Steffen Iversen was born is"", ""Oslo is in the country of""]","[""Oslo|Christiania|Kristiania|NOOSL|Oslo, Norway"", ""Norway|Kingdom of Norway|NO|NOR|🇳🇴""]","[""Oslo"", ""Norway""]"
twohopfact,91524,The city where Princess Sara Ali Khan of Bhopal was born is in the country of,India,"[""The city where Princess Sara Ali Khan of Bhopal was born is"", ""Mumbai is in the country of""]","[""Mumbai|Bombay"", ""India|Republic of India|Bharat|Bharatvarsh|Hindustan|IN|IND|🇮🇳|Bharata|Hindoostan|Indostan|Bharat Ganarajya""]","[""Mumbai."", ""India""]"
twohopfact,91548,The city where Maria de Medeiros was born is in the country of,Portugal,"[""The city where Maria de Medeiros was born is"", ""Lisbon is in the country of""]","[""Lisbon|Lisboa"", ""Portugal|Portuguese Republic|PT|🇵🇹|PRT|POR""]","[""Lisbon"", ""Portugal""]"
twohopfact,91556,The city where Luke Hemsworth was born is in the country of,Australia,"[""The city where Luke Hemsworth was born is"", ""Melbourne is in the country of""]","[""Melbourne|Melbourne, Victoria|Melbourne, Australia|Greater Melbourne|Melbourne, AUS|Naarm|Melbourne, Victoria, Australia|Melbourne, VIC|Melbourne, VIC, Australia|Narrm"", ""Australia|Commonwealth of Australia|AU|AUS|🇦🇺|Straya|Aussieland|Oz|Stralia|New Holland|New Hollandia|Nova Hollandia|Down Under""]","[""Melbourne"", ""Australia""]"
twohopfact,91569,The city where Rob Kardashian was born is in the country of,United States of America,"[""The city where Rob Kardashian was born is"", ""Los Angeles is in the country of""]","[""Los Angeles|Los Angeles, California|Pink City|The town of Our Lady the Queen of the Angels of the Little Portion|La La Land|Tinsel Town|City of Angels|City of Los Angeles|LA, California|L.A.|LA|Double Dubuque|Los Ángeles|Los Angeles, CA"", ""United States of America|the United States of America|America|U.S.A.|USA|U.S.|US|the US|the USA|US of A|the United States|U. S. A.|U. S.|the States|the U.S.|United States|US of America|the U.S.A.|the US of America|the US of A|the U.S. of A|the U.S. of America|U.S. of America|Merica""]","[""Los Angeles"", ""United States""]"
twohopfact,91577,The city where Al-Saadi Gaddafi was born is in the country of,Libya,"[""The city where Al-Saadi Gaddafi was born is"", ""Tripoli is in the country of""]","[""Tripoli|Tarabulus"", ""Libya|State of Libya|ly|🇱🇾|LBA""]","[""Tripoli."", ""Libya""]"
twohopfact,91592,The city where Ronnie Whelan was born is in the country of,Republic of Ireland,"[""The city where Ronnie Whelan was born is"", ""Dublin is in the country of""]","[""Dublin|Dublin city|City of Dublin|Baile Átha Cliath|Dublin, Ireland"", ""Republic of Ireland|Éire|IE|IRL|Hibernia|Ireland, Republic of|🇮🇪|Eire|Southern Ireland|Ireland (state)|Ireland""]","[""Dublin"", ""Ireland""]"
twohopfact,91628,The city where Matti Järvinen was born is in the country of,Finland,"[""The city where Matti Järvinen was born is"", ""Tampere is in the country of""]","[""Tampere|Tammerfors"", ""Finland|Republic of Finland|Finnia|Land of Thousand Lakes|fi|Suomi|Suomen tasavalta|Republiken Finland|🇫🇮|FIN""]","[""Tampere"", ""Finland""]"
twohopfact,91629,The city where Daniel Maldini was born is in the country of,Italy,"[""The city where Daniel Maldini was born is"", ""Milan is in the country of""]","[""Milan|Milano|Milano, Italy|Milan, Italy|Mailand"", ""Italy|Italia|Italian Republic|IT|🇮🇹|ITA|Republic of Italy|Repubblica Italiana""]","[""Milan."", ""Italy""]"
twohopfact,91636,The city where Lisa Dahlkvist was born is in the country of,Sweden,"[""The city where Lisa Dahlkvist was born is"", ""Stockholm is in the country of""]","[""Stockholm|Sthlm"", ""Sweden|Kingdom of Sweden|🇸🇪|SE|SWE|Sverige|Konungariket Sverige""]","[""Stockholm, Sweden"", ""Sweden""]"
twohopfact,91639,The city where Albert Guðmundsson was born is in the country of,Iceland,"[""The city where Albert Guðmundsson was born is"", ""Reykjavík is in the country of""]","[""Reykjavík|Reykjavik|Reykjavíkurborg|Reykjavikurborg"", ""Iceland|Republic of Iceland|is|Island|🇮🇸|ISL|Ysland""]","[""Reykjavik"", ""Iceland""]"
twohopfact,91641,The city where Birabongse Bhanudej was born is in the country of,Thailand,"[""The city where Birabongse Bhanudej was born is"", ""Bangkok is in the country of""]","[""Bangkok|Bangkok, Thailand|Krung Thep|Krung Thep Maha Nakhon|Sia-Yut'hia|Krungthepmahanakhon Amonrattanakosin Mahintharayutthaya Mahadilokphop Noppharatratchathaniburirom Udomratchaniwetmahasathan Amonphimanawatansathit Sakkathattiyawitsanukamprasit"", ""Thailand|Kingdom of Thailand|th|Siam|🇹🇭|Land of Smiles|THA""]","[""Bangkok"", ""Thailand""]"
twohopfact,91653,The city where Roland Sallai was born is in the country of,Hungary,"[""The city where Roland Sallai was born is"", ""Budapest is in the country of""]","[""Budapest|Buda Pest|Buda-Pest|Budapešť|Budapesta|Budapeszt|Buda|Ofen|Budín|Budim|Budon|Pest|Pešť|Pešta|Alt-Ofen|Budapest, Hungary|Buda-Pesth"", ""Hungary|hu|🇭🇺|HUN""]","[""Budapest"", ""Hungary""]"
twohopfact,91663,The city where Amir Reza Abedzadeh was born is in the country of,Iran,"[""The city where Amir Reza Abedzadeh was born is"", ""Tehran is in the country of""]","[""Tehran|Teheran|Ṭihrán"", ""Iran|Islamic Republic of Iran|Persia|ir|Islamic Rep. Iran|🇮🇷|irn""]","[""Tehran"", ""Iran.""]"
twohopfact,91666,The city where Zurab Khizanishvili was born is in the country of,Georgia,"[""The city where Zurab Khizanishvili was born is"", ""Tbilisi is in the country of""]","[""Tbilisi|Tiflis|Tpilisi|Tbilissi|Tpilissi"", ""Georgia|Republic of Georgia|GE|🇬🇪|GEO|Georgia (country)|Sakartvelo""]","[""Tbilisi."", ""Georgia""]"
twohopfact,91671,The city where Tracee Ellis Ross was born is in the country of,United States of America,"[""The city where Tracee Ellis Ross was born is"", ""Los Angeles is in the country of""]","[""Los Angeles|Los Angeles, California|Pink City|The town of Our Lady the Queen of the Angels of the Little Portion|La La Land|Tinsel Town|City of Angels|City of Los Angeles|LA, California|L.A.|LA|Double Dubuque|Los Ángeles|Los Angeles, CA"", ""United States of America|the United States of America|America|U.S.A.|USA|U.S.|US|the US|the USA|US of A|the United States|U. S. A.|U. S.|the States|the U.S.|United States|US of America|the U.S.A.|the US of America|the US of A|the U.S. of A|the U.S. of America|U.S. of America|Merica""]","[""Los Angeles"", ""United States""]"
twohopfact,91682,The city where Bruno Rezende was born is in the country of,Brazil,"[""The city where Bruno Rezende was born is"", ""Rio de Janeiro is in the country of""]","[""Rio de Janeiro|Rio|Rio de Janeiro city|Río de Janeiro City|City of Río de Janeiro"", ""Brazil|Federative Republic of Brazil|BR|BRA|🇧🇷|Brasil""]","[""Rio de Janeiro"", ""Brazil""]"
twohopfact,91683,The city where Attila Szalai was born is in the country of,Hungary,"[""The city where Attila Szalai was born is"", ""Budapest is in the country of""]","[""Budapest|Buda Pest|Buda-Pest|Budapešť|Budapesta|Budapeszt|Buda|Ofen|Budín|Budim|Budon|Pest|Pešť|Pešta|Alt-Ofen|Budapest, Hungary|Buda-Pesth"", ""Hungary|hu|🇭🇺|HUN""]","[""Budapest"", ""Hungary""]"
twohopfact,91697,The city where Ken Tokura was born is in the country of,Japan,"[""The city where Ken Tokura was born is"", ""Tokyo is in the country of""]","[""Tokyo|City of Tokyo"", ""Japan|State of Japan|Land of the Rising Sun|Nihon|Nippon|JP|Nippon-koku|Nihon-koku|JPN|JAP|JA|🇯🇵|Iapan|Iapon|Land of Rising Sun""]","[""Tokyo"", ""Japan""]"
twohopfact,91704,The city where Martins Dukurs was born is in the country of,Latvia,"[""The city where Martins Dukurs was born is"", ""Riga is in the country of""]","[""Riga|Rīga|Ryga|Rige|Riia|Rija|Rīgõ"", ""Latvia|lv|🇱🇻|LVA|Leţmо̄ Vabāmо̄|Leţmо̄|Republic of Latvia|Latvian Republic|Latvija|LAT|Latveja|Latvijas Republika|Latvejas Republika""]","[""Riga, Latvia"", ""Latvia""]"
twohopfact,91742,The city where František Veselý was born is in the country of,Czech Republic,"[""The city where František Veselý was born is"", ""Prague is in the country of""]","[""Prague|Praha|Hlavní město Praha|City of Prague"", ""Czech Republic|CZR|Česko|Česká republika|ČR|CZE|CZ|Czechia""]","[""Praha"", ""Czech Republic""]"
twohopfact,91747,The city where Kelly Sildaru was born is in the country of,Estonia,"[""The city where Kelly Sildaru was born is"", ""Tallinn is in the country of""]","[""Tallinn|Reval|Revel|Rewel|Kolywan|Lyndanisse|Lindanäs|Reuel|Tallinn, Estonia"", ""Estonia|Republic of Estonia|Estland|Eesti|ee|EST|🇪🇪|Eesti Vabariik""]","[""Tallinn, Estonia"", ""Estonia""]"
twohopfact,91758,The city where Tibor Benedek was born is in the country of,Hungary,"[""The city where Tibor Benedek was born is"", ""Budapest is in the country of""]","[""Budapest|Buda Pest|Buda-Pest|Budapešť|Budapesta|Budapeszt|Buda|Ofen|Budín|Budim|Budon|Pest|Pešť|Pešta|Alt-Ofen|Budapest, Hungary|Buda-Pesth"", ""Hungary|hu|🇭🇺|HUN""]","[""Budapest"", ""Hungary""]"
twohopfact,91771,The city where Katja Nyberg was born is in the country of,Sweden,"[""The city where Katja Nyberg was born is"", ""Stockholm is in the country of""]","[""Stockholm|Sthlm"", ""Sweden|Kingdom of Sweden|🇸🇪|SE|SWE|Sverige|Konungariket Sverige""]","[""Stockholm"", ""Sweden""]"
twohopfact,91792,The city where Taylor Phinney was born is in the country of,United States of America,"[""The city where Taylor Phinney was born is"", ""Boulder is in the country of""]","[""Boulder|Boulder, Colorado|Boulder, CO"", ""United States of America|the United States of America|America|U.S.A.|USA|U.S.|US|the US|the USA|US of A|the United States|U. S. A.|U. S.|the States|the U.S.|United States|US of America|the U.S.A.|the US of America|the US of A|the U.S. of A|the U.S. of America|U.S. of America|Merica""]","[""Boulder, Colorado."", ""United States""]"
twohopfact,91805,The city where Petr Kouba was born is in the country of,Czech Republic,"[""The city where Petr Kouba was born is"", ""Prague is in the country of""]","[""Prague|Praha|Hlavní město Praha|City of Prague"", ""Czech Republic|CZR|Česko|Česká republika|ČR|CZE|CZ|Czechia""]","[""Praha"", ""Czech Republic""]"
twohopfact,91831,The city where Tamir Cohen was born is in the country of,Israel,"[""The city where Tamir Cohen was born is"", ""Tel Aviv is in the country of""]","[""Tel Aviv|Tel Aviv-Yafo|Tel-Aviv|Tel Aviv City|Tel Aviv-Jaffa|Tel-Aviv Jaffa|Tel Aviv Jaffa|Tel Aviv-Jafo|Tel Aviv, Israel|TLV"", ""Israel|State of Israel|il|🇮🇱|the Jewish state|ISR""]","[""Tel Aviv."", ""Israel""]"
twohopfact,91842,The city where Guy Thys was born is in the country of,Belgium,"[""The city where Guy Thys was born is"", ""Antwerp is in the country of""]","[""Antwerp|City of Antwerp|Anvers|Antwerpen"", ""Belgium|Kingdom of Belgium|BEL|be|🇧🇪|Koninkrijk België|Royaume de Belgique|Königreich Belgien|Belgien""]","[""Antwerp."", ""Belgium""]"
twohopfact,91843,The city where Jabari Parker was born is in the country of,United States of America,"[""The city where Jabari Parker was born is"", ""Chicago is in the country of""]","[""Chicago|Chicago, Illinois|The Windy City|City by the Lake|The Queen of the West|Chi-Town|Chitown|The Second City|City of Chicago|City of Broad Shoulders|Chi-Raq|Chicago, IL"", ""United States of America|the United States of America|America|U.S.A.|USA|U.S.|US|the US|the USA|US of A|the United States|U. S. A.|U. S.|the States|the U.S.|United States|US of America|the U.S.A.|the US of America|the US of A|the U.S. of A|the U.S. of America|U.S. of America|Merica""]","[""Chicago"", ""United States""]"
twohopfact,91846,The city where Andrea Temesvári was born is in the country of,Hungary,"[""The city where Andrea Temesvári was born is"", ""Budapest is in the country of""]","[""Budapest|Buda Pest|Buda-Pest|Budapešť|Budapesta|Budapeszt|Buda|Ofen|Budín|Budim|Budon|Pest|Pešť|Pešta|Alt-Ofen|Budapest, Hungary|Buda-Pesth"", ""Hungary|hu|🇭🇺|HUN""]","[""Budapest"", ""Hungary""]"
twohopfact,91848,The city where Fredrik Gulbrandsen was born is in the country of,Norway,"[""The city where Fredrik Gulbrandsen was born is"", ""Oslo is in the country of""]","[""Oslo|Christiania|Kristiania|NOOSL|Oslo, Norway"", ""Norway|Kingdom of Norway|NO|NOR|🇳🇴""]","[""Oslo"", ""Norway""]"
twohopfact,91882,The city where Andrea Gyarmati was born is in the country of,Hungary,"[""The city where Andrea Gyarmati was born is"", ""Budapest is in the country of""]","[""Budapest|Buda Pest|Buda-Pest|Budapešť|Budapesta|Budapeszt|Buda|Ofen|Budín|Budim|Budon|Pest|Pešť|Pešta|Alt-Ofen|Budapest, Hungary|Buda-Pesth"", ""Hungary|hu|🇭🇺|HUN""]","[""Budapest"", ""Hungary""]"
twohopfact,91905,The city where Jalen Rose was born is in the country of,United States of America,"[""The city where Jalen Rose was born is"", ""Detroit is in the country of""]","[""Detroit|Motor City|Detroit, Michigan|Detroiit|Detroit, MI|The D|City of Detroit"", ""United States of America|the United States of America|America|U.S.A.|USA|U.S.|US|the US|the USA|US of A|the United States|U. S. A.|U. S.|the States|the U.S.|United States|US of America|the U.S.A.|the US of America|the US of A|the U.S. of A|the U.S. of America|U.S. of America|Merica""]","[""Detroit"", ""United States""]"
twohopfact,91906,The city where Teppo Numminen was born is in the country of,Finland,"[""The city where Teppo Numminen was born is"", ""Tampere is in the country of""]","[""Tampere|Tammerfors"", ""Finland|Republic of Finland|Finnia|Land of Thousand Lakes|fi|Suomi|Suomen tasavalta|Republiken Finland|🇫🇮|FIN""]","[""Tampere"", ""Finland""]"
twohopfact,91907,The city where Patrick Thoresen was born is in the country of,Norway,"[""The city where Patrick Thoresen was born is"", ""Oslo is in the country of""]","[""Oslo|Christiania|Kristiania|NOOSL|Oslo, Norway"", ""Norway|Kingdom of Norway|NO|NOR|🇳🇴""]","[""Oslo"", ""Norway""]"
twohopfact,91912,The city where Mike Comrie was born is in the country of,Canada,"[""The city where Mike Comrie was born is"", ""Edmonton is in the country of""]","[""Edmonton|Edmonton, Alberta|Edmonton, AB|City of Edmonton"", ""Canada|CAN|CA""]","[""Edmonton, Alberta."", ""Canada""]"
twohopfact,91943,The city where Răzvan Marin was born is in the country of,Romania,"[""The city where Răzvan Marin was born is"", ""Bucharest is in the country of""]","[""Bucharest|Little Paris|Paris of the East|București|Bucureşti|Bucuresti|Bucharest, Romania"", ""Romania|Roumania|Rumania|România|ro|🇷🇴""]","[""Bucharest"", ""Romania""]"
twohopfact,91970,The city where Steve Young was born is in the country of,United States of America,"[""The city where Steve Young was born is"", ""Salt Lake City is in the country of""]","[""Salt Lake City|Salt Lake|SLC|Salt Lake City, Utah|Salt Lake City, UT"", ""United States of America|the United States of America|America|U.S.A.|USA|U.S.|US|the US|the USA|US of A|the United States|U. S. A.|U. S.|the States|the U.S.|United States|US of America|the U.S.A.|the US of America|the US of A|the U.S. of A|the U.S. of America|U.S. of America|Merica""]","[""Salt Lake City"", ""United States""]"
twohopfact,91976,The city where Georgia May Jagger was born is in the country of,United Kingdom,"[""The city where Georgia May Jagger was born is"", ""London is in the country of""]","[""London|London, UK|London, United Kingdom|London, England|London UK|London U.K.|Greater London|Londinium|Loñ|Lundenwic|Londinio|Londini|Londiniensium|Augusta|Trinovantum|Kaerlud|Karelundein|Lunden|Big Smoke|the Big Smoke|Lundenburh|Lundenburgh|Llyn Dain|Llan Dian|Londinion|Loniniensi|Lon.|Loñ.|Lond.|LDN"", ""United Kingdom|🇬🇧|UK|United Kingdom of Great Britain and Northern Ireland|U.K.|GBR|GB|U. K.|U K|G.B.|G. B.|G B|Great Britain|G.B.R.|G B R|Britain|Great Britain and Northern Ireland|The United Kingdom of Great Britain and Northern Ireland|The UK""]","[""London"", ""United Kingdom""]"
twohopfact,91979,The city where Dávid Verrasztó was born is in the country of,Hungary,"[""The city where Dávid Verrasztó was born is"", ""Budapest is in the country of""]","[""Budapest|Buda Pest|Buda-Pest|Budapešť|Budapesta|Budapeszt|Buda|Ofen|Budín|Budim|Budon|Pest|Pešť|Pešta|Alt-Ofen|Budapest, Hungary|Buda-Pesth"", ""Hungary|hu|🇭🇺|HUN""]","[""Budapest"", ""Hungary""]"
twohopfact,92033,The city where Gary Payton II was born is in the country of,United States of America,"[""The city where Gary Payton II was born is"", ""Seattle is in the country of""]","[""Seattle|Seattle, Washington|Seattle, WA|Duwamps|New York Alki"", ""United States of America|the United States of America|America|U.S.A.|USA|U.S.|US|the US|the USA|US of A|the United States|U. S. A.|U. S.|the States|the U.S.|United States|US of America|the U.S.A.|the US of America|the US of A|the U.S. of A|the U.S. of America|U.S. of America|Merica""]","[""Seattle"", ""United States""]"
twohopfact,92034,The city where Petr Pála was born is in the country of,Czech Republic,"[""The city where Petr Pála was born is"", ""Prague is in the country of""]","[""Prague|Praha|Hlavní město Praha|City of Prague"", ""Czech Republic|CZR|Česko|Česká republika|ČR|CZE|CZ|Czechia""]","[""Prague"", ""Czech Republic""]"
twohopfact,92041,The city where István Szívós Jr. was born is in the country of,Hungary,"[""The city where István Szívós Jr. was born is"", ""Budapest is in the country of""]","[""Budapest|Buda Pest|Buda-Pest|Budapešť|Budapesta|Budapeszt|Buda|Ofen|Budín|Budim|Budon|Pest|Pešť|Pešta|Alt-Ofen|Budapest, Hungary|Buda-Pesth"", ""Hungary|hu|🇭🇺|HUN""]","[""Budapest"", ""Hungary""]"
twohopfact,92062,The city where Melike İpek Yalova was born is in the country of,Turkey,"[""The city where Melike İpek Yalova was born is"", ""Istanbul is in the country of""]","[""Istanbul|Constantinople|Scarlet Apple"", ""Turkey|TUR|TR|Republic of Türkiye|Türkiye|Republic of Turkey""]","[""Istanbul."", ""Turkey""]"
twohopfact,92063,The city where Carling Bassett-Seguso was born is in the country of,Canada,"[""The city where Carling Bassett-Seguso was born is"", ""Toronto is in the country of""]","[""Toronto|City of Toronto|The Six|T-O|The 416|Hogtown|Toronto, Ontario|Toronto, ON|Toronto, Canada"", ""Canada|CAN|CA""]","[""Toronto."", ""Canada""]"
twohopfact,92071,The city where Jan Šimůnek was born is in the country of,Czech Republic,"[""The city where Jan Šimůnek was born is"", ""Prague is in the country of""]","[""Prague|Praha|Hlavní město Praha|City of Prague"", ""Czech Republic|CZR|Česko|Česká republika|ČR|CZE|CZ|Czechia""]","[""Prague"", ""Czech Republic""]"
twohopfact,92091,The city where Tomass Dukurs was born is in the country of,Latvia,"[""The city where Tomass Dukurs was born is"", ""Riga is in the country of""]","[""Riga|Rīga|Ryga|Rige|Riia|Rija|Rīgõ"", ""Latvia|lv|🇱🇻|LVA|Leţmо̄ Vabāmо̄|Leţmо̄|Republic of Latvia|Latvian Republic|Latvija|LAT|Latveja|Latvijas Republika|Latvejas Republika""]","[""Riga, Latvia"", ""Latvia""]"
twohopfact,92095,The city where Rickson Gracie was born is in the country of,Brazil,"[""The city where Rickson Gracie was born is"", ""Rio de Janeiro is in the country of""]","[""Rio de Janeiro|Rio|Rio de Janeiro city|Río de Janeiro City|City of Río de Janeiro"", ""Brazil|Federative Republic of Brazil|BR|BRA|🇧🇷|Brasil""]","[""Rio de Janeiro"", ""Brazil""]"
twohopfact,92096,The city where Tamás Kovács was born is in the country of,Hungary,"[""The city where Tamás Kovács was born is"", ""Budapest is in the country of""]","[""Budapest|Buda Pest|Buda-Pest|Budapešť|Budapesta|Budapeszt|Buda|Ofen|Budín|Budim|Budon|Pest|Pešť|Pešta|Alt-Ofen|Budapest, Hungary|Buda-Pesth"", ""Hungary|hu|🇭🇺|HUN""]","[""Budapest"", ""Hungary""]"
twohopfact,92097,The city where Atli Eðvaldsson was born is in the country of,Iceland,"[""The city where Atli Eðvaldsson was born is"", ""Reykjavík is in the country of""]","[""Reykjavík|Reykjavik|Reykjavíkurborg|Reykjavikurborg"", ""Iceland|Republic of Iceland|is|Island|🇮🇸|ISL|Ysland""]","[""Reykjavik"", ""Iceland""]"
twohopfact,92124,The city where Elin Nordegren was born is in the country of,Sweden,"[""The city where Elin Nordegren was born is"", ""Stockholm is in the country of""]","[""Stockholm|Sthlm"", ""Sweden|Kingdom of Sweden|🇸🇪|SE|SWE|Sverige|Konungariket Sverige""]","[""Stockholm, Sweden"", ""Sweden""]"
twohopfact,92144,The city where Tamer Hosny was born is in the country of,Egypt,"[""The city where Tamer Hosny was born is"", ""Cairo is in the country of""]","[""Cairo|Cairo, Egypt"", ""Egypt|Republic of Egypt|eg|EGY|🇪🇬|Arab Republic of Egypt|Arab Rep. Egypt|Rep. Egypt""]","[""Cairo"", ""Egypt""]"
twohopfact,92150,The city where Lucy DeVito was born is in the country of,United States of America,"[""The city where Lucy DeVito was born is"", ""New York City is in the country of""]","[""New York City|NYC|the five boroughs|Big Apple|City of New York|NY City|New York, New York|New York City, New York|New York, NY|New York City, NY|Caput Mundi|The City So Nice They Named It Twice|Capital of the World|New York|New York City (NYC)|New York (city)|Center of the Universe"", ""United States of America|the United States of America|America|U.S.A.|USA|U.S.|US|the US|the USA|US of A|the United States|U. S. A.|U. S.|the States|the U.S.|United States|US of America|the U.S.A.|the US of America|the US of A|the U.S. of A|the U.S. of America|U.S. of America|Merica""]","[""New York City"", ""United States""]"
twohopfact,92162,The city where Eduard Azaryan was born is in the country of,Armenia,"[""The city where Eduard Azaryan was born is"", ""Yerevan is in the country of""]","[""Yerevan|Erivan|Erevan|The Pink City|Irevan|Iravan"", ""Armenia|🇦🇲|Hayastan|Republic of Armenia|ARM|AM|Hayastani Hanrapetut’yun""]","[""Erevan."", ""Armenia.""]"
twohopfact,92164,The city where Luis Regueiro was born is in the country of,Mexico,"[""The city where Luis Regueiro was born is"", ""Mexico City is in the country of""]","[""Mexico City|Mexico D.F.|Ciudad de México|City of Mexico|Mexico City, Mexico|CDMX|Mexico"", ""Mexico|MX|United Mexican States|Mexican Republic|MEX|🇲🇽|US of M|MXN""]","[""Mexico City"", ""Mexico""]"
twohopfact,92173,The city where Ivana Maksimović was born is in the country of,Serbia,"[""The city where Ivana Maksimović was born is"", ""Belgrade is in the country of""]","[""Belgrade|City of Belgrade|Belgrade, Serbia|Beograd|Београд"", ""Serbia|Republic of Serbia|Republika Srbija|Srbija|SRB|RS""]","[""Belgrade"", ""Serbia""]"
twohopfact,92196,The city where Rodrigo Ābols was born is in the country of,Latvia,"[""The city where Rodrigo Ābols was born is"", ""Riga is in the country of""]","[""Riga|Rīga|Ryga|Rige|Riia|Rija|Rīgõ"", ""Latvia|lv|🇱🇻|LVA|Leţmо̄ Vabāmо̄|Leţmо̄|Republic of Latvia|Latvian Republic|Latvija|LAT|Latveja|Latvijas Republika|Latvejas Republika""]","[""I cannot verify which city Rodrigo Ābols was born in."", ""Latvia""]"
twohopfact,92232,The city where Tanel Sokk was born is in the country of,Estonia,"[""The city where Tanel Sokk was born is"", ""Tallinn is in the country of""]","[""Tallinn|Reval|Revel|Rewel|Kolywan|Lyndanisse|Lindanäs|Reuel|Tallinn, Estonia"", ""Estonia|Republic of Estonia|Estland|Eesti|ee|EST|🇪🇪|Eesti Vabariik""]","[""Tallinn."", ""Estonia""]"
twohopfact,92237,The city where Ja'Net DuBois was born is in the country of,United States of America,"[""The city where Ja'Net DuBois was born is"", ""Philadelphia is in the country of""]","[""Philadelphia|Philly|City of Brotherly Love|Cradle of Liberty|Philadelphia, Pennsylvania|City of Philadelphia|Philadelphia, PA|Philadelphia, Pa."", ""United States of America|the United States of America|America|U.S.A.|USA|U.S.|US|the US|the USA|US of A|the United States|U. S. A.|U. S.|the States|the U.S.|United States|US of America|the U.S.A.|the US of America|the US of A|the U.S. of A|the U.S. of America|U.S. of America|Merica""]","[""Philadelphia"", ""United States""]"
twohopfact,92271,The city where Sung Ji-hyun was born is in the country of,South Korea,"[""The city where Sung Ji-hyun was born is"", ""Seoul is in the country of""]","[""Seoul|Seoul City|Sŏul T'ŭkpyŏlsi|Wiryeseong|Namgyeong|Hanseong|Hanyang|Keijō|Keijou|Gyeongseong"", ""South Korea|Republic of Korea|ROK|kr|Rep. Korea|S. Korea|Korea Republic|🇰🇷|KOR|Hanguk|Daehan Minguk|Daehanminguk|SK|Korea (South)""]","[""Seoul"", ""South Korea""]"
twohopfact,92316,The city where Zhang Peimeng was born is in the country of,People's Republic of China,"[""The city where Zhang Peimeng was born is"", ""Beijing is in the country of""]","[""Beijing|Peking|Beiping|Peiping|Yanjing|Zhongdu|Khanbaliq|BJ|Pekin|Shuntian|Shuntianfu|Shuntian Fu|Pe-king|Pei-p'ing|Pei-ping|Peip'ing|Pei-ching|Yan-ching|Yanking|Chung-tu|Chungtu|Khanbalik|Shun-t'ien|Shun-tien"", ""People's Republic of China|China|CN|PR China|PRC|CHN|🇨🇳|China PR|Mainland China|RPC""]","[""Beijing"", ""China""]"
twohopfact,92319,The city where Matteo Rizzo was born is in the country of,Italy,"[""The city where Matteo Rizzo was born is"", ""Rome is in the country of""]","[""Rome|The Eternal City|Roma|Rome, Italy|City of Seven Hills"", ""Italy|Italia|Italian Republic|IT|🇮🇹|ITA|Republic of Italy|Repubblica Italiana""]","[""Rome"", ""Italy""]"
twohopfact,92324,The city where Rita Keszthelyi was born is in the country of,Hungary,"[""The city where Rita Keszthelyi was born is"", ""Budapest is in the country of""]","[""Budapest|Buda Pest|Buda-Pest|Budapešť|Budapesta|Budapeszt|Buda|Ofen|Budín|Budim|Budon|Pest|Pešť|Pešta|Alt-Ofen|Budapest, Hungary|Buda-Pesth"", ""Hungary|hu|🇭🇺|HUN""]","[""Budapest"", ""Hungary""]"
twohopfact,92341,The city where Peder Lunde was born is in the country of,Norway,"[""The city where Peder Lunde was born is"", ""Oslo is in the country of""]","[""Oslo|Christiania|Kristiania|NOOSL|Oslo, Norway"", ""Norway|Kingdom of Norway|NO|NOR|🇳🇴""]","[""Oslo"", ""Norway""]"
twohopfact,92353,The city where Georgy Mshveniyeradze was born is in the country of,Georgia,"[""The city where Georgy Mshveniyeradze was born is"", ""Tbilisi is in the country of""]","[""Tbilisi|Tiflis|Tpilisi|Tbilissi|Tpilissi"", ""Georgia|Republic of Georgia|GE|🇬🇪|GEO|Georgia (country)|Sakartvelo""]","[""Tbilisi."", ""Georgia""]"
twohopfact,92362,The city where Ildikó Farkasinszky-Bóbis was born is in the country of,Hungary,"[""The city where Ildikó Farkasinszky-Bóbis was born is"", ""Budapest is in the country of""]","[""Budapest|Buda Pest|Buda-Pest|Budapešť|Budapesta|Budapeszt|Buda|Ofen|Budín|Budim|Budon|Pest|Pešť|Pešta|Alt-Ofen|Budapest, Hungary|Buda-Pesth"", ""Hungary|hu|🇭🇺|HUN""]","[""Budapest"", ""Hungary""]"
twohopfact,92371,The city where Shota Matsuda was born is in the country of,Japan,"[""The city where Shota Matsuda was born is"", ""Tokyo is in the country of""]","[""Tokyo|Tōkyō|Tôkyô|Tokyo-to|Tokyo Metropolitan prefecture|Tōkyō-to|Tôkyô-to|Tokyo Metropolis|Tokio|Tokyo Prefecture|Tokyo, Japan|Tokei|Tokyo (Japan)"", ""Japan|State of Japan|Land of the Rising Sun|Nihon|Nippon|JP|Nippon-koku|Nihon-koku|JPN|JAP|JA|🇯🇵|Iapan|Iapon|Land of Rising Sun""]","[""Tokyo"", ""Japan""]"
twohopfact,92372,The city where Martin Åslund was born is in the country of,Sweden,"[""The city where Martin Åslund was born is"", ""Stockholm is in the country of""]","[""Stockholm|Sthlm"", ""Sweden|Kingdom of Sweden|🇸🇪|SE|SWE|Sverige|Konungariket Sverige""]","[""Stockholm"", ""Sweden""]"
twohopfact,92389,The city where Kjetil Wæhler was born is in the country of,Norway,"[""The city where Kjetil Wæhler was born is"", ""Oslo is in the country of""]","[""Oslo|Christiania|Kristiania|NOOSL|Oslo, Norway"", ""Norway|Kingdom of Norway|NO|NOR|🇳🇴""]","[""Oslo"", ""Norway""]"
twohopfact,92395,The city where Vencislav Simeonov was born is in the country of,Bulgaria,"[""The city where Vencislav Simeonov was born is"", ""Plovdiv is in the country of""]","[""Plovdiv|Philippopolis|Filibe"", ""Bulgaria|BGR|BUL|Republic of Bulgaria|bg|🇧🇬""]","[""Plovdiv."", ""Bulgaria""]"
twohopfact,92403,The city where Daniel Fredheim Holm was born is in the country of,Norway,"[""The city where Daniel Fredheim Holm was born is"", ""Oslo is in the country of""]","[""Oslo|Christiania|Kristiania|NOOSL|Oslo, Norway"", ""Norway|Kingdom of Norway|NO|NOR|🇳🇴""]","[""Oslo"", ""Norway""]"
twohopfact,92432,"The city where Miloslav Mečíř, Jr. was born is in the country of",Czech Republic,"[""The city where Miloslav Mečíř, Jr. was born is"", ""Prague is in the country of""]","[""Prague|Praha|Hlavní město Praha|City of Prague"", ""Czech Republic|CZR|Česko|Česká republika|ČR|CZE|CZ|Czechia""]","[""Prague"", ""Czech Republic""]"
twohopfact,92437,The city where Royler Gracie was born is in the country of,Brazil,"[""The city where Royler Gracie was born is"", ""Rio de Janeiro is in the country of""]","[""Rio de Janeiro|Rio|Rio de Janeiro city|Río de Janeiro City|City of Río de Janeiro"", ""Brazil|Federative Republic of Brazil|BR|BRA|🇧🇷|Brasil""]","[""Rio de Janeiro"", ""Brazil""]"
twohopfact,92444,The city where Héctor Guerrero was born is in the country of,Mexico,"[""The city where Héctor Guerrero was born is"", ""Mexico City is in the country of""]","[""Mexico City|Mexico D.F.|Ciudad de México|City of Mexico|Mexico City, Mexico|CDMX|Mexico"", ""Mexico|MX|United Mexican States|Mexican Republic|MEX|🇲🇽|US of M|MXN""]","[""Mexico City"", ""Mexico""]"
twohopfact,92454,The city where Martina Centofanti was born is in the country of,Italy,"[""The city where Martina Centofanti was born is"", ""Rome is in the country of""]","[""Rome|The Eternal City|Roma|Rome, Italy|City of Seven Hills"", ""Italy|Italia|Italian Republic|IT|🇮🇹|ITA|Republic of Italy|Repubblica Italiana""]","[""Rome"", ""Italy""]"
twohopfact,92459,The city where Vetle Vinje was born is in the country of,Norway,"[""The city where Vetle Vinje was born is"", ""Oslo is in the country of""]","[""Oslo|Christiania|Kristiania|NOOSL|Oslo, Norway"", ""Norway|Kingdom of Norway|NO|NOR|🇳🇴""]","[""Oslo"", ""Norway""]"
twohopfact,92468,The city where Liliána Szilágyi was born is in the country of,Hungary,"[""The city where Liliána Szilágyi was born is"", ""Budapest is in the country of""]","[""Budapest|Buda Pest|Buda-Pest|Budapešť|Budapesta|Budapeszt|Buda|Ofen|Budín|Budim|Budon|Pest|Pešť|Pešta|Alt-Ofen|Budapest, Hungary|Buda-Pesth"", ""Hungary|hu|🇭🇺|HUN""]","[""Budapest"", ""Hungary""]"
twohopfact,92470,The city where Xande Silva was born is in the country of,Portugal,"[""The city where Xande Silva was born is"", ""Porto is in the country of""]","[""Porto|Oporto|Porto Municipality"", ""Portugal|Portuguese Republic|PT|🇵🇹|PRT|POR""]","[""Porto"", ""Portugal""]"
twohopfact,92479,The city where Artūrs Karašausks was born is in the country of,Latvia,"[""The city where Artūrs Karašausks was born is"", ""Riga is in the country of""]","[""Riga|Rīga|Ryga|Rige|Riia|Rija|Rīgõ"", ""Latvia|lv|🇱🇻|LVA|Leţmо̄ Vabāmо̄|Leţmо̄|Republic of Latvia|Latvian Republic|Latvija|LAT|Latveja|Latvijas Republika|Latvejas Republika""]","[""Riga"", ""Latvia""]"
twohopfact,92494,The city where Orri Óskarsson was born is in the country of,Iceland,"[""The city where Orri Óskarsson was born is"", ""Reykjavík is in the country of""]","[""Reykjavík|Reykjavik|Reykjavíkurborg|Reykjavikurborg"", ""Iceland|Republic of Iceland|is|Island|🇮🇸|ISL|Ysland""]","[""Reykjavik"", ""Iceland""]"
twohopfact,92503,The city where Triin Aljand was born is in the country of,Estonia,"[""The city where Triin Aljand was born is"", ""Tallinn is in the country of""]","[""Tallinn|Reval|Revel|Rewel|Kolywan|Lyndanisse|Lindanäs|Reuel|Tallinn, Estonia"", ""Estonia|Republic of Estonia|Estland|Eesti|ee|EST|🇪🇪|Eesti Vabariik""]","[""Tallinn."", ""Estonia""]"
twohopfact,92518,The city where Zsuzsa Jánosi was born is in the country of,Hungary,"[""The city where Zsuzsa Jánosi was born is"", ""Budapest is in the country of""]","[""Budapest|Buda Pest|Buda-Pest|Budapešť|Budapesta|Budapeszt|Buda|Ofen|Budín|Budim|Budon|Pest|Pešť|Pešta|Alt-Ofen|Budapest, Hungary|Buda-Pesth"", ""Hungary|hu|🇭🇺|HUN""]","[""Budapest"", ""Hungary""]"
twohopfact,92532,The city where Makoto Tezuka was born is in the country of,Japan,"[""The city where Makoto Tezuka was born is"", ""Tokyo is in the country of""]","[""Tokyo|City of Tokyo"", ""Japan|State of Japan|Land of the Rising Sun|Nihon|Nippon|JP|Nippon-koku|Nihon-koku|JPN|JAP|JA|🇯🇵|Iapan|Iapon|Land of Rising Sun""]","[""Tokyo"", ""Japan""]"
twohopfact,92553,The city where Alin Stoica was born is in the country of,Romania,"[""The city where Alin Stoica was born is"", ""Bucharest is in the country of""]","[""Bucharest|Little Paris|Paris of the East|București|Bucureşti|Bucuresti|Bucharest, Romania"", ""Romania|Roumania|Rumania|România|ro|🇷🇴""]","[""Bucharest"", ""Romania""]"
twohopfact,92568,The city where Kristaps Valters was born is in the country of,Latvia,"[""The city where Kristaps Valters was born is"", ""Riga is in the country of""]","[""Riga|Rīga|Ryga|Rige|Riia|Rija|Rīgõ"", ""Latvia|lv|🇱🇻|LVA|Leţmо̄ Vabāmо̄|Leţmо̄|Republic of Latvia|Latvian Republic|Latvija|LAT|Latveja|Latvijas Republika|Latvejas Republika""]","[""Riga, Latvia"", ""Latvia""]"
twohopfact,92588,The city where Jan Bártů was born is in the country of,Czech Republic,"[""The city where Jan Bártů was born is"", ""Prague is in the country of""]","[""Prague|Praha|Hlavní město Praha|City of Prague"", ""Czech Republic|CZR|Česko|Česká republika|ČR|CZE|CZ|Czechia""]","[""Praha"", ""Czech Republic""]"
twohopfact,92592,The city where János Kalmár was born is in the country of,Hungary,"[""The city where János Kalmár was born is"", ""Budapest is in the country of""]","[""Budapest|Buda Pest|Buda-Pest|Budapešť|Budapesta|Budapeszt|Buda|Ofen|Budín|Budim|Budon|Pest|Pešť|Pešta|Alt-Ofen|Budapest, Hungary|Buda-Pesth"", ""Hungary|hu|🇭🇺|HUN""]","[""Budapest"", ""Hungary""]"
twohopfact,92598,The city where Tomáš Šimkovič was born is in the country of,Slovakia,"[""The city where Tomáš Šimkovič was born is"", ""Bratislava is in the country of""]","[""Bratislava|Pressburg|Pozsony|Presburg"", ""Slovakia|Slovak Republic|sk|🇸🇰|SVK|Slovakia (Slovak Republic)""]","[""Bratislava"", ""Slovakia""]"
twohopfact,92605,The city where Martti Aljand was born is in the country of,Estonia,"[""The city where Martti Aljand was born is"", ""Tallinn is in the country of""]","[""Tallinn|Reval|Revel|Rewel|Kolywan|Lyndanisse|Lindanäs|Reuel|Tallinn, Estonia"", ""Estonia|Republic of Estonia|Estland|Eesti|ee|EST|🇪🇪|Eesti Vabariik""]","[""Tallinn"", ""Estonia""]"
twohopfact,92611,The city where Kaspars Vecvagars was born is in the country of,Latvia,"[""The city where Kaspars Vecvagars was born is"", ""Riga is in the country of""]","[""Riga|Rīga|Ryga|Rige|Riia|Rija|Rīgõ"", ""Latvia|lv|🇱🇻|LVA|Leţmо̄ Vabāmо̄|Leţmо̄|Republic of Latvia|Latvian Republic|Latvija|LAT|Latveja|Latvijas Republika|Latvejas Republika""]","[""Riga"", ""Latvia""]"
twohopfact,92618,The city where Pavel Ermolinskij was born is in the country of,Ukraine,"[""The city where Pavel Ermolinskij was born is"", ""Kyiv is in the country of""]","[""Kyiv|Kyjiv|Kyyiv|Kyjiw|Kyiw|Kyïv|Kief|Kieff|Kiew|Kioff|Kiof|Kiowia|Kiovia|Kiow|Kiou|Kyїv|Kiyev|Kiev"", ""Ukraine|UA|UKR|Ukrainia|🇺🇦|Ukr.|Ukraina|the Ukraine|Ukraïna|Urkrain""]","[""Kiev (Ukraine)"", ""Ukraine""]"
twohopfact,92636,The city where Sten-Timmu Sokk was born is in the country of,Estonia,"[""The city where Sten-Timmu Sokk was born is"", ""Tallinn is in the country of""]","[""Tallinn|Reval|Revel|Rewel|Kolywan|Lyndanisse|Lindanäs|Reuel|Tallinn, Estonia"", ""Estonia|Republic of Estonia|Estland|Eesti|ee|EST|🇪🇪|Eesti Vabariik""]","[""Tallinn"", ""Estonia""]"
twohopfact,92637,The city where Christos Donis was born is in the country of,Greece,"[""The city where Christos Donis was born is"", ""Athens is in the country of""]","[""Athens|Athens city"", ""Greece|Hellenic Republic|Hellas|gr|el|🇬🇷|Greek Republic|GRE|Ellada|Greek""]","[""Athens"", ""Greece""]"
twohopfact,92651,The city where El Hijo del Santo was born is in the country of,Mexico,"[""The city where El Hijo del Santo was born is"", ""Mexico City is in the country of""]","[""Mexico City|Mexico D.F.|Ciudad de México|City of Mexico|Mexico City, Mexico|CDMX|Mexico"", ""Mexico|MX|United Mexican States|Mexican Republic|MEX|🇲🇽|US of M|MXN""]","[""Mexico City"", ""Mexico""]"
twohopfact,92659,The city where Bachana Tskhadadze was born is in the country of,Georgia,"[""The city where Bachana Tskhadadze was born is"", ""Tbilisi is in the country of""]","[""Tbilisi|Tiflis|Tpilisi|Tbilissi|Tpilissi"", ""Georgia|Republic of Georgia|GE|🇬🇪|GEO|Georgia (country)|Sakartvelo""]","[""Tbilisi."", ""Georgia.""]"
twohopfact,92673,The city where Shenia Minevskaja was born is in the country of,Belarus,"[""The city where Shenia Minevskaja was born is"", ""Minsk is in the country of""]","[""Minsk|Мінск|Менск|Минск|Mińsk|Minskas|Mensk|Miensk"", ""Belarus|🇧🇾|White Russia|White Ruthenia|Republic of Belarus|by|Byeloruss|BLR|Bielorussia|Belorussia|Byelorussia|Respublika Belarus'|Respublika Bielaruś|Bielaruś""]","[""Minsk."", ""Belarus""]"
twohopfact,92677,The city where Bethenny Frankel was born is in the country of,United States of America,"[""The city where Bethenny Frankel was born is"", ""New York City is in the country of""]","[""New York City|NYC|the five boroughs|Big Apple|City of New York|NY City|New York, New York|New York City, New York|New York, NY|New York City, NY|Caput Mundi|The City So Nice They Named It Twice|Capital of the World|New York|New York City (NYC)|New York (city)|Center of the Universe"", ""United States of America|the United States of America|America|U.S.A.|USA|U.S.|US|the US|the USA|US of A|the United States|U. S. A.|U. S.|the States|the U.S.|United States|US of America|the U.S.A.|the US of America|the US of A|the U.S. of A|the U.S. of America|U.S. of America|Merica""]","[""New York City"", ""United States""]"
twohopfact,92679,The city where Jiří Jeslínek was born is in the country of,Czech Republic,"[""The city where Jiří Jeslínek was born is"", ""Prague is in the country of""]","[""Prague|Praha|Hlavní město Praha|City of Prague"", ""Czech Republic|CZR|Česko|Česká republika|ČR|CZE|CZ|Czechia""]","[""Prague"", ""Czech Republic""]"
twohopfact,92695,The city where Cherie Gil was born is in the country of,Philippines,"[""The city where Cherie Gil was born is"", ""Manila is in the country of""]","[""Manila|City of Manila|Pearl of the Orient|Queen City of the Pacific and others"", ""Philippines|PH|🇵🇭|Republic of the Philippines|The Philippines|Philippine Islands|PHL|PHI|RP""]","[""Manila"", ""Philippines""]"
twohopfact,92705,The city where Harijs Vītoliņš was born is in the country of,Latvia,"[""The city where Harijs Vītoliņš was born is"", ""Riga is in the country of""]","[""Riga|Rīga|Ryga|Rige|Riia|Rija|Rīgõ"", ""Latvia|lv|🇱🇻|LVA|Leţmо̄ Vabāmо̄|Leţmо̄|Republic of Latvia|Latvian Republic|Latvija|LAT|Latveja|Latvijas Republika|Latvejas Republika""]","[""Riga"", ""Latvia""]"
twohopfact,92719,The city where Arjun Tendulkar was born is in the country of,India,"[""The city where Arjun Tendulkar was born is"", ""Mumbai is in the country of""]","[""Mumbai|Bombay"", ""India|Republic of India|Bharat|Bharatvarsh|Hindustan|IN|IND|🇮🇳|Bharata|Hindoostan|Indostan|Bharat Ganarajya""]","[""Mumbai"", ""India""]"
twohopfact,92736,The city where Géza Mészöly was born is in the country of,Hungary,"[""The city where Géza Mészöly was born is"", ""Budapest is in the country of""]","[""Budapest|Buda Pest|Buda-Pest|Budapešť|Budapesta|Budapeszt|Buda|Ofen|Budín|Budim|Budon|Pest|Pešť|Pešta|Alt-Ofen|Budapest, Hungary|Buda-Pesth"", ""Hungary|hu|🇭🇺|HUN""]","[""Budapest"", ""Hungary""]"
twohopfact,92756,The city where Sandis Valters was born is in the country of,Latvia,"[""The city where Sandis Valters was born is"", ""Riga is in the country of""]","[""Riga|Rīga|Ryga|Rige|Riia|Rija|Rīgõ"", ""Latvia|lv|🇱🇻|LVA|Leţmо̄ Vabāmо̄|Leţmо̄|Republic of Latvia|Latvian Republic|Latvija|LAT|Latveja|Latvijas Republika|Latvejas Republika""]","[""Riga, Latvia"", ""Latvia""]"
twohopfact,92772,The city where Roland Losert was born is in the country of,Austria,"[""The city where Roland Losert was born is"", ""Vienna is in the country of""]","[""Vienna|Wien|Vienna, Austria"", ""Austria|Republic of Austria|Österreich|Republik Österreich|AT|AUT|🇦🇹""]","[""Vienna"", ""Austria""]"
twohopfact,92784,The city where Gur Shelef was born is in the country of,Israel,"[""The city where Gur Shelef was born is"", ""Tel Aviv is in the country of""]","[""Tel Aviv|Tel Aviv-Yafo|Tel-Aviv|Tel Aviv City|Tel Aviv-Jaffa|Tel-Aviv Jaffa|Tel Aviv Jaffa|Tel Aviv-Jafo|Tel Aviv, Israel|TLV"", ""Israel|State of Israel|il|🇮🇱|the Jewish state|ISR""]","[""Tel Aviv"", ""Israel""]"
twohopfact,92836,The city where Attila Kovács was born is in the country of,Hungary,"[""The city where Attila Kovács was born is"", ""Budapest is in the country of""]","[""Budapest|Buda Pest|Buda-Pest|Budapešť|Budapesta|Budapeszt|Buda|Ofen|Budín|Budim|Budon|Pest|Pešť|Pešta|Alt-Ofen|Budapest, Hungary|Buda-Pesth"", ""Hungary|hu|🇭🇺|HUN""]","[""Budapest"", ""Hungary""]"
twohopfact,92843,The city where Kristian Kullamäe was born is in the country of,Estonia,"[""The city where Kristian Kullamäe was born is"", ""Tallinn is in the country of""]","[""Tallinn|Reval|Revel|Rewel|Kolywan|Lyndanisse|Lindanäs|Reuel|Tallinn, Estonia"", ""Estonia|Republic of Estonia|Estland|Eesti|ee|EST|🇪🇪|Eesti Vabariik""]","[""Tallinn"", ""Estonia""]"
twohopfact,92865,The city where Saiee Manjrekar was born is in the country of,India,"[""The city where Saiee Manjrekar was born is"", ""Mumbai is in the country of""]","[""Mumbai|Bombay"", ""India|Republic of India|Bharat|Bharatvarsh|Hindustan|IN|IND|🇮🇳|Bharata|Hindoostan|Indostan|Bharat Ganarajya""]","[""Mumbai"", ""India""]"
twohopfact,92870,The city where Steffen Thoresen was born is in the country of,Norway,"[""The city where Steffen Thoresen was born is"", ""Oslo is in the country of""]","[""Oslo|Christiania|Kristiania|NOOSL|Oslo, Norway"", ""Norway|Kingdom of Norway|NO|NOR|🇳🇴""]","[""Oslo"", ""Norway""]"
twohopfact,92889,The city where Pétur Marteinsson was born is in the country of,Iceland,"[""The city where Pétur Marteinsson was born is"", ""Reykjavík is in the country of""]","[""Reykjavík|Reykjavik|Reykjavíkurborg|Reykjavikurborg"", ""Iceland|Republic of Iceland|is|Island|🇮🇸|ISL|Ysland""]","[""Reykjavik"", ""Iceland""]"
twohopfact,92902,The city where Tomasz Fornal was born is in the country of,Poland,"[""The city where Tomasz Fornal was born is"", ""Kraków is in the country of""]","[""Kraków|Cracow|Krakow|Royal City of Kraków|Royal Capital City of Kraków|Krakau|Kroke|Cracovie|Cracovia|Krakov|Krakiv|Krakkó|Krakova|Krako|Krakoy|Krakuv"", ""Poland|POL|Republic of Poland|PL|Polska|🇵🇱""]","[""Krakow"", ""Poland""]"
twohopfact,92907,The city where Tomáš Hrdlička was born is in the country of,Czech Republic,"[""The city where Tomáš Hrdlička was born is"", ""Prague is in the country of""]","[""Prague|Praha|Hlavní město Praha|City of Prague"", ""Czech Republic|CZR|Česko|Česká republika|ČR|CZE|CZ|Czechia""]","[""Praha"", ""Czech Republic""]"
twohopfact,92923,The city where Pavel Hašek was born is in the country of,Czech Republic,"[""The city where Pavel Hašek was born is"", ""Prague is in the country of""]","[""Prague|Praha|Hlavní město Praha|City of Prague"", ""Czech Republic|CZR|Česko|Česká republika|ČR|CZE|CZ|Czechia""]","[""Prague"", ""Czech Republic""]"
twohopfact,92928,The city where Shareef O'Neal was born is in the country of,United States of America,"[""The city where Shareef O'Neal was born is"", ""Los Angeles is in the country of""]","[""Los Angeles|Los Angeles, California|Pink City|The town of Our Lady the Queen of the Angels of the Little Portion|La La Land|Tinsel Town|City of Angels|City of Los Angeles|LA, California|L.A.|LA|Double Dubuque|Los Ángeles|Los Angeles, CA"", ""United States of America|the United States of America|America|U.S.A.|USA|U.S.|US|the US|the USA|US of A|the United States|U. S. A.|U. S.|the States|the U.S.|United States|US of America|the U.S.A.|the US of America|the US of A|the U.S. of A|the U.S. of America|U.S. of America|Merica""]","[""Los Angeles"", ""United States""]"
twohopfact,92931,The city where Saeed bin Maktoum bin Rashid Al Maktoum was born is in the country of,United Arab Emirates,"[""The city where Saeed bin Maktoum bin Rashid Al Maktoum was born is"", ""Dubai is in the country of""]","[""Dubai|Dubai (city)|Dubai city"", ""United Arab Emirates|U.A.E.|🇦🇪|UAE|ae|Emirates|the United Arab Emirates|the UAE|the U.A.E.|the Emirates""]","[""Dubai"", ""United Arab Emirates (UAE)""]"
twohopfact,92947,"The city where Krisztián Lisztes (footballer, born 2005) was born is in the country of",Hungary,"[""The city where Krisztián Lisztes (footballer, born 2005) was born is"", ""Budapest is in the country of""]","[""Budapest|Buda Pest|Buda-Pest|Budapešť|Budapesta|Budapeszt|Buda|Ofen|Budín|Budim|Budon|Pest|Pešť|Pešta|Alt-Ofen|Budapest, Hungary|Buda-Pesth"", ""Hungary|hu|🇭🇺|HUN""]","[""Budapest"", ""Hungary""]"
twohopfact,92999,The city where Ken Ishiguro was born is in the country of,Japan,"[""The city where Ken Ishiguro was born is"", ""Tokyo is in the country of""]","[""Tokyo|Tōkyō|Tôkyô|Tokyo-to|Tokyo Metropolitan prefecture|Tōkyō-to|Tôkyô-to|Tokyo Metropolis|Tokio|Tokyo Prefecture|Tokyo, Japan|Tokei|Tokyo (Japan)"", ""Japan|State of Japan|Land of the Rising Sun|Nihon|Nippon|JP|Nippon-koku|Nihon-koku|JPN|JAP|JA|🇯🇵|Iapan|Iapon|Land of Rising Sun""]","[""Tokyo"", ""Japan""]"
twohopfact,93011,The city where Alexis Kyritsis was born is in the country of,Greece,"[""The city where Alexis Kyritsis was born is"", ""Athens is in the country of""]","[""Athens|Athens city"", ""Greece|Hellenic Republic|Hellas|gr|el|🇬🇷|Greek Republic|GRE|Ellada|Greek""]","[""Athens"", ""Greece""]"
twohopfact,93012,The city where John Anders Bjørkøy was born is in the country of,Norway,"[""The city where John Anders Bjørkøy was born is"", ""Oslo is in the country of""]","[""Oslo|Christiania|Kristiania|NOOSL|Oslo, Norway"", ""Norway|Kingdom of Norway|NO|NOR|🇳🇴""]","[""Oslo"", ""Norway""]"
twohopfact,93046,The city where Marcus Jordan was born is in the country of,United States of America,"[""The city where Marcus Jordan was born is"", ""Chicago is in the country of""]","[""Chicago|Chicago, Illinois|The Windy City|City by the Lake|The Queen of the West|Chi-Town|Chitown|The Second City|City of Chicago|City of Broad Shoulders|Chi-Raq|Chicago, IL"", ""United States of America|the United States of America|America|U.S.A.|USA|U.S.|US|the US|the USA|US of A|the United States|U. S. A.|U. S.|the States|the U.S.|United States|US of America|the U.S.A.|the US of America|the US of A|the U.S. of A|the U.S. of America|U.S. of America|Merica""]","[""Chicago"", ""United States""]"
twohopfact,93131,The city where Gregório Duvivier was born is in the country of,Brazil,"[""The city where Gregório Duvivier was born is"", ""Rio de Janeiro is in the country of""]","[""Rio de Janeiro|Rio|Rio de Janeiro city|Río de Janeiro City|City of Río de Janeiro"", ""Brazil|Federative Republic of Brazil|BR|BRA|🇧🇷|Brasil""]","[""Rio de Janeiro"", ""Brazil""]"
twohopfact,93145,The city where Giorgos Diamantopoulos was born is in the country of,Greece,"[""The city where Giorgos Diamantopoulos was born is"", ""Athens is in the country of""]","[""Athens|Athens city"", ""Greece|Hellenic Republic|Hellas|gr|el|🇬🇷|Greek Republic|GRE|Ellada|Greek""]","[""Athens"", ""Greece""]"
twohopfact,93151,The city where Šárka Barborková-Démar was born is in the country of,Czech Republic,"[""The city where Šárka Barborková-Démar was born is"", ""Prague is in the country of""]","[""Prague|Praha|Hlavní město Praha|City of Prague"", ""Czech Republic|CZR|Česko|Česká republika|ČR|CZE|CZ|Czechia""]","[""Prague"", ""Czech Republic""]"
twohopfact,93152,The city where Gabriella Lantos was born is in the country of,Hungary,"[""The city where Gabriella Lantos was born is"", ""Budapest is in the country of""]","[""Budapest|Buda Pest|Buda-Pest|Budapešť|Budapesta|Budapeszt|Buda|Ofen|Budín|Budim|Budon|Pest|Pešť|Pešta|Alt-Ofen|Budapest, Hungary|Buda-Pesth"", ""Hungary|hu|🇭🇺|HUN""]","[""Budapest"", ""Hungary""]"
twohopfact,93157,The city where Mohamed Islam Bouglia was born is in the country of,Tunisia,"[""The city where Mohamed Islam Bouglia was born is"", ""Tunis is in the country of""]","[""Tunis"", ""Tunisia|Republic of Tunisia|Tunisian Republic|tn|🇹🇳|TUN""]","[""Tunis."", ""Tunisia""]"
twohopfact,93174,The city where Attila Kálnoki Kis was born is in the country of,Hungary,"[""The city where Attila Kálnoki Kis was born is"", ""Budapest is in the country of""]","[""Budapest|Buda Pest|Buda-Pest|Budapešť|Budapesta|Budapeszt|Buda|Ofen|Budín|Budim|Budon|Pest|Pešť|Pešta|Alt-Ofen|Budapest, Hungary|Buda-Pesth"", ""Hungary|hu|🇭🇺|HUN""]","[""Budapest"", ""Hungary""]"
twohopfact,93179,The city where Heo Ung was born is in the country of,South Korea,"[""The city where Heo Ung was born is"", ""Seoul is in the country of""]","[""Seoul|Seoul City|Sŏul T'ŭkpyŏlsi|Wiryeseong|Namgyeong|Hanseong|Hanyang|Keijō|Keijou|Gyeongseong"", ""South Korea|Republic of Korea|ROK|kr|Rep. Korea|S. Korea|Korea Republic|🇰🇷|KOR|Hanguk|Daehan Minguk|Daehanminguk|SK|Korea (South)""]","[""Seoul"", ""South Korea""]"
twohopfact,93180,The city where Moon Hyun-jin was born is in the country of,South Korea,"[""The city where Moon Hyun-jin was born is"", ""Seoul is in the country of""]","[""Seoul|Seoul City|Sŏul T'ŭkpyŏlsi|Wiryeseong|Namgyeong|Hanseong|Hanyang|Keijō|Keijou|Gyeongseong"", ""South Korea|Republic of Korea|ROK|kr|Rep. Korea|S. Korea|Korea Republic|🇰🇷|KOR|Hanguk|Daehan Minguk|Daehanminguk|SK|Korea (South)""]","[""Seoul"", ""South Korea""]"
twohopfact,93200,The city where Juan Ignacio Aranda was born is in the country of,Mexico,"[""The city where Juan Ignacio Aranda was born is"", ""Mexico City is in the country of""]","[""Mexico City|Mexico D.F.|Ciudad de México|City of Mexico|Mexico City, Mexico|CDMX|Mexico"", ""Mexico|MX|United Mexican States|Mexican Republic|MEX|🇲🇽|US of M|MXN""]","[""Mexico City"", ""Mexico""]"
twohopfact,93215,The city where Lee Chia-Hsin was born is in the country of,Taiwan,"[""The city where Lee Chia-Hsin was born is"", ""Taipei is in the country of""]","[""Taipei|The City of Azaleas|Taipei City|Taibei|City of Taipei"", ""Taiwan|Republic of China|Chunghwa Minkwo|Chunghwa Minkuo|Formosa|Nationalist China|Free China|Free area of the Republic of China|Republic of China (Taiwan)|Chinese Taipei|🇹🇼|TW|ROC|Taiwan ROC|China, Republic|TWN|TPE|Nanasian|Taywan|Taivang|Ilaod|Taivangʉ""]","[""Taipei"", ""Taipei is in Taiwan.""]"
twohopfact,93221,The city where Yiğit Onan was born is in the country of,Turkey,"[""The city where Yiğit Onan was born is"", ""Istanbul is in the country of""]","[""Istanbul|Constantinople|Scarlet Apple"", ""Turkey|TUR|TR|Republic of Türkiye|Türkiye|Republic of Turkey""]","[""Istanbul."", ""Turkey""]"
twohopfact,93233,The city where Stella Christodoulou was born is in the country of,Greece,"[""The city where Stella Christodoulou was born is"", ""Athens is in the country of""]","[""Athens|Athens city"", ""Greece|Hellenic Republic|Hellas|gr|el|🇬🇷|Greek Republic|GRE|Ellada|Greek""]","[""Athens"", ""Greece""]"
twohopfact,93268,The city where Wu Nien-ting was born is in the country of,Taiwan,"[""The city where Wu Nien-ting was born is"", ""Taipei is in the country of""]","[""Taipei|The City of Azaleas|Taipei City|Taibei|City of Taipei"", ""Taiwan|Republic of China|Chunghwa Minkwo|Chunghwa Minkuo|Formosa|Nationalist China|Free China|Free area of the Republic of China|Republic of China (Taiwan)|Chinese Taipei|🇹🇼|TW|ROC|Taiwan ROC|China, Republic|TWN|TPE|Nanasian|Taywan|Taivang|Ilaod|Taivangʉ""]","[""Taipei"", ""Taipei is in Taiwan.""]"
twohopfact,93294,"The city where Henry Kolowrat, Jr. was born is in the country of",Czech Republic,"[""The city where Henry Kolowrat, Jr. was born is"", ""Prague is in the country of""]","[""Prague|Praha|Hlavní město Praha|City of Prague"", ""Czech Republic|CZR|Česko|Česká republika|ČR|CZE|CZ|Czechia""]","[""Prague"", ""Czech Republic""]"
twohopfact,93308,The city where Rolf Smedmark was born is in the country of,Sweden,"[""The city where Rolf Smedmark was born is"", ""Stockholm is in the country of""]","[""Stockholm|Sthlm"", ""Sweden|Kingdom of Sweden|🇸🇪|SE|SWE|Sverige|Konungariket Sverige""]","[""Stockholm"", ""Sweden""]"
twohopfact,93334,The city where Zsolt Németh was born is in the country of,Hungary,"[""The city where Zsolt Németh was born is"", ""Budapest is in the country of""]","[""Budapest|Buda Pest|Buda-Pest|Budapešť|Budapesta|Budapeszt|Buda|Ofen|Budín|Budim|Budon|Pest|Pešť|Pešta|Alt-Ofen|Budapest, Hungary|Buda-Pesth"", ""Hungary|hu|🇭🇺|HUN""]","[""Budapest"", ""Hungary""]"
twohopfact,93365,The city where Harsh Mankad was born is in the country of,India,"[""The city where Harsh Mankad was born is"", ""Mumbai is in the country of""]","[""Mumbai|Bombay"", ""India|Republic of India|Bharat|Bharatvarsh|Hindustan|IN|IND|🇮🇳|Bharata|Hindoostan|Indostan|Bharat Ganarajya""]","[""Mumbai"", ""India""]"
twohopfact,93372,The city where Kiryl Jermakovič was born is in the country of,Belarus,"[""The city where Kiryl Jermakovič was born is"", ""Minsk is in the country of""]","[""Minsk|Мінск|Менск|Минск|Mińsk|Minskas|Mensk|Miensk"", ""Belarus|🇧🇾|White Russia|White Ruthenia|Republic of Belarus|by|Byeloruss|BLR|Bielorussia|Belorussia|Byelorussia|Respublika Belarus'|Respublika Bielaruś|Bielaruś""]","[""Minsk"", ""Belarus""]"
twohopfact,93399,The city where Yoo Won-sang was born is in the country of,South Korea,"[""The city where Yoo Won-sang was born is"", ""Seoul is in the country of""]","[""Seoul|Seoul City|Sŏul T'ŭkpyŏlsi|Wiryeseong|Namgyeong|Hanseong|Hanyang|Keijō|Keijou|Gyeongseong"", ""South Korea|Republic of Korea|ROK|kr|Rep. Korea|S. Korea|Korea Republic|🇰🇷|KOR|Hanguk|Daehan Minguk|Daehanminguk|SK|Korea (South)""]","[""Seoul"", ""South Korea""]"
twohopfact,93401,The city where Petter Christian Singsaas was born is in the country of,Norway,"[""The city where Petter Christian Singsaas was born is"", ""Oslo is in the country of""]","[""Oslo|Christiania|Kristiania|NOOSL|Oslo, Norway"", ""Norway|Kingdom of Norway|NO|NOR|🇳🇴""]","[""Oslo"", ""Norway""]"
twohopfact,93409,The city where Jesper Thygesen was born is in the country of,Denmark,"[""The city where Jesper Thygesen was born is"", ""Aarhus is in the country of""]","[""Aarhus|Arhus|Århus|Aarhuus"", ""Denmark|DK|Danmark|DNK|DEK|🇩🇰|DEN|TAN|Denmark proper|metropolitan Denmark""]","[""Aarhus"", ""Denmark""]"
twohopfact,93411,The city where Péter Sárfalvi was born is in the country of,Hungary,"[""The city where Péter Sárfalvi was born is"", ""Budapest is in the country of""]","[""Budapest|Buda Pest|Buda-Pest|Budapešť|Budapesta|Budapeszt|Buda|Ofen|Budín|Budim|Budon|Pest|Pešť|Pešta|Alt-Ofen|Budapest, Hungary|Buda-Pesth"", ""Hungary|hu|🇭🇺|HUN""]","[""Budapest"", ""Hungary""]"
twohopfact,93424,The city where Michela Rocco of Torrepadula was born is in the country of,Italy,"[""The city where Michela Rocco of Torrepadula was born is"", ""Udine is in the country of""]","[""Udine|Videm"", ""Italy|Italia|Italian Republic|IT|🇮🇹|ITA|Republic of Italy|Repubblica Italiana""]","[""I couldn't find any information on a person named Michela Rocco from Torrepadula. It's possible that this is a fictional character or not a public figure with widely available information. If you could provide more context or clarify who Michela Rocco is, I'll do my best to help."", ""Italy""]"
twohopfact,93437,The city where Łukasz Nowicki was born is in the country of,Poland,"[""The city where Łukasz Nowicki was born is"", ""Kraków is in the country of""]","[""Kraków|Cracow|Krakow|Royal City of Kraków|Royal Capital City of Kraków|Krakau|Kroke|Cracovie|Cracovia|Krakov|Krakiv|Krakkó|Krakova|Krako|Krakoy|Krakuv"", ""Poland|POL|Republic of Poland|PL|Polska|🇵🇱""]","[""Krakow"", ""Poland""]"
twohopfact,93443,The city where Andrea García was born is in the country of,Mexico,"[""The city where Andrea García was born is"", ""Mexico City is in the country of""]","[""Mexico City|Mexico D.F.|Ciudad de México|City of Mexico|Mexico City, Mexico|CDMX|Mexico"", ""Mexico|MX|United Mexican States|Mexican Republic|MEX|🇲🇽|US of M|MXN""]","[""Mexico City"", ""Mexico""]"
twohopfact,93471,The city where Yūki Meguro was born is in the country of,Japan,"[""The city where Yūki Meguro was born is"", ""Tokyo is in the country of""]","[""Tokyo|Tōkyō|Tôkyô|Tokyo-to|Tokyo Metropolitan prefecture|Tōkyō-to|Tôkyô-to|Tokyo Metropolis|Tokio|Tokyo Prefecture|Tokyo, Japan|Tokei|Tokyo (Japan)"", ""Japan|State of Japan|Land of the Rising Sun|Nihon|Nippon|JP|Nippon-koku|Nihon-koku|JPN|JAP|JA|🇯🇵|Iapan|Iapon|Land of Rising Sun""]","[""Tokyo"", ""Japan""]"
twohopfact,93473,The city where Margrete Mørch was born is in the country of,Norway,"[""The city where Margrete Mørch was born is"", ""Oslo is in the country of""]","[""Oslo|Christiania|Kristiania|NOOSL|Oslo, Norway"", ""Norway|Kingdom of Norway|NO|NOR|🇳🇴""]","[""Oslo"", ""Norway""]"
twohopfact,93496,The city where Nikos Chougkaz was born is in the country of,Greece,"[""The city where Nikos Chougkaz was born is"", ""Athens is in the country of""]","[""Athens|Athens city"", ""Greece|Hellenic Republic|Hellas|gr|el|🇬🇷|Greek Republic|GRE|Ellada|Greek""]","[""Athens."", ""Greece""]"
twohopfact,93502,The city where Agathi Kassoumi was born is in the country of,Greece,"[""The city where Agathi Kassoumi was born is"", ""Athens is in the country of""]","[""Athens|Athens city"", ""Greece|Hellenic Republic|Hellas|gr|el|🇬🇷|Greek Republic|GRE|Ellada|Greek""]","[""Athens."", ""Greece""]"
twohopfact,93557,The city where Béla Zsitnik was born is in the country of,Hungary,"[""The city where Béla Zsitnik was born is"", ""Budapest is in the country of""]","[""Budapest|Buda Pest|Buda-Pest|Budapešť|Budapesta|Budapeszt|Buda|Ofen|Budín|Budim|Budon|Pest|Pešť|Pešta|Alt-Ofen|Budapest, Hungary|Buda-Pesth"", ""Hungary|hu|🇭🇺|HUN""]","[""Budapest"", ""Hungary""]"
twohopfact,93585,The city where Jun'ya Hirano was born is in the country of,Japan,"[""The city where Jun'ya Hirano was born is"", ""Tokyo is in the country of""]","[""Tokyo|Tōkyō|Tôkyô|Tokyo-to|Tokyo Metropolitan prefecture|Tōkyō-to|Tôkyô-to|Tokyo Metropolis|Tokio|Tokyo Prefecture|Tokyo, Japan|Tokei|Tokyo (Japan)"", ""Japan|State of Japan|Land of the Rising Sun|Nihon|Nippon|JP|Nippon-koku|Nihon-koku|JPN|JAP|JA|🇯🇵|Iapan|Iapon|Land of Rising Sun""]","[""Tokyo"", ""Japan""]"
twohopfact,93602,The city where Charalampos Andreopoulos was born is in the country of,Greece,"[""The city where Charalampos Andreopoulos was born is"", ""Athens is in the country of""]","[""Athens|Athens city"", ""Greece|Hellenic Republic|Hellas|gr|el|🇬🇷|Greek Republic|GRE|Ellada|Greek""]","[""Athens"", ""Greece""]"
twohopfact,93603,The city where Vasilis Lazaridis was born is in the country of,Greece,"[""The city where Vasilis Lazaridis was born is"", ""Athens is in the country of""]","[""Athens|Athens city"", ""Greece|Hellenic Republic|Hellas|gr|el|🇬🇷|Greek Republic|GRE|Ellada|Greek""]","[""Athens"", ""Greece""]"
twohopfact,93618,The city where Yogesh Dattatraya Gosavi was born is in the country of,India,"[""The city where Yogesh Dattatraya Gosavi was born is"", ""Pune is in the country of""]","[""Pune|Poona|Queen of the Deccan|Oxford of the East|Pune, India|Poonah"", ""India|Republic of India|Bharat|Bharatvarsh|Hindustan|IN|IND|🇮🇳|Bharata|Hindoostan|Indostan|Bharat Ganarajya""]","[""Pune"", ""India""]"
twohopfact,93650,The city where Khushi Kapoor was born is in the country of,India,"[""The city where Khushi Kapoor was born is"", ""Mumbai is in the country of""]","[""Mumbai|Bombay"", ""India|Republic of India|Bharat|Bharatvarsh|Hindustan|IN|IND|🇮🇳|Bharata|Hindoostan|Indostan|Bharat Ganarajya""]","[""Mumbai."", ""India""]"
twohopfact,93651,The city where Naoko Yamazaki was born is in the country of,Japan,"[""The city where Naoko Yamazaki was born is"", ""Tokyo is in the country of""]","[""Tokyo|Tōkyō|Tôkyô|Tokyo-to|Tokyo Metropolitan prefecture|Tōkyō-to|Tôkyô-to|Tokyo Metropolis|Tokio|Tokyo Prefecture|Tokyo, Japan|Tokei|Tokyo (Japan)"", ""Japan|State of Japan|Land of the Rising Sun|Nihon|Nippon|JP|Nippon-koku|Nihon-koku|JPN|JAP|JA|🇯🇵|Iapan|Iapon|Land of Rising Sun""]","[""Tokyo"", ""Japan""]"
twohopfact,93665,The city where Tetsu Kayama was born is in the country of,Japan,"[""The city where Tetsu Kayama was born is"", ""Tokyo is in the country of""]","[""Tokyo|Tōkyō|Tôkyô|Tokyo-to|Tokyo Metropolitan prefecture|Tōkyō-to|Tôkyô-to|Tokyo Metropolis|Tokio|Tokyo Prefecture|Tokyo, Japan|Tokei|Tokyo (Japan)"", ""Japan|State of Japan|Land of the Rising Sun|Nihon|Nippon|JP|Nippon-koku|Nihon-koku|JPN|JAP|JA|🇯🇵|Iapan|Iapon|Land of Rising Sun""]","[""Tokyo"", ""Japan""]"
twohopfact,93756,The city where Ira Khan was born is in the country of,India,"[""The city where Ira Khan was born is"", ""Mumbai is in the country of""]","[""Mumbai|Bombay"", ""India|Republic of India|Bharat|Bharatvarsh|Hindustan|IN|IND|🇮🇳|Bharata|Hindoostan|Indostan|Bharat Ganarajya""]","[""Mumbai."", ""India""]"
twohopfact,93762,The city where Bálint Rubold was born is in the country of,Hungary,"[""The city where Bálint Rubold was born is"", ""Budapest is in the country of""]","[""Budapest|Buda Pest|Buda-Pest|Budapešť|Budapesta|Budapeszt|Buda|Ofen|Budín|Budim|Budon|Pest|Pešť|Pešta|Alt-Ofen|Budapest, Hungary|Buda-Pesth"", ""Hungary|hu|🇭🇺|HUN""]","[""Budapest"", ""Hungary""]"
twohopfact,93773,The city where Alireza Tajvidi was born is in the country of,Iran,"[""The city where Alireza Tajvidi was born is"", ""Tehran is in the country of""]","[""Tehran|Teheran|Ṭihrán"", ""Iran|Islamic Republic of Iran|Persia|ir|Islamic Rep. Iran|🇮🇷|irn""]","[""Tehran"", ""Iran.""]"
twohopfact,93788,The city where Javed Khatri was born is in the country of,India,"[""The city where Javed Khatri was born is"", ""Mumbai is in the country of""]","[""Mumbai|Bombay"", ""India|Republic of India|Bharat|Bharatvarsh|Hindustan|IN|IND|🇮🇳|Bharata|Hindoostan|Indostan|Bharat Ganarajya""]","[""Mumbai"", ""India""]"
twohopfact,124073,The CEO of SpaceX was born in the city of,Pretoria,"[""The CEO of SpaceX is"", ""Elon Musk was born in the city of""]","[""Elon Musk|Elon R. Musk|Elon Reeve Musk|Elon R Musk|Elon Reeve Musk FRS|Elon Musk FRS"", ""Pretoria|Pretoria, S. Africa|Pretoria, S Africa|Pretoria, Gauteng, South Africa|Pretoria, Gauteng|Pretoria, South Africa|ePitoli""]","[""Elon Musk"", ""Pretoria, South Africa""]"
twohopfact,126337,The CEO of Microsoft was born in the country of,India,"[""The CEO of Microsoft is"", ""Satya Nadella was born in the country of""]","[""Satya Nadella|Bukkapuram Nadella Satyanarayana|Satya Narayana Nadella"", ""India|Republic of India|Bharat|Bharatvarsh|Hindustan|IN|IND|🇮🇳|Bharata|Hindoostan|Indostan|Bharat Ganarajya""]","[""Satya Nadella"", ""India""]"
twohopfact,126341,The CEO of SpaceX was born in the country of,South Africa,"[""The CEO of SpaceX is"", ""Elon Musk was born in the country of""]","[""Elon Musk|Elon R. Musk|Elon Reeve Musk|Elon R Musk|Elon Reeve Musk FRS|Elon Musk FRS"", ""South Africa|Republic of South Africa|RSA|SA|za|🇿🇦|zaf|Mzanzi""]","[""Elon Musk"", ""South Africa""]"
twohopfact,126349,The CEO of Meta Platforms was born in the country of,United States of America,"[""The CEO of Meta Platforms is"", ""Mark Zuckerberg was born in the country of""]","[""Mark Zuckerberg|Mark Elliott Zuckerberg|Zuck|Zuckerberg|Mark Elliot Zuckerberg|The Zucc"", ""United States of America|the United States of America|America|U.S.A.|USA|U.S.|US|the US|the USA|US of A|the United States|U. S. A.|U. S.|the States|the U.S.|United States|US of America|the U.S.A.|the US of America|the US of A|the U.S. of A|the U.S. of America|U.S. of America|Merica""]","[""Mark Zuckerberg"", ""United States""]"
twohopfact,126356,The CEO of Berkshire Hathaway was born in the country of,United States of America,"[""The CEO of Berkshire Hathaway is"", ""Warren Buffett was born in the country of""]","[""Warren Buffett|Warren Edward Buffett"", ""United States of America|the United States of America|America|U.S.A.|USA|U.S.|US|the US|the USA|US of A|the United States|U. S. A.|U. S.|the States|the U.S.|United States|US of America|the U.S.A.|the US of America|the US of A|the U.S. of A|the U.S. of America|U.S. of America|Merica""]","[""Warren Buffett"", ""United States""]"
twohopfact,126368,The CEO of Cirque du Soleil was born in the country of,Canada,"[""The CEO of Cirque du Soleil is"", ""Guy Laliberté was born in the country of""]","[""Guy Laliberté|Guy Laliberte"", ""Canada|CAN|CA""]","[""Guy Laliberté"", ""Canada""]"
twohopfact,128607,The father of the CEO of Berkshire Hathaway is named,Howard Homan Buffett,"[""The CEO of Berkshire Hathaway is"", ""The father of Warren Buffett is named""]","[""Warren Buffett|Warren Edward Buffett"", ""Howard Homan Buffett|Howard H. Buffett|H. Homan Buffett|Howard Buffett""]","[""Warren Buffett"", ""Howard Buffett""]"
twohopfact,129047,The spouse of the CEO of Meta Platforms is named,Priscilla Chan,"[""The CEO of Meta Platforms is"", ""The spouse of Mark Zuckerberg is named""]","[""Mark Zuckerberg|Mark Elliott Zuckerberg|Zuck|Zuckerberg|Mark Elliot Zuckerberg|The Zucc"", ""Priscilla Chan""]","[""Mark Zuckerberg"", ""Priscilla Chan""]"
twohopfact,129426,The national anthem of the country with Wellington as its capital is named,God Defend New Zealand,"[""The country with Wellington as its capital is"", ""The national anthem of New Zealand is named""]","[""New Zealand|NZ|NZL|Dominion of New Zealand|Aotearoa|🇳🇿|Aotearoa New Zealand|New Zeeland|Zeelandia Nova|Nova Zelandia|Zelandia Nova"", ""God Defend New Zealand|national anthem of New Zealand""]","[""New Zealand"", ""\""God Defend New Zealand\""""]"
twohopfact,129453,The national anthem of the country with Edinburgh as its capital is named,Flower of Scotland,"[""The country with Edinburgh as its capital is"", ""The national anthem of Scotland is named""]","[""Scotland|Alba|Scotland, United Kingdom|SCT|Caledonia|Scot|SC|UK-SC|UK-SCT"", ""Flower of Scotland|Flùr na h-Alba|Flur na h-Alba""]","[""Scotland"", ""\""Flower of Scotland\""""]"
twohopfact,129466,The national anthem of the country with Ulaanbaatar as its capital is named,national anthem of Mongolia,"[""The country with Ulaanbaatar as its capital is"", ""The national anthem of Mongolia is named""]","[""Mongolia|mn|Mongol uls|MNG|MGL|🇲🇳"", ""national anthem of Mongolia|Mongolia national anthem|Mongolian national anthem""]","[""Mongolia"", ""\""National Anthem of Mongolia\""""]"
twohopfact,129507,The national anthem of the country with Canberra as its capital is named,Advance Australia Fair,"[""The country with Canberra as its capital is"", ""The national anthem of Australia is named""]","[""Australia|Commonwealth of Australia|AU|AUS|🇦🇺|Straya|Aussieland|Oz|Stralia|New Holland|New Hollandia|Nova Hollandia|Down Under"", ""Advance Australia Fair|Australia's national anthem|national anthem of Australia""]","[""Australia"", ""\""Advance Australia Fair\""""]"
twohopfact,129519,The national anthem of the country with Beijing as its capital is named,March of the Volunteers,"[""The country with Beijing as its capital is"", ""The national anthem of People's Republic of China is named""]","[""People's Republic of China|China|CN|PR China|PRC|CHN|🇨🇳|China PR|Mainland China|RPC"", ""March of the Volunteers|Yìyǒngjūn Jìnxíngqǔ|National anthem of China""]","[""China"", ""\""March of the Volunteers\""""]"
twohopfact,129534,The national anthem of the country with New Delhi as its capital is named,Jana Gana Mana,"[""The country with New Delhi as its capital is"", ""The national anthem of India is named""]","[""India|Republic of India|Bharat|Bharatvarsh|Hindustan|IN|IND|🇮🇳|Bharata|Hindoostan|Indostan|Bharat Ganarajya"", ""Jana Gana Mana""]","[""India"", ""\""Jana Gana Mana\""""]"
twohopfact,129539,The national anthem of the country with Ottawa as its capital is named,O Canada,"[""The country with Ottawa as its capital is"", ""The national anthem of Canada is named""]","[""Canada|CAN|CA"", ""O Canada|Ô Canada""]","[""Canada"", ""O Canada""]"
twohopfact,129543,The national anthem of the country with Madrid as its capital is named,Marcha Real,"[""The country with Madrid as its capital is"", ""The national anthem of Spain is named""]","[""Spain|Kingdom of Spain|ES|ESP|🇪🇸"", ""Marcha Real|Royal March|national anthem of Spain|Spanish national anthem""]","[""Spain"", ""\""La Marcha Real\""""]"
twohopfact,129546,The national anthem of the country with Paris as its capital is named,La Marseillaise,"[""The country with Paris as its capital is"", ""The national anthem of France is named""]","[""France|fr|Republic of France|French Republic|FRA|the Hexagon"", ""La Marseillaise|French national anthem|Marseillaise|The Marseillaise|National anthem of France""]","[""France"", ""\""La Marseillaise\""""]"
twohopfact,130950,The capital of the country with the national anthem 'Thai National Anthem' is,Bangkok,"[""The country with the national anthem 'Thai National Anthem' is"", ""The capital of Thailand is""]","[""Thailand|Kingdom of Thailand|th|Siam|🇹🇭|Land of Smiles|THA"", ""Bangkok|Bangkok, Thailand|Krung Thep|Krung Thep Maha Nakhon|Sia-Yut'hia|Krungthepmahanakhon Amonrattanakosin Mahintharayutthaya Mahadilokphop Noppharatratchathaniburirom Udomratchaniwetmahasathan Amonphimanawatansathit Sakkathattiyawitsanukamprasit""]","[""Thailand"", ""Bangkok""]"
twohopfact,130951,The capital of the country with the national anthem 'Tiến quân ca' is,Hanoi,"[""The country with the national anthem 'Tiến quân ca' is"", ""The capital of Vietnam is""]","[""Vietnam|Socialist Republic of Vietnam|VN|VIE|🇻🇳|Việt Nam|Viet Nam|SRV|VNM"", ""Hanoi|Thang Long|Dong Do|Tonkin|Hà Nội|Ha Noi|Đại La""]","[""Vietnam"", ""Hanoi.""]"
twohopfact,130953,The capital of the country with the national anthem 'Amar Sonar Bangla' is,Dhaka,"[""The country with the national anthem 'Amar Sonar Bangla' is"", ""The capital of Bangladesh is""]","[""Bangladesh|bd|🇧🇩|BAN|People's Republic of Bangladesh"", ""Dhaka|Dacca|Dhaka City""]","[""Bangladesh"", ""Dhaka""]"
twohopfact,130957,The capital of the country with the national anthem 'Mulungu dalitsa Malaŵi' is,Lilongwe,"[""The country with the national anthem 'Mulungu dalitsa Malaŵi' is"", ""The capital of Malawi is""]","[""Malawi|Republic of Malawi|mw|🇲🇼|MAW"", ""Lilongwe""]","[""Malawi"", ""Lilongwe""]"
twohopfact,130958,The capital of the country with the national anthem 'La Nigérienne' is,Niamey,"[""The country with the national anthem 'La Nigérienne' is"", ""The capital of Niger is""]","[""Niger|Republic of Niger|Republic Niger|ne|🇳🇪|The Niger|Republic of the Niger"", ""Niamey""]","[""Niger"", ""Niamey.""]"
twohopfact,130961,The capital of the country with the national anthem 'Himno Nacional Mexicano' is,Mexico City,"[""The country with the national anthem 'Himno Nacional Mexicano' is"", ""The capital of Mexico is""]","[""Mexico|MX|United Mexican States|Mexican Republic|MEX|🇲🇽|US of M|MXN"", ""Mexico City|Mexico D.F.|Ciudad de México|City of Mexico|Mexico City, Mexico|CDMX|Mexico""]","[""Mexico"", ""Mexico City""]"
twohopfact,130963,"The capital of the country with the national anthem 'Deșteaptă-te, române!' is",Bucharest,"[""The country with the national anthem 'Deșteaptă-te, române!' is"", ""The capital of Romania is""]","[""Romania|Roumania|Rumania|România|ro|🇷🇴"", ""Bucharest|Little Paris|Paris of the East|București|Bucureşti|Bucuresti|Bucharest, Romania""]","[""Romania"", ""Bucharest""]"
twohopfact,130965,The capital of the country with the national anthem 'Denes nad Makedonija' is,Skopje,"[""The country with the national anthem 'Denes nad Makedonija' is"", ""The capital of North Macedonia is""]","[""North Macedonia|Republic of North Macedonia|MKD|FYROM|FYR Macedonia|Former Yugoslav Republic of Macedonia|🇲🇰|NM|MK|Republic of Macedonia|Macedonia"", ""Skopje|Скопје|Üsküb|Skoplje""]","[""North Macedonia"", ""Skopje""]"
twohopfact,130968,The capital of the country with the national anthem 'L-Innu Malti' is,Valletta,"[""The country with the national anthem 'L-Innu Malti' is"", ""The capital of Malta is""]","[""Malta|Republic of Malta|🇲🇹|MLT|MT"", ""Valletta|Valleta|Capital of Malta|Valetta|Il-Belt Valletta|Città Umilissima|La Valleta|La Valletta|Citta Umilissima""]","[""Malta"", ""Valletta.""]"
twohopfact,130973,"The capital of the country with the national anthem 'Fair Antigua, We Salute Thee' is",Saint John's,"[""The country with the national anthem 'Fair Antigua, We Salute Thee' is"", ""The capital of Antigua and Barbuda is""]","[""Antigua and Barbuda|ag|🇦🇬|ANT|A&B"", ""Saint John's|St John's|St. John's|Saint John""]","[""Antigua and Barbuda"", ""St. John's""]"
twohopfact,130975,The capital of the country with the national anthem 'State Anthem of the Kyrgyz Republic' is,Bishkek,"[""The country with the national anthem 'State Anthem of the Kyrgyz Republic' is"", ""The capital of Kyrgyzstan is""]","[""Kyrgyzstan|Kyrgyz Republic|kg|Kirgizia|🇰🇬|KGZ"", ""Bishkek|Frunze|Pishpek""]","[""Kyrgyzstan"", ""Bishkek""]"
twohopfact,130976,The capital of the country with the national anthem 'Lebanese national anthem' is,Beirut,"[""The country with the national anthem 'Lebanese national anthem' is"", ""The capital of Lebanon is""]","[""Lebanon|🇱🇧|LBN|Lebanese Republic|lb|Republic of Lebanon|Lubnan"", ""Beirut|Beyrout""]","[""Lebanon"", ""Beirut""]"
twohopfact,130982,The capital of the country with the national anthem 'Druk Tsenden' is,Thimphu,"[""The country with the national anthem 'Druk Tsenden' is"", ""The capital of Bhutan is""]","[""Bhutan|Kingdom of Bhutan|bt|BHU|🇧🇹"", ""Thimphu|Thimpu""]","[""Bhutan"", ""Thimphu""]"
twohopfact,130997,The capital of the country with the national anthem 'Azərbaycan marşı' is,Baku,"[""The country with the national anthem 'Azərbaycan marşı' is"", ""The capital of Azerbaijan is""]","[""Azerbaijan|🇦🇿|AZE|Republic of Azerbaijan|az|Azərbaycan|Azərbaycan Respublikası"", ""Baku|Baki|City of Winds|Baky""]","[""Azerbaijan"", ""Baku.""]"
twohopfact,130998,The capital of the country with the national anthem 'Hymne monégasque' is,Monaco City,"[""The country with the national anthem 'Hymne monégasque' is"", ""The capital of Monaco is""]","[""Monaco|Principality of Monaco|mc|🇲🇨|MON|Fort-Hercule|Principality and Diocese of Monaco|Principauté de Monaco|Mùnegu|Prinçipatu de Mùnegu|Principato di Monaco|Principatu de Mu̍negu"", ""Monaco City|Monaco-Ville|Monaco|City of Monaco""]","[""Monaco"", ""Monaco City""]"
twohopfact,131002,The capital of the country with the national anthem 'Argentine National Anthem' is,Buenos Aires,"[""The country with the national anthem 'Argentine National Anthem' is"", ""The capital of Argentina is""]","[""Argentina|🇦🇷|ARG|Arjentina|AR|Argentine Republic|Republic of Argentina"", ""Buenos Aires|Ciudad Autonoma de Buenos Aires|Buenos Aires city""]","[""Argentina"", ""Buenos Aires""]"
twohopfact,131005,The capital of the country with the national anthem 'Amhrán na bhFiann' is,Dublin,"[""The country with the national anthem 'Amhrán na bhFiann' is"", ""The capital of Republic of Ireland is""]","[""Republic of Ireland|Éire|IE|IRL|Hibernia|Ireland, Republic of|🇮🇪|Eire|Southern Ireland|Ireland (state)|Ireland"", ""Dublin|Dublin city|City of Dublin|Baile Átha Cliath|Dublin, Ireland""]","[""Ireland"", ""Dublin""]"
twohopfact,131006,The capital of the country with the national anthem 'Hen Wlad Fy Nhadau' is,Cardiff,"[""The country with the national anthem 'Hen Wlad Fy Nhadau' is"", ""The capital of Wales is""]","[""Wales|WAL|WLS|Cymru|Cambria"", ""Cardiff|Caerdydd|Cardiff, Wales""]","[""Wales"", ""Cardiff""]"
twohopfact,131007,The capital of the country with the national anthem 'The Brabançonne' is,City of Brussels,"[""The country with the national anthem 'The Brabançonne' is"", ""The capital of Belgium is""]","[""Belgium|Kingdom of Belgium|BEL|be|🇧🇪|Koninkrijk België|Royaume de Belgique|Königreich Belgien|Belgien"", ""City of Brussels|02|Bru|BXL|Brussels City|Brussels, Belgium|Brussel|Ville de Bruxelles|Brussels (municipality)|Bruxelles|Stad Brussel|Brussels""]","[""Belgium"", ""Brussels""]"
twohopfact,131008,"The capital of the country with the national anthem 'Du gamla, du fria' is",Stockholm,"[""The country with the national anthem 'Du gamla, du fria' is"", ""The capital of Sweden is""]","[""Sweden|Kingdom of Sweden|🇸🇪|SE|SWE|Sverige|Konungariket Sverige"", ""Stockholm|Sthlm""]","[""Sweden"", ""Stockholm""]"
twohopfact,131010,The capital of the country with the national anthem 'A Portuguesa' is,Lisbon,"[""The country with the national anthem 'A Portuguesa' is"", ""The capital of Portugal is""]","[""Portugal|Portuguese Republic|PT|🇵🇹|PRT|POR"", ""Lisbon|Lisboa""]","[""Portugal"", ""Lisbon""]"
twohopfact,131012,The capital of the country with the national anthem 'March of the Volunteers' is,Beijing,"[""The country with the national anthem 'March of the Volunteers' is"", ""The capital of People's Republic of China is""]","[""People's Republic of China|China|CN|PR China|PRC|CHN|🇨🇳|China PR|Mainland China|RPC"", ""Beijing|Peking|Beiping|Peiping|Yanjing|Zhongdu|Khanbaliq|BJ|Pekin|Shuntian|Shuntianfu|Shuntian Fu|Pe-king|Pei-p'ing|Pei-ping|Peip'ing|Pei-ching|Yan-ching|Yanking|Chung-tu|Chungtu|Khanbalik|Shun-t'ien|Shun-tien""]","[""China"", ""Beijing""]"
twohopfact,131013,"The capital of the country with the national anthem 'Mu isamaa, mu õnn ja rõõm' is",Tallinn,"[""The country with the national anthem 'Mu isamaa, mu õnn ja rõõm' is"", ""The capital of Estonia is""]","[""Estonia|Republic of Estonia|Estland|Eesti|ee|EST|🇪🇪|Eesti Vabariik"", ""Tallinn|Reval|Revel|Rewel|Kolywan|Lyndanisse|Lindanäs|Reuel|Tallinn, Estonia""]","[""Estonia"", ""Tallinn""]"
twohopfact,131014,The capital of the country with the national anthem 'Lofsöngur' is,Reykjavík,"[""The country with the national anthem 'Lofsöngur' is"", ""The capital of Iceland is""]","[""Iceland|Republic of Iceland|is|Island|🇮🇸|ISL|Ysland"", ""Reykjavík|Reykjavik|Reykjavíkurborg|Reykjavikurborg""]","[""Iceland"", ""Reykjavik""]"
twohopfact,131015,"The capital of the country with the national anthem 'Dievs, svētī Latviju!' is",Riga,"[""The country with the national anthem 'Dievs, svētī Latviju!' is"", ""The capital of Latvia is""]","[""Latvia|lv|🇱🇻|LVA|Leţmо̄ Vabāmо̄|Leţmо̄|Republic of Latvia|Latvian Republic|Latvija|LAT|Latveja|Latvijas Republika|Latvejas Republika"", ""Riga|Rīga|Ryga|Rige|Riia|Rija|Rīgõ""]","[""Latvia"", ""Riga""]"
twohopfact,131016,The capital of the country with the national anthem 'Nad Tatrou sa blýska' is,Bratislava,"[""The country with the national anthem 'Nad Tatrou sa blýska' is"", ""The capital of Slovakia is""]","[""Slovakia|Slovak Republic|sk|🇸🇰|SVK|Slovakia (Slovak Republic)"", ""Bratislava|Pressburg|Pozsony|Presburg""]","[""Slovakia"", ""Bratislava""]"
twohopfact,131017,The capital of the country with the national anthem 'Zdravljica' is,Ljubljana,"[""The country with the national anthem 'Zdravljica' is"", ""The capital of Slovenia is""]","[""Slovenia|Slovenija|Republika Slovenija|si|🇸🇮|svn|slo|Republic of Slovenia"", ""Ljubljana|Ljubljana, Slovenia|Laibach|Lublana|Labacum|Aemona""]","[""Slovenia"", ""Ljubljana""]"
twohopfact,131018,"The capital of the country with the national anthem 'Shche ne vmerla Ukrainy i slava, i volia' is",Kyiv,"[""The country with the national anthem 'Shche ne vmerla Ukrainy i slava, i volia' is"", ""The capital of Ukraine is""]","[""Ukraine|UA|UKR|Ukrainia|🇺🇦|Ukr.|Ukraina|the Ukraine|Ukraïna|Urkrain"", ""Kyiv|Kyjiv|Kyyiv|Kyjiw|Kyiw|Kyïv|Kief|Kieff|Kiew|Kioff|Kiof|Kiowia|Kiovia|Kiow|Kiou|Kyїv|Kiyev|Kiev""]","[""Ukraine"", ""Kiev""]"
twohopfact,131019,The capital of the country with the national anthem 'Himni i Flamurit' is,Tirana,"[""The country with the national anthem 'Himni i Flamurit' is"", ""The capital of Albania is""]","[""Albania|Republic of Albania|Republika e Shqipërisë|Shqipërisë|🇦🇱|ALB|People's Socialist Republic of Albania|People's Republic of Albania|Republika Popullore Socialiste e Shqiperise|Republika Popullore e Shqiperise|AL"", ""Tirana|Tirane|Tiranë""]","[""Albania"", ""Tirana.""]"
twohopfact,131022,The capital of the country with the national anthem 'Jana Gana Mana' is,New Delhi,"[""The country with the national anthem 'Jana Gana Mana' is"", ""The capital of India is""]","[""India|Republic of India|Bharat|Bharatvarsh|Hindustan|IN|IND|🇮🇳|Bharata|Hindoostan|Indostan|Bharat Ganarajya"", ""New Delhi|Nayi Dilli|New Delhi Municipal Council Area|NDMC area|Nai Dilli""]","[""India"", ""New Delhi""]"
twohopfact,131023,The capital of the country with the national anthem 'Hatikvah' is,Jerusalem,"[""The country with the national anthem 'Hatikvah' is"", ""The capital of Israel is""]","[""Israel|State of Israel|il|🇮🇱|the Jewish state|ISR"", ""Jerusalem|Yerushalayim|J'lem|Aelia Capitolina|Al-Quds""]","[""Israel"", ""Jerusalem""]"
twohopfact,131025,The capital of the country with the national anthem 'Kimigayo' is,Tokyo,"[""The country with the national anthem 'Kimigayo' is"", ""The capital of Japan is""]","[""Japan|State of Japan|Land of the Rising Sun|Nihon|Nippon|JP|Nippon-koku|Nihon-koku|JPN|JAP|JA|🇯🇵|Iapan|Iapon|Land of Rising Sun"", ""Tokyo|Tōkyō|Tôkyô|Tokyo-to|Tokyo Metropolitan prefecture|Tōkyō-to|Tôkyô-to|Tokyo Metropolis|Tokio|Tokyo Prefecture|Tokyo, Japan|Tokei|Tokyo (Japan)""]","[""Japan"", ""Tokyo""]"
twohopfact,131026,The capital of the country with the national anthem 'The Star-Spangled Banner' is,"Washington, D.C.","[""The country with the national anthem 'The Star-Spangled Banner' is"", ""The capital of United States of America is""]","[""United States of America|the United States of America|America|U.S.A.|USA|U.S.|US|the US|the USA|US of A|the United States|U. S. A.|U. S.|the States|the U.S.|United States|US of America|the U.S.A.|the US of America|the US of A|the U.S. of A|the U.S. of America|U.S. of America|Merica"", ""Washington, D.C.|Washington|Washington DC|Washington, DC|DC|D.C.|District of Columbia|Washington, District of Columbia|Washington D.C.|The District|Washington, D.C., U.S.|US-DC|Washington, D. C.|D.C. Washington""]","[""United States"", ""Washington D.C.""]"
twohopfact,131027,The capital of the country with the national anthem 'Himnusz' is,Budapest,"[""The country with the national anthem 'Himnusz' is"", ""The capital of Hungary is""]","[""Hungary|hu|🇭🇺|HUN"", ""Budapest|Buda Pest|Buda-Pest|Budapešť|Budapesta|Budapeszt|Buda|Ofen|Budín|Budim|Budon|Pest|Pešť|Pešta|Alt-Ofen|Budapest, Hungary|Buda-Pesth""]","[""Hungary"", ""Budapest""]"
twohopfact,131031,The capital of the country with the national anthem 'Il Canto degli Italiani' is,Rome,"[""The country with the national anthem 'Il Canto degli Italiani' is"", ""The capital of Italy is""]","[""Italy|Italia|Italian Republic|IT|🇮🇹|ITA|Republic of Italy|Repubblica Italiana"", ""Rome|The Eternal City|Roma|Rome, Italy|City of Seven Hills""]","[""Italy"", ""Rome""]"
twohopfact,131040,The capital of the country with the national anthem 'Pheng Xat Lao' is,Vientiane,"[""The country with the national anthem 'Pheng Xat Lao' is"", ""The capital of Laos is""]","[""Laos|Lao People's Democratic Republic|la|Lao PDR|LAO|🇱🇦"", ""Vientiane|Bientani|Viangchan|Vientane|Wei-t'ien|Vieṅ Čan|Vieṅg-Čăn|Wīangčhan|Viang chan|Vyentyan|Wiangcan|Vienchan|Viengchan|Nakhon Viangchan|Vien Chang|Vieng-Cæn|urban Vientiane""]","[""Laos"", ""Vientiane""]"
twohopfact,131042,The capital of the country with the national anthem 'Negaraku' is,Kuala Lumpur,"[""The country with the national anthem 'Negaraku' is"", ""The capital of Malaysia is""]","[""Malaysia|my|Federation of Malaysia|Malaysia Federation|MAS|MYS|🇲🇾"", ""Kuala Lumpur|KL|Federal Territory of Kuala Lumpur|K.L.""]","[""Malaysia"", ""Kuala Lumpur""]"
twohopfact,131054,The capital of the country with the national anthem 'Meniñ Qazaqstanım' is,Astana,"[""The country with the national anthem 'Meniñ Qazaqstanım' is"", ""The capital of Kazakhstan is""]","[""Kazakhstan|Republic of Kazakhstan|kz|Qazaqstan|KAZ|🇰🇿"", ""Astana|Akmola|Aqmola|Tselinograd|Akmolinsk|Nur-Sultan""]","[""Kazakhstan"", ""Nur-Sultan.""]"
twohopfact,131058,The capital of the country with the national anthem 'Saint Vincent Land so Beautiful' is,Kingstown,"[""The country with the national anthem 'Saint Vincent Land so Beautiful' is"", ""The capital of Saint Vincent and the Grenadines is""]","[""Saint Vincent and the Grenadines|vc|St. Vincent and the Grenadines|St Vincent and the Grenadines|Saint Vincent|St. Vincent|St Vincent|🇻🇨|vct"", ""Kingstown""]","[""Saint Vincent and the Grenadines"", ""Kingstown""]"
twohopfact,131465,The capital of the country led by president Joe Biden is,"Washington, D.C.","[""The country led by president Joe Biden is"", ""The capital of United States of America is""]","[""United States of America|the United States of America|America|U.S.A.|USA|U.S.|US|the US|the USA|US of A|the United States|U. S. A.|U. S.|the States|the U.S.|United States|US of America|the U.S.A.|the US of America|the US of A|the U.S. of A|the U.S. of America|U.S. of America|Merica"", ""Washington, D.C.|Washington|Washington DC|Washington, DC|DC|D.C.|District of Columbia|Washington, District of Columbia|Washington D.C.|The District|Washington, D.C., U.S.|US-DC|Washington, D. C.|D.C. Washington""]","[""United States"", ""Washington D.C.""]"
twohopfact,131466,The capital of the country led by president Vladimir Putin is,Moscow,"[""The country led by president Vladimir Putin is"", ""The capital of Russia is""]","[""Russia|Rossiya|Rossija|RU|RUS|Rossijskaja Federatsija|Russian Federation|Rossiyskaya Federatsiya|RF|Российская Федерация|Россия|Federation of Russia"", ""Moscow|Moskva|Moscow, Russia|Moskva Federal City, Russia|Moscow, USSR|Moskva, Russia|City of Moscow|Moscow, Russian Federation|Moscow, Soviet Union|Moscow, Russian SFSR|Москва|Moskva, Rossiya|Mosky|Moskovĭ|Moskvi|Moskve|Moskvë""]","[""Russia"", ""Moscow""]"
twohopfact,131467,The capital of the country led by president Sauli Niinistö is,Helsinki,"[""The country led by president Sauli Niinistö is"", ""The capital of Finland is""]","[""Finland|Republic of Finland|Finnia|Land of Thousand Lakes|fi|Suomi|Suomen tasavalta|Republiken Finland|🇫🇮|FIN"", ""Helsinki|Helsingfors|Helsingia|Helsingin kaupunki|Stadi|Hesa""]","[""Finland"", ""Helsinki""]"
twohopfact,131468,The capital of the country led by president Recep Tayyip Erdoğan is,Ankara,"[""The country led by president Recep Tayyip Erdoğan is"", ""The capital of Turkey is""]","[""Turkey|TUR|TR|Republic of Türkiye|Türkiye|Republic of Turkey"", ""Ankara|Angora""]","[""Turkey"", ""Ankara""]"
twohopfact,131469,The capital of the country led by president Andrzej Duda is,Warsaw,"[""The country led by president Andrzej Duda is"", ""The capital of Poland is""]","[""Poland|POL|Republic of Poland|PL|Polska|🇵🇱"", ""Warsaw|Warszawa|Varshe|Warschau|Varshava|Varšava|Varsó|Varsavia|Varsovie|Varsovia|Varšuva|Warsaw, Poland""]","[""Poland"", ""Warsaw""]"
twohopfact,131470,The capital of the country led by president Abdel Fattah el-Sisi is,Cairo,"[""The country led by president Abdel Fattah el-Sisi is"", ""The capital of Egypt is""]","[""Egypt|Republic of Egypt|eg|EGY|🇪🇬|Arab Republic of Egypt|Arab Rep. Egypt|Rep. Egypt"", ""Cairo|Cairo, Egypt""]","[""Egypt"", ""Cairo""]"
twohopfact,131471,The capital of the country led by president Ali Khamenei is,Tehran,"[""The country led by president Ali Khamenei is"", ""The capital of Iran is""]","[""Iran|Islamic Republic of Iran|Persia|ir|Islamic Rep. Iran|🇮🇷|irn"", ""Tehran|Teheran|Ṭihrán""]","[""Iran"", ""Tehran.""]"
twohopfact,131473,The capital of the country led by president Alberto Fernández is,Buenos Aires,"[""The country led by president Alberto Fernández is"", ""The capital of Argentina is""]","[""Argentina|🇦🇷|ARG|Arjentina|AR|Argentine Republic|Republic of Argentina"", ""Buenos Aires|Ciudad Autonoma de Buenos Aires|Buenos Aires city""]","[""Argentina"", ""Buenos Aires""]"
twohopfact,131474,The capital of the country led by president Marcelo Rebelo de Sousa is,Lisbon,"[""The country led by president Marcelo Rebelo de Sousa is"", ""The capital of Portugal is""]","[""Portugal|Portuguese Republic|PT|🇵🇹|PRT|POR"", ""Lisbon|Lisboa""]","[""Portugal"", ""Lisbon""]"
twohopfact,131475,The capital of the country led by president Alexander Lukashenka is,Minsk,"[""The country led by president Alexander Lukashenka is"", ""The capital of Belarus is""]","[""Belarus|🇧🇾|White Russia|White Ruthenia|Republic of Belarus|by|Byeloruss|BLR|Bielorussia|Belorussia|Byelorussia|Respublika Belarus'|Respublika Bielaruś|Bielaruś"", ""Minsk|Мінск|Менск|Минск|Mińsk|Minskas|Mensk|Miensk""]","[""Belarus"", ""Minsk""]"
twohopfact,131476,The capital of the country led by president Joko Widodo is,Jakarta,"[""The country led by president Joko Widodo is"", ""The capital of Indonesia is""]","[""Indonesia|Republic of Indonesia|id|INA|IDN"", ""Jakarta|Special Capital Region of Jakarta|JKT|Jakarta, Indonesia|Djakarta|Jacarta|Jakarta Province""]","[""Indonesia."", ""Jakarta""]"
twohopfact,131477,The capital of the country led by president Miloš Zeman is,Prague,"[""The country led by president Miloš Zeman is"", ""The capital of Czech Republic is""]","[""Czech Republic|CZR|Česko|Česká republika|ČR|CZE|CZ|Czechia"", ""Prague|Praha|Hlavní město Praha|City of Prague""]","[""Czech Republic"", ""Prague""]"
twohopfact,131478,The capital of the country led by president János Áder is,Budapest,"[""The country led by president János Áder is"", ""The capital of Hungary is""]","[""Hungary|hu|🇭🇺|HUN"", ""Budapest|Buda Pest|Buda-Pest|Budapešť|Budapesta|Budapeszt|Buda|Ofen|Budín|Budim|Budon|Pest|Pešť|Pešta|Alt-Ofen|Budapest, Hungary|Buda-Pesth""]","[""Hungary"", ""Budapest""]"
twohopfact,131480,The capital of the country led by president Moon Jae-in is,Seoul,"[""The country led by president Moon Jae-in is"", ""The capital of South Korea is""]","[""South Korea|Republic of Korea|ROK|kr|Rep. Korea|S. Korea|Korea Republic|🇰🇷|KOR|Hanguk|Daehan Minguk|Daehanminguk|SK|Korea (South)"", ""Seoul|Seoul City|Sŏul T'ŭkpyŏlsi|Wiryeseong|Namgyeong|Hanseong|Hanyang|Keijō|Keijou|Gyeongseong""]","[""South Korea"", ""Seoul""]"
twohopfact,131481,The capital of the country led by president Nicolás Maduro is,Caracas,"[""The country led by president Nicolás Maduro is"", ""The capital of Venezuela is""]","[""Venezuela|Bolivarian Republic of Venezuela|BR Venezuela|VE|🇻🇪|Estados Unidos de Venezuela|Vzla|VEN"", ""Caracas|Santiago de Leon de Caracas|CCS|Santiago de León de Caracas""]","[""Venezuela"", ""Caracas""]"
twohopfact,131484,The capital of the country led by president Abdel Fattah al-Burhan is,Khartoum,"[""The country led by president Abdel Fattah al-Burhan is"", ""The capital of Sudan is""]","[""Sudan|Republic of the Sudan|as-Sūdān|sd|North Sudan|the Sudan|🇸🇩|Republic of Sudan|SUD|Soudan|as-Sudan|al-Sudan"", ""Khartoum""]","[""Sudan"", ""Khartoum""]"
twohopfact,131485,The capital of the country led by president Khurelsukh Ukhnaa is,Ulaanbaatar,"[""The country led by president Khurelsukh Ukhnaa is"", ""The capital of Mongolia is""]","[""Mongolia|mn|Mongol uls|MNG|MGL|🇲🇳"", ""Ulaanbaatar|Niislel Hüree|East Hüree|Khan of Urga|Hüree|Ulan-Bator|Ulan Bator|Ih Huree|Kulun|Wulan Batuo""]","[""Mongolia"", ""Ulaanbaatar""]"
twohopfact,131486,The capital of the country led by president Milo Đukanović is,Podgorica,"[""The country led by president Milo Đukanović is"", ""The capital of Montenegro is""]","[""Montenegro|me|🇲🇪|MNE|Crna Gora"", ""Podgorica|Capital of Montenegro|Burguriçe|Podgoritsa|Titograd|Podgoritza""]","[""Montenegro"", ""Podgorica""]"
twohopfact,131487,The capital of the country led by president Michael D. Higgins is,Dublin,"[""The country led by president Michael D. Higgins is"", ""The capital of Republic of Ireland is""]","[""Republic of Ireland|Éire|IE|IRL|Hibernia|Ireland, Republic of|🇮🇪|Eire|Southern Ireland|Ireland (state)|Ireland"", ""Dublin|Dublin city|City of Dublin|Baile Átha Cliath|Dublin, Ireland""]","[""Ireland"", ""Dublin""]"
twohopfact,131488,The capital of the country led by president Mohamed Abdullahi Mohamed is,Mogadishu,"[""The country led by president Mohamed Abdullahi Mohamed is"", ""The capital of Somalia is""]","[""Somalia|Federal Republic of Somalia|so|🇸🇴|SOM"", ""Mogadishu|Xamar|The Seat of the Shah|Hamar|Maqadīshū""]","[""Somalia"", ""Mogadishu""]"
twohopfact,131493,The capital of the country led by president Mohamed Ould Ghazouani is,Nouakchott,"[""The country led by president Mohamed Ould Ghazouani is"", ""The capital of Mauritania is""]","[""Mauritania|Islamic Republic of Mauritania|Muritanya|Agawej|Gànnaar|Murutaane|Moritani|mr|🇲🇷|Gannaar|MTN|Mauretania"", ""Nouakchott|Nouakchott, Mauritania|Nawākshūṭ|Nawakshut|Capital of Mauritania|Nouakchot|Noukchott|Nuwākshūṭ""]","[""Mauritania"", ""Nouakchott.""]"
twohopfact,131494,The capital of the country led by president Isaias Afwerki is,Asmara,"[""The country led by president Isaias Afwerki is"", ""The capital of Eritrea is""]","[""Eritrea|State of Eritrea|Ertrā|Iritriyā|er|🇪🇷|ERI|IRI"", ""Asmara|Asmera""]","[""Eritrea"", ""Asmara""]"
twohopfact,131497,The capital of the country led by president Denis Sassou-Nguesso is,Brazzaville,"[""The country led by president Denis Sassou-Nguesso is"", ""The capital of Republic of the Congo is""]","[""Republic of the Congo|Congo-Brazzaville|Congo Republic|République du Congo|Republic of Congo|cg|Rep. Congo|🇨🇬|Republique du Congo|Congo (Brazzaville)|CGO|Congo"", ""Brazzaville""]","[""Republic of Congo"", ""Brazzaville""]"
twohopfact,131501,The capital of the country led by president Paul Kagame is,Kigali,"[""The country led by president Paul Kagame is"", ""The capital of Rwanda is""]","[""Rwanda|Republic of Rwanda|rw|🇷🇼"", ""Kigali""]","[""Rwanda"", ""Kigali""]"
twohopfact,131502,The capital of the country led by president George Weah is,Monrovia,"[""The country led by president George Weah is"", ""The capital of Liberia is""]","[""Liberia|Republic of Liberia|lr|🇱🇷|LBR"", ""Monrovia""]","[""Liberia"", ""Monrovia""]"
twohopfact,131504,The capital of the country led by president Julius Maada Bio is,Freetown,"[""The country led by president Julius Maada Bio is"", ""The capital of Sierra Leone is""]","[""Sierra Leone|Republic of Sierra Leone|sl|🇸🇱|SLE"", ""Freetown""]","[""Sierra Leone"", ""Freetown""]"
twohopfact,131505,The capital of the country led by president Daniel Ortega is,Managua,"[""The country led by president Daniel Ortega is"", ""The capital of Nicaragua is""]","[""Nicaragua|ni|🇳🇮|Republic of Nicaragua|NIC|NCA"", ""Managua|Managua, Nicaragua""]","[""Nicaragua"", ""Managua""]"
twohopfact,131508,The capital of the country led by president Salva Kiir Mayardit is,Juba,"[""The country led by president Salva Kiir Mayardit is"", ""The capital of South Sudan is""]","[""South Sudan|Republic of South Sudan|Southern Sudan|ss|🇸🇸|SSD"", ""Juba""]","[""South Sudan"", ""Juba""]"
twohopfact,131653,The country with the national anthem 'The Star-Spangled Banner' is led by president,Joe Biden,"[""The country with the national anthem 'The Star-Spangled Banner' is"", ""United States of America is led by president""]","[""United States of America|the United States of America|America|U.S.A.|USA|U.S.|US|the US|the USA|US of A|the United States|U. S. A.|U. S.|the States|the U.S.|United States|US of America|the U.S.A.|the US of America|the US of A|the U.S. of A|the U.S. of America|U.S. of America|Merica"", ""Joe Biden|Joseph Biden|Joseph R. Biden|Joseph R. Biden Jr.|Joseph R. Biden, Jr.|Biden|JRB|POTUS 46|Joe R. Biden Jr.|Joseph Robinette Biden|President Biden|President Joe Biden|President Joseph Biden|President Joseph R. Biden|Joseph Robinette Biden Jr.|President Joseph Biden Jr.|President Joseph Robinette Biden|President Joseph R. Biden Jr.|Joe R. Biden|President Joseph Robinette Biden Jr.|Joe Biden Jr.|Robin Ware|Robert L. Peters|JRB Ware""]","[""United States"", ""Joe Biden""]"
twohopfact,131655,The country with the national anthem 'İstiklâl Marşı' is led by president,Recep Tayyip Erdoğan,"[""The country with the national anthem 'İstiklâl Marşı' is"", ""Turkey is led by president""]","[""Turkey|TUR|TR|Republic of Türkiye|Türkiye|Republic of Turkey"", ""Recep Tayyip Erdoğan|Tayyip Erdoğan|Erdoğan""]","[""Turkey"", ""Recep Tayyip Erdogan""]"
twohopfact,131666,The country with the national anthem 'Amar Sonar Bangla' is led by president,Abdul Hamid,"[""The country with the national anthem 'Amar Sonar Bangla' is"", ""Bangladesh is led by president""]","[""Bangladesh|bd|🇧🇩|BAN|People's Republic of Bangladesh"", ""Abdul Hamid|Mohammad Abdul Hamid""]","[""Bangladesh"", ""Mohammad Abdul Hamid""]"
twohopfact,131672,The country with the national anthem 'Amhrán na bhFiann' is led by president,Michael D. Higgins,"[""The country with the national anthem 'Amhrán na bhFiann' is"", ""Republic of Ireland is led by president""]","[""Republic of Ireland|Éire|IE|IRL|Hibernia|Ireland, Republic of|🇮🇪|Eire|Southern Ireland|Ireland (state)|Ireland"", ""Michael D. Higgins|Michael Daniel Higgins|Michael Higgins|President Michael D. Higgins|President Michael Daniel Higgins|President Higgins|President Michael Higgins|Mícheál Dónal Ó hUigínn|Mícheál Ó hUigínn""]","[""Ireland"", ""Michael D. Higgins""]"
twohopfact,131680,The country with the national anthem 'La Congolaise' is led by president,Denis Sassou-Nguesso,"[""The country with the national anthem 'La Congolaise' is"", ""Republic of the Congo is led by president""]","[""Republic of the Congo|Congo-Brazzaville|Congo Republic|République du Congo|Republic of Congo|cg|Rep. Congo|🇨🇬|Republique du Congo|Congo (Brazzaville)|CGO|Congo"", ""Denis Sassou-Nguesso|Denis Sassou Nguesso|Denis Sassou-Ngeuesso""]","[""Congo"", ""Denis Sassou Nguesso""]"
twohopfact,131881,"The country with Washington, D.C. as its capital is led by president",Joe Biden,"[""The country with Washington, D.C. as its capital is"", ""United States of America is led by president""]","[""United States of America|the United States of America|America|U.S.A.|USA|U.S.|US|the US|the USA|US of A|the United States|U. S. A.|U. S.|the States|the U.S.|United States|US of America|the U.S.A.|the US of America|the US of A|the U.S. of A|the U.S. of America|U.S. of America|Merica"", ""Joe Biden|Joseph Biden|Joseph R. Biden|Joseph R. Biden Jr.|Joseph R. Biden, Jr.|Biden|JRB|POTUS 46|Joe R. Biden Jr.|Joseph Robinette Biden|President Biden|President Joe Biden|President Joseph Biden|President Joseph R. Biden|Joseph Robinette Biden Jr.|President Joseph Biden Jr.|President Joseph Robinette Biden|President Joseph R. Biden Jr.|Joe R. Biden|President Joseph Robinette Biden Jr.|Joe Biden Jr.|Robin Ware|Robert L. Peters|JRB Ware""]","[""United States"", ""Joe Biden""]"
twohopfact,131882,The country with Moscow as its capital is led by president,Vladimir Putin,"[""The country with Moscow as its capital is"", ""Russia is led by president""]","[""Russia|Rossiya|Rossija|RU|RUS|Rossijskaja Federatsija|Russian Federation|Rossiyskaya Federatsiya|RF|Российская Федерация|Россия|Federation of Russia"", ""Vladimir Putin|Vladimir Vladimirovich Putin|Putin""]","[""Russia"", ""Vladimir Putin""]"
twohopfact,131884,The country with Ankara as its capital is led by president,Recep Tayyip Erdoğan,"[""The country with Ankara as its capital is"", ""Turkey is led by president""]","[""Turkey|TUR|TR|Republic of Türkiye|Türkiye|Republic of Turkey"", ""Recep Tayyip Erdoğan|Tayyip Erdoğan|Erdoğan""]","[""Turkey"", ""Recep Tayyip Erdogan""]"
twohopfact,131892,The country with Minsk as its capital is led by president,Alexander Lukashenka,"[""The country with Minsk as its capital is"", ""Belarus is led by president""]","[""Belarus|🇧🇾|White Russia|White Ruthenia|Republic of Belarus|by|Byeloruss|BLR|Bielorussia|Belorussia|Byelorussia|Respublika Belarus'|Respublika Bielaruś|Bielaruś"", ""Alexander Lukashenka|Alexander Grigoryevich Lukashenko|Aliaksandr Lukashenka|Aliaksandr Ryhoravich Lukashenka|Alexander Lukashenko""]","[""Belarus"", ""Alexander Lukashenko""]"
twohopfact,131893,The country with Jakarta as its capital is led by president,Joko Widodo,"[""The country with Jakarta as its capital is"", ""Indonesia is led by president""]","[""Indonesia|Republic of Indonesia|id|INA|IDN"", ""Joko Widodo|Mulyono|Jokowi""]","[""Indonesia"", ""Joko Widodo""]"
twohopfact,131898,The country with Caracas as its capital is led by president,Nicolás Maduro,"[""The country with Caracas as its capital is"", ""Venezuela is led by president""]","[""Venezuela|Bolivarian Republic of Venezuela|BR Venezuela|VE|🇻🇪|Estados Unidos de Venezuela|Vzla|VEN"", ""Nicolás Maduro|Nicolás Maduro Moros|Nicolas Maduro Moros|Nicolas Maduro|Maduro""]","[""Venezuela"", ""Nicolas Maduro""]"
twohopfact,131899,The country with Dhaka as its capital is led by president,Abdul Hamid,"[""The country with Dhaka as its capital is"", ""Bangladesh is led by president""]","[""Bangladesh|bd|🇧🇩|BAN|People's Republic of Bangladesh"", ""Abdul Hamid|Mohammad Abdul Hamid""]","[""Bangladesh"", ""Mohammad Abdul Hamid""]"
twohopfact,131905,The country with Dublin as its capital is led by president,Michael D. Higgins,"[""The country with Dublin as its capital is"", ""Republic of Ireland is led by president""]","[""Republic of Ireland|Éire|IE|IRL|Hibernia|Ireland, Republic of|🇮🇪|Eire|Southern Ireland|Ireland (state)|Ireland"", ""Michael D. Higgins|Michael Daniel Higgins|Michael Higgins|President Michael D. Higgins|President Michael Daniel Higgins|President Higgins|President Michael Higgins|Mícheál Dónal Ó hUigínn|Mícheál Ó hUigínn""]","[""Ireland"", ""Michael D. Higgins""]"
twohopfact,131907,The country with Tunis as its capital is led by president,Kais Saied,"[""The country with Tunis as its capital is"", ""Tunisia is led by president""]","[""Tunisia|Republic of Tunisia|Tunisian Republic|tn|🇹🇳|TUN"", ""Kais Saied|Qais Sa'id|Qays Sa'id|Qays Suʿayyid|Kaïs Saïed""]","[""Tunisia"", ""Kais Saied""]"
twohopfact,131909,The country with Sucre as its capital is led by president,Luis Arce,"[""The country with Sucre as its capital is"", ""Bolivia is led by president""]","[""Bolivia|bo|🇧🇴|Plurinational State of Bolivia|bol|Republic of Bolivia|Bolivia (Plurinational State of)"", ""Luis Arce|Luis Alberto Arce Catacora|Lucho""]","[""Bolivia"", ""Luis Arce""]"
twohopfact,131910,The country with Sanaa as its capital is led by president,Abdrabbuh Mansour Hadi,"[""The country with Sanaa as its capital is"", ""Yemen is led by president""]","[""Yemen|Republic of Yemen|ye|Rep. Yemen|🇾🇪|YEM"", ""Abdrabbuh Mansour Hadi|Mansour Hadi|President Abdrabbuh Mansour Hadi|Abd-Rabbu Mansour Hadi|Abdrabbuh Mansur Hadi|Abdorabuh Mansour Hadi""]","[""Yemen."", ""Abdrabbuh Mansur Hadi""]"
twohopfact,131911,The country with Aden as its capital is led by president,Abdrabbuh Mansour Hadi,"[""The country with Aden as its capital is"", ""Yemen is led by president""]","[""Yemen|Republic of Yemen|ye|Rep. Yemen|🇾🇪|YEM"", ""Abdrabbuh Mansour Hadi|Mansour Hadi|President Abdrabbuh Mansour Hadi|Abd-Rabbu Mansour Hadi|Abdrabbuh Mansur Hadi|Abdorabuh Mansour Hadi""]","[""Yemen"", ""Abdrabbuh Mansur Hadi""]"
twohopfact,131914,The country with Yaoundé as its capital is led by president,Paul Biya,"[""The country with Yaoundé as its capital is"", ""Cameroon is led by president""]","[""Cameroon|🇨🇲|CMR|CAM|CM|Republic of Cameroon"", ""Paul Biya|Paul Biya Bi Mvondo""]","[""Cameroon"", ""Paul Biya""]"
twohopfact,131915,The country with Asmara as its capital is led by president,Isaias Afwerki,"[""The country with Asmara as its capital is"", ""Eritrea is led by president""]","[""Eritrea|State of Eritrea|Ertrā|Iritriyā|er|🇪🇷|ERI|IRI"", ""Isaias Afwerki""]","[""Eritrea"", ""Isaias Afwerki""]"
twohopfact,131919,The country with Brazzaville as its capital is led by president,Denis Sassou-Nguesso,"[""The country with Brazzaville as its capital is"", ""Republic of the Congo is led by president""]","[""Republic of the Congo|Congo-Brazzaville|Congo Republic|République du Congo|Republic of Congo|cg|Rep. Congo|🇨🇬|Republique du Congo|Congo (Brazzaville)|CGO|Congo"", ""Denis Sassou-Nguesso|Denis Sassou Nguesso|Denis Sassou-Ngeuesso""]","[""Republic of Congo"", ""Denis Sassou Nguesso""]"
twohopfact,131924,The country with Monrovia as its capital is led by president,George Weah,"[""The country with Monrovia as its capital is"", ""Liberia is led by president""]","[""Liberia|Republic of Liberia|lr|🇱🇷|LBR"", ""George Weah|George Manneh Oppong Weah""]","[""Liberia"", ""George Weah""]"
twohopfact,131927,The country with Managua as its capital is led by president,Daniel Ortega,"[""The country with Managua as its capital is"", ""Nicaragua is led by president""]","[""Nicaragua|ni|🇳🇮|Republic of Nicaragua|NIC|NCA"", ""Daniel Ortega|José Daniel Ortega Saavedraa""]","[""Nicaragua"", ""Daniel Ortega""]"
twohopfact,133309,The developer of the game 'Beyond: Two Souls' was founded by the person named,David Cage,"[""The developer of the game 'Beyond: Two Souls' is"", ""Quantic Dream was founded by the person named""]","[""Quantic Dream|Quantic Dream SA"", ""David Cage|David De Gruttola""]","[""Quantic Dream"", ""David Cage.""]"
twohopfact,133957,The developer of the game 'Minecraft China' was founded by the person named,Markus Persson,"[""The developer of the game 'Minecraft China' is"", ""Mojang Studios was founded by the person named""]","[""Mojang Studios|Mojang Specifications"", ""Markus Persson|Markus Alexej Persson|xNotch|Nizzotch|Notch|Markus Alexei""]","[""Mojang Studios"", ""Mojang Studios was founded by Markus \""Notch\"" Persson.""]"
twohopfact,134011,The developer of the game 'Day of the Tentacle Remastered' was founded by the person named,Tim Schafer,"[""The developer of the game 'Day of the Tentacle Remastered' is"", ""Double Fine was founded by the person named""]","[""Double Fine|Double Fine Productions|Double Fine Productions, Inc."", ""Tim Schafer|Timothy John Schafer""]","[""Double Fine Productions"", ""Tim Schafer""]"
twohopfact,134178,The developer of the game 'SD Gundam: G Generation Portable' was founded by the person named,Masaya Nakamura,"[""The developer of the game 'SD Gundam: G Generation Portable' is"", ""Bandai Namco Entertainment was founded by the person named""]","[""Bandai Namco Entertainment|Namco Bandai Games|BNGI|Bandai Namco Games|BANDAI NAMCO Entertainment Inc.|BNEI|NBGI|Bandai Namco|Namco|Namco Entertainment"", ""Masaya Nakamura""]","[""Bandai Namco Games"", ""Masaya Nakamura""]"
twohopfact,134299,The developer of the game 'Minecraft: Java Edition' was founded by the person named,Markus Persson,"[""The developer of the game 'Minecraft: Java Edition' is"", ""Mojang Studios was founded by the person named""]","[""Mojang Studios|Mojang Specifications"", ""Markus Persson|Markus Alexej Persson|xNotch|Nizzotch|Notch|Markus Alexei""]","[""Mojang Studios"", ""Mojang Studios was founded by Markus \""Notch\"" Persson.""]"
twohopfact,134754,The developer of the game 'Death Stranding Director's Cut' was founded by the person named,Hideo Kojima,"[""The developer of the game 'Death Stranding Director's Cut' is"", ""Kojima Productions was founded by the person named""]","[""Kojima Productions"", ""Hideo Kojima""]","[""Kojima Productions"", ""Hideo Kojima""]"
twohopfact,135144,The developer of the game 'Divinity II' was founded by the person named,Swen Vincke,"[""The developer of the game 'Divinity II' is"", ""Larian Studios was founded by the person named""]","[""Larian Studios"", ""Swen Vincke|Swen Johan Vincke""]","[""Larian Studios."", ""Swen Vincke""]"
twohopfact,135158,The developer of the game 'Divinity: Original Sin' was founded by the person named,Swen Vincke,"[""The developer of the game 'Divinity: Original Sin' is"", ""Larian Studios was founded by the person named""]","[""Larian Studios"", ""Swen Vincke|Swen Johan Vincke""]","[""Larian Studios"", ""Swen Vincke""]"
twohopfact,135172,The developer of the game 'Divinity: Dragon Commander' was founded by the person named,Swen Vincke,"[""The developer of the game 'Divinity: Dragon Commander' is"", ""Larian Studios was founded by the person named""]","[""Larian Studios"", ""Swen Vincke|Swen Johan Vincke""]","[""Larian Studios"", ""Swen Vincke""]"
twohopfact,135178,The developer of the game 'Divinity: Original Sin 2' was founded by the person named,Swen Vincke,"[""The developer of the game 'Divinity: Original Sin 2' is"", ""Larian Studios was founded by the person named""]","[""Larian Studios"", ""Swen Vincke|Swen Johan Vincke""]","[""Larian Studios"", ""Swen Vincke""]"
twohopfact,135180,The developer of the game 'Baldur's Gate III' was founded by the person named,Swen Vincke,"[""The developer of the game 'Baldur's Gate III' is"", ""Larian Studios was founded by the person named""]","[""Larian Studios"", ""Swen Vincke|Swen Johan Vincke""]","[""Larian Studios"", ""Swen Vincke""]"
twohopfact,135181,The developer of the game 'Divinity: Original Sin - Enhanced Edition' was founded by the person named,Swen Vincke,"[""The developer of the game 'Divinity: Original Sin - Enhanced Edition' is"", ""Larian Studios was founded by the person named""]","[""Larian Studios"", ""Swen Vincke|Swen Johan Vincke""]","[""Larian Studios"", ""Swen Vincke""]"
twohopfact,185702,The company founded by Gordon Moore has its headquarters in the city of,Santa Clara,"[""The company founded by Gordon Moore is"", ""Intel has its headquarters in the city of""]","[""Intel|Intel Corporation|N M Electronics|Integrated Electronics|Integrated Electronics Corporation|Intel Corp.|INTC|INTEL CORPORATION     (Santa Clara, CA)"", ""Santa Clara|Santa Clara, California|Santa Clara, CA""]","[""Intel Corporation"", ""Santa Clara, California.""]"
twohopfact,185704,The company founded by Robert Noyce has its headquarters in the city of,Santa Clara,"[""The company founded by Robert Noyce is"", ""Intel has its headquarters in the city of""]","[""Intel|Intel Corporation|N M Electronics|Integrated Electronics|Integrated Electronics Corporation|Intel Corp.|INTC|INTEL CORPORATION     (Santa Clara, CA)"", ""Santa Clara|Santa Clara, California|Santa Clara, CA""]","[""Intel Corporation"", ""Santa Clara, California.""]"
twohopfact,185705,The company founded by Andrew Grove has its headquarters in the city of,Santa Clara,"[""The company founded by Andrew Grove is"", ""Intel has its headquarters in the city of""]","[""Intel|Intel Corporation|N M Electronics|Integrated Electronics|Integrated Electronics Corporation|Intel Corp.|INTC|INTEL CORPORATION     (Santa Clara, CA)"", ""Santa Clara|Santa Clara, California|Santa Clara, CA""]","[""Intel Corporation"", ""Santa Clara, California""]"
twohopfact,185706,The company founded by Steve Wozniak has its headquarters in the city of,Cupertino,"[""The company founded by Steve Wozniak is"", ""Apple has its headquarters in the city of""]","[""Apple|Apple Computer, Inc.|Apple Computer Inc|Apple Incorporated|Apple Computer Incorporated|Apple, Inc|Apple Computer Inc.|Apple Inc.|AAPL|Apple Inc.     (Cupertino, CA)"", ""Cupertino|City of Cupertino|Cupertino, California|Cupertino, CA""]","[""Apple Inc."", ""Cupertino.""]"
twohopfact,185707,The company founded by Steve Jobs has its headquarters in the city of,Cupertino,"[""The company founded by Steve Jobs is"", ""Apple has its headquarters in the city of""]","[""Apple|Apple Computer, Inc.|Apple Computer Inc|Apple Incorporated|Apple Computer Incorporated|Apple, Inc|Apple Computer Inc.|Apple Inc.|AAPL|Apple Inc.     (Cupertino, CA)"", ""Cupertino|City of Cupertino|Cupertino, California|Cupertino, CA""]","[""Apple Inc."", ""Cupertino.""]"
twohopfact,185723,The company founded by Lee Byung-chul has its headquarters in the city of,Seoul,"[""The company founded by Lee Byung-chul is"", ""Samsung has its headquarters in the city of""]","[""Samsung|Samsung Group|Samsung chaebol"", ""Seoul|Seoul City|Sŏul T'ŭkpyŏlsi|Wiryeseong|Namgyeong|Hanseong|Hanyang|Keijō|Keijou|Gyeongseong""]","[""Samsung"", ""Seoul.""]"
twohopfact,185868,The company founded by Tim Schafer has its headquarters in the city of,San Francisco,"[""The company founded by Tim Schafer is"", ""Double Fine has its headquarters in the city of""]","[""Double Fine|Double Fine Productions|Double Fine Productions, Inc."", ""San Francisco|San Francisco, California|The City by the Bay|SF|SFO|The Golden City|Paris of the West|Baghdad by the Bay|San Francisco County|San Francisco County, California|San Fran|Frisco|City and County of San Francisco|San Francisco, CA""]","[""Double Fine Productions."", ""San Francisco""]"
twohopfact,189072,The developer of the game 'World of Warcraft' has its headquarters in the city of,Irvine,"[""The developer of the game 'World of Warcraft' is"", ""Blizzard Entertainment has its headquarters in the city of""]","[""Blizzard Entertainment|Blizzard Entertainment, Inc.|Silicon & Synapse|Blizzard|Blizzard Entertainment Inc."", ""Irvine|Irvine, California|Irvine, CA|City of Irvine""]","[""Blizzard Entertainment."", ""Blizzard North (formerly known as Blizzard Entertainment) is based in Irvine, California.""]"
twohopfact,189445,The developer of the game 'Mario Kart Arcade GP' has its headquarters in the city of,Tokyo,"[""The developer of the game 'Mario Kart Arcade GP' is"", ""Bandai Namco Entertainment has its headquarters in the city of""]","[""Bandai Namco Entertainment|Namco Bandai Games|BNGI|Bandai Namco Games|BANDAI NAMCO Entertainment Inc.|BNEI|NBGI|Bandai Namco|Namco|Namco Entertainment"", ""Tokyo|Tōkyō|Tôkyô|Tokyo-to|Tokyo Metropolitan prefecture|Tōkyō-to|Tôkyô-to|Tokyo Metropolis|Tokio|Tokyo Prefecture|Tokyo, Japan|Tokei|Tokyo (Japan)""]","[""Bandai Namco Games"", ""Tokyo""]"
twohopfact,189454,The developer of the game 'One Piece Treasure Cruise' has its headquarters in the city of,Tokyo,"[""The developer of the game 'One Piece Treasure Cruise' is"", ""Bandai Namco Entertainment has its headquarters in the city of""]","[""Bandai Namco Entertainment|Namco Bandai Games|BNGI|Bandai Namco Games|BANDAI NAMCO Entertainment Inc.|BNEI|NBGI|Bandai Namco|Namco|Namco Entertainment"", ""Tokyo|Tōkyō|Tôkyô|Tokyo-to|Tokyo Metropolitan prefecture|Tōkyō-to|Tôkyô-to|Tokyo Metropolis|Tokio|Tokyo Prefecture|Tokyo, Japan|Tokei|Tokyo (Japan)""]","[""Bandai Namco Games"", ""Tokyo""]"
twohopfact,217325,The company founded by Larry Page has its headquarters in the country of,United States of America,"[""The company founded by Larry Page is"", ""Google has its headquarters in the country of""]","[""Google|Google Inc.|Big G|Google, Inc.|Google LLC|Google LLC (Mountain View, CA)"", ""United States of America|the United States of America|America|U.S.A.|USA|U.S.|US|the US|the USA|US of A|the United States|U. S. A.|U. S.|the States|the U.S.|United States|US of America|the U.S.A.|the US of America|the US of A|the U.S. of A|the U.S. of America|U.S. of America|Merica""]","[""Google."", ""United States.""]"
twohopfact,217326,The company founded by Sergey Brin has its headquarters in the country of,United States of America,"[""The company founded by Sergey Brin is"", ""Google has its headquarters in the country of""]","[""Google|Google Inc.|Big G|Google, Inc.|Google LLC|Google LLC (Mountain View, CA)"", ""United States of America|the United States of America|America|U.S.A.|USA|U.S.|US|the US|the USA|US of A|the United States|U. S. A.|U. S.|the States|the U.S.|United States|US of America|the U.S.A.|the US of America|the US of A|the U.S. of A|the U.S. of America|U.S. of America|Merica""]","[""Google."", ""United States.""]"
twohopfact,217334,The company founded by Mark Zuckerberg has its headquarters in the country of,United States of America,"[""The company founded by Mark Zuckerberg is"", ""Meta Platforms has its headquarters in the country of""]","[""Meta Platforms|Meta Platforms, Inc.|Facebook, Inc.|Facebook|Meta|TheFacebook, Inc."", ""United States of America|the United States of America|America|U.S.A.|USA|U.S.|US|the US|the USA|US of A|the United States|U. S. A.|U. S.|the States|the U.S.|United States|US of America|the U.S.A.|the US of America|the US of A|the U.S. of A|the U.S. of America|U.S. of America|Merica""]","[""Facebook"", ""United States""]"
twohopfact,217336,The company founded by Dustin Moskovitz has its headquarters in the country of,United States of America,"[""The company founded by Dustin Moskovitz is"", ""Meta Platforms has its headquarters in the country of""]","[""Meta Platforms|Meta Platforms, Inc.|Facebook, Inc.|Facebook|Meta|TheFacebook, Inc."", ""United States of America|the United States of America|America|U.S.A.|USA|U.S.|US|the US|the USA|US of A|the United States|U. S. A.|U. S.|the States|the U.S.|United States|US of America|the U.S.A.|the US of America|the US of A|the U.S. of A|the U.S. of America|U.S. of America|Merica""]","[""Facebook"", ""United States""]"
twohopfact,217337,The company founded by Chris Hughes has its headquarters in the country of,United States of America,"[""The company founded by Chris Hughes is"", ""Meta Platforms has its headquarters in the country of""]","[""Meta Platforms|Meta Platforms, Inc.|Facebook, Inc.|Facebook|Meta|TheFacebook, Inc."", ""United States of America|the United States of America|America|U.S.A.|USA|U.S.|US|the US|the USA|US of A|the United States|U. S. A.|U. S.|the States|the U.S.|United States|US of America|the U.S.A.|the US of America|the US of A|the U.S. of A|the U.S. of America|U.S. of America|Merica""]","[""Thefacebook"", ""United States""]"
twohopfact,217349,The company founded by Akio Morita has its headquarters in the country of,Japan,"[""The company founded by Akio Morita is"", ""Sony has its headquarters in the country of""]","[""Sony|Sony Corporation|Tokyo Tsushin Kogyo K.K.|Totsuko|Tokyo Telecommunications Engineering Corporation|Sony Corporation (Tokyo)|Sony Corp."", ""Japan|State of Japan|Land of the Rising Sun|Nihon|Nippon|JP|Nippon-koku|Nihon-koku|JPN|JAP|JA|🇯🇵|Iapan|Iapon|Land of Rising Sun""]","[""Sony."", ""Japan""]"
twohopfact,217355,The company founded by Lee Byung-chul has its headquarters in the country of,South Korea,"[""The company founded by Lee Byung-chul is"", ""Samsung has its headquarters in the country of""]","[""Samsung|Samsung Group|Samsung chaebol"", ""South Korea|Republic of Korea|ROK|kr|Rep. Korea|S. Korea|Korea Republic|🇰🇷|KOR|Hanguk|Daehan Minguk|Daehanminguk|SK|Korea (South)""]","[""Samsung"", ""South Korea""]"
twohopfact,217357,The company founded by Ray Kroc has its headquarters in the country of,United States of America,"[""The company founded by Ray Kroc is"", ""McDonald’s has its headquarters in the country of""]","[""McDonald’s|McD|Mcdonalds|McDonald's Corporation|McDonald's Restaurant|McDonald's|McDonald|Mickey D's|McDo|Macca's|Maccas"", ""United States of America|the United States of America|America|U.S.A.|USA|U.S.|US|the US|the USA|US of A|the United States|U. S. A.|U. S.|the States|the U.S.|United States|US of America|the U.S.A.|the US of America|the US of A|the U.S. of A|the U.S. of America|U.S. of America|Merica""]","[""McDonald's"", ""United States""]"
twohopfact,217360,The company founded by Maurice McDonald has its headquarters in the country of,United States of America,"[""The company founded by Maurice McDonald is"", ""McDonald’s has its headquarters in the country of""]","[""McDonald’s|McD|Mcdonalds|McDonald's Corporation|McDonald's Restaurant|McDonald's|McDonald|Mickey D's|McDo|Macca's|Maccas"", ""United States of America|the United States of America|America|U.S.A.|USA|U.S.|US|the US|the USA|US of A|the United States|U. S. A.|U. S.|the States|the U.S.|United States|US of America|the U.S.A.|the US of America|the US of A|the U.S. of A|the U.S. of America|U.S. of America|Merica""]","[""I can't assist with this request as I don't have access to a search engine to provide information about the founder of Maurice McDonald's company."", ""United States.""]"
twohopfact,217364,The company founded by Gerard Philips has its headquarters in the country of,Netherlands,"[""The company founded by Gerard Philips is"", ""Koninklijke Philips NV has its headquarters in the country of""]","[""Koninklijke Philips NV|Koninklijke Philips Electronics N.V.|Royal Philips Electronics|Philips Electronics N.V.|Royal Philips|PHILIPS|Firma Philips, Eindhoven|Firma Philips"", ""Netherlands|Holland|the Netherlands|NL|NED|Nederland|🇳🇱|Netherlands (after 1945)""]","[""Philips Electronics N.V."", ""Netherlands""]"
twohopfact,217365,The company founded by Frederik Philips has its headquarters in the country of,Netherlands,"[""The company founded by Frederik Philips is"", ""Koninklijke Philips NV has its headquarters in the country of""]","[""Koninklijke Philips NV|Koninklijke Philips Electronics N.V.|Royal Philips Electronics|Philips Electronics N.V.|Royal Philips|PHILIPS|Firma Philips, Eindhoven|Firma Philips"", ""Netherlands|Holland|the Netherlands|NL|NED|Nederland|🇳🇱|Netherlands (after 1945)""]","[""Philips Electronics N.V."", ""Netherlands""]"
twohopfact,217479,The company founded by Steven Spielberg has its headquarters in the country of,United States of America,"[""The company founded by Steven Spielberg is"", ""Amblin Entertainment has its headquarters in the country of""]","[""Amblin Entertainment"", ""United States of America|the United States of America|America|U.S.A.|USA|U.S.|US|the US|the USA|US of A|the United States|U. S. A.|U. S.|the States|the U.S.|United States|US of America|the U.S.A.|the US of America|the US of A|the U.S. of A|the U.S. of America|U.S. of America|Merica""]","[""Amblin Entertainment"", ""United States""]"
twohopfact,217520,The company founded by Ole Kirk Christiansen has its headquarters in the country of,Denmark,"[""The company founded by Ole Kirk Christiansen is"", ""The Lego Group has its headquarters in the country of""]","[""The Lego Group|Lego Group|Lego A/S|Lego|LEGO System A/S|Lego company|Lego Aktieselskab"", ""Denmark|DK|Danmark|DNK|DEK|🇩🇰|DEN|TAN|Denmark proper|metropolitan Denmark""]","[""Danish Wood Products (now known as LEGO Group)."", ""Denmark""]"
twohopfact,221693,The developer of the game 'Final Fight' has its headquarters in the country of,Japan,"[""The developer of the game 'Final Fight' is"", ""Capcom has its headquarters in the country of""]","[""Capcom|Capcom Co., Ltd.|Capcom Entertainment Inc|CAPCOM Germany"", ""Japan|State of Japan|Land of the Rising Sun|Nihon|Nippon|JP|Nippon-koku|Nihon-koku|JPN|JAP|JA|🇯🇵|Iapan|Iapon|Land of Rising Sun""]","[""Capcom"", ""Japan""]"
twohopfact,221760,The developer of the game 'GTA Online: San Andreas Flight School' has its headquarters in the country of,United States of America,"[""The developer of the game 'GTA Online: San Andreas Flight School' is"", ""Rockstar Games has its headquarters in the country of""]","[""Rockstar Games|Rockstar Games, Inc."", ""United States of America|the United States of America|America|U.S.A.|USA|U.S.|US|the US|the USA|US of A|the United States|U. S. A.|U. S.|the States|the U.S.|United States|US of America|the U.S.A.|the US of America|the US of A|the U.S. of A|the U.S. of America|U.S. of America|Merica""]","[""Rockstar Games"", ""United States""]"
twohopfact,221802,The developer of the game 'Overwatch: Legendary Edition' has its headquarters in the country of,United States of America,"[""The developer of the game 'Overwatch: Legendary Edition' is"", ""Blizzard Entertainment has its headquarters in the country of""]","[""Blizzard Entertainment|Blizzard Entertainment, Inc.|Silicon & Synapse|Blizzard|Blizzard Entertainment Inc."", ""United States of America|the United States of America|America|U.S.A.|USA|U.S.|US|the US|the USA|US of A|the United States|U. S. A.|U. S.|the States|the U.S.|United States|US of America|the U.S.A.|the US of America|the US of A|the U.S. of A|the U.S. of America|U.S. of America|Merica""]","[""Blizzard Entertainment."", ""United States.""]"
twohopfact,221829,The developer of the game 'Tom Clancy's EndWar' has its headquarters in the country of,France,"[""The developer of the game 'Tom Clancy's EndWar' is"", ""Ubisoft has its headquarters in the country of""]","[""Ubisoft|Ubisoft Entertainment|Ubi Soft Entertainment"", ""France|fr|Republic of France|French Republic|FRA|the Hexagon""]","[""Ubisoft"", ""France""]"
twohopfact,221836,The developer of the game 'QUAKE III: Team Arena' has its headquarters in the country of,United States of America,"[""The developer of the game 'QUAKE III: Team Arena' is"", ""Id Software has its headquarters in the country of""]","[""id Software|id|Id Software Inc.|Ideas from the Deep"", ""United States of America|the United States of America|America|U.S.A.|USA|U.S.|US|the US|the USA|US of A|the United States|U. S. A.|U. S.|the States|the U.S.|United States|US of America|the U.S.A.|the US of America|the US of A|the U.S. of A|the U.S. of America|U.S. of America|Merica""]","[""id Software"", ""United States.""]"
twohopfact,221843,The developer of the game 'Madden NFL 16' has its headquarters in the country of,United States of America,"[""The developer of the game 'Madden NFL 16' is"", ""Electronic Arts has its headquarters in the country of""]","[""Electronic Arts|EA|EA Games|Electronic Arts Inc.|Electronic Arts, Inc."", ""United States of America|the United States of America|America|U.S.A.|USA|U.S.|US|the US|the USA|US of A|the United States|U. S. A.|U. S.|the States|the U.S.|United States|US of America|the U.S.A.|the US of America|the US of A|the U.S. of A|the U.S. of America|U.S. of America|Merica""]","[""EA Tiburon"", ""United States.""]"
twohopfact,221845,The developer of the game 'Assassin's Creed: Lost Legacy' has its headquarters in the country of,France,"[""The developer of the game 'Assassin's Creed: Lost Legacy' is"", ""Ubisoft has its headquarters in the country of""]","[""Ubisoft|Ubisoft Entertainment|Ubi Soft Entertainment"", ""France|fr|Republic of France|French Republic|FRA|the Hexagon""]","[""Ubisoft"", ""France""]"
twohopfact,222081,The developer of the game 'NHL 06' has its headquarters in the country of,Canada,"[""The developer of the game 'NHL 06' is"", ""EA Vancouver has its headquarters in the country of""]","[""EA Vancouver|EA Canada|Electronic Arts Canada|EA Burnaby"", ""Canada|CAN|CA""]","[""EA Canada"", ""Canada.""]"
twohopfact,222130,The developer of the game 'Persona 4' has its headquarters in the country of,Japan,"[""The developer of the game 'Persona 4' is"", ""Atlus has its headquarters in the country of""]","[""Atlus|Atlus Co., Ltd.|ATLUS. CO., LTD.|P-Studio"", ""Japan|State of Japan|Land of the Rising Sun|Nihon|Nippon|JP|Nippon-koku|Nihon-koku|JPN|JAP|JA|🇯🇵|Iapan|Iapon|Land of Rising Sun""]","[""Atlus"", ""Japan.""]"
twohopfact,222137,The developer of the game 'Halo 3' has its headquarters in the country of,United States of America,"[""The developer of the game 'Halo 3' is"", ""Bungie has its headquarters in the country of""]","[""Bungie|Bungie Studios|Bungie, Inc."", ""United States of America|the United States of America|America|U.S.A.|USA|U.S.|US|the US|the USA|US of A|the United States|U. S. A.|U. S.|the States|the U.S.|United States|US of America|the U.S.A.|the US of America|the US of A|the U.S. of A|the U.S. of America|U.S. of America|Merica""]","[""Bungie"", ""United States.""]"
twohopfact,222142,The developer of the game 'Destiny 2' has its headquarters in the country of,United States of America,"[""The developer of the game 'Destiny 2' is"", ""Bungie has its headquarters in the country of""]","[""Bungie|Bungie Studios|Bungie, Inc."", ""United States of America|the United States of America|America|U.S.A.|USA|U.S.|US|the US|the USA|US of A|the United States|U. S. A.|U. S.|the States|the U.S.|United States|US of America|the U.S.A.|the US of America|the US of A|the U.S. of A|the U.S. of America|U.S. of America|Merica""]","[""Bungie"", ""United States.""]"
twohopfact,222166,The developer of the game 'Civilization V' has its headquarters in the country of,United States of America,"[""The developer of the game 'Civilization V' is"", ""Firaxis Games has its headquarters in the country of""]","[""Firaxis Games|Firaxis|Firaxis Games, Inc."", ""United States of America|the United States of America|America|U.S.A.|USA|U.S.|US|the US|the USA|US of A|the United States|U. S. A.|U. S.|the States|the U.S.|United States|US of America|the U.S.A.|the US of America|the US of A|the U.S. of A|the U.S. of America|U.S. of America|Merica""]","[""Firaxis Games."", ""United States.""]"
twohopfact,222211,The developer of the game 'Guitar Hero: Aerosmith' has its headquarters in the country of,United States of America,"[""The developer of the game 'Guitar Hero: Aerosmith' is"", ""Neversoft has its headquarters in the country of""]","[""Neversoft|Neversoft Entertainment"", ""United States of America|the United States of America|America|U.S.A.|USA|U.S.|US|the US|the USA|US of A|the United States|U. S. A.|U. S.|the States|the U.S.|United States|US of America|the U.S.A.|the US of America|the US of A|the U.S. of A|the U.S. of America|U.S. of America|Merica""]","[""Neversoft."", ""United States.""]"
twohopfact,222212,The developer of the game 'Guitar Hero III: Legends of Rock' has its headquarters in the country of,United States of America,"[""The developer of the game 'Guitar Hero III: Legends of Rock' is"", ""Neversoft has its headquarters in the country of""]","[""Neversoft|Neversoft Entertainment"", ""United States of America|the United States of America|America|U.S.A.|USA|U.S.|US|the US|the USA|US of A|the United States|U. S. A.|U. S.|the States|the U.S.|United States|US of America|the U.S.A.|the US of America|the US of A|the U.S. of A|the U.S. of America|U.S. of America|Merica""]","[""Neversoft Studios"", ""United States.""]"
twohopfact,222271,The developer of the game 'The Witcher 2: Assassins of Kings' has its headquarters in the country of,Poland,"[""The developer of the game 'The Witcher 2: Assassins of Kings' is"", ""CD Projekt RED has its headquarters in the country of""]","[""CD Projekt RED|CDPR"", ""Poland|POL|Republic of Poland|PL|Polska|🇵🇱""]","[""CD Projekt RED."", ""Poland""]"
twohopfact,222292,The developer of the game 'Legoland' has its headquarters in the country of,Denmark,"[""The developer of the game 'Legoland' is"", ""The Lego Group has its headquarters in the country of""]","[""The Lego Group|Lego Group|Lego A/S|Lego|LEGO System A/S|Lego company|Lego Aktieselskab"", ""Denmark|DK|Danmark|DNK|DEK|🇩🇰|DEN|TAN|Denmark proper|metropolitan Denmark""]","[""The LEGO Group"", ""Denmark""]"
twohopfact,222298,The developer of the game 'Angry Birds 2' has its headquarters in the country of,Finland,"[""The developer of the game 'Angry Birds 2' is"", ""Rovio Entertainment has its headquarters in the country of""]","[""Rovio Entertainment|Rovio|Rovio Mobile|Rovio Entertainment Limited|Rovio Entertainment Ltd.|Rovio Entertainment Oyj"", ""Finland|Republic of Finland|Finnia|Land of Thousand Lakes|fi|Suomi|Suomen tasavalta|Republiken Finland|🇫🇮|FIN""]","[""Rovio Entertainment."", ""Finland""]"
twohopfact,222300,The developer of the game 'Angry Birds Reloaded' has its headquarters in the country of,Finland,"[""The developer of the game 'Angry Birds Reloaded' is"", ""Rovio Entertainment has its headquarters in the country of""]","[""Rovio Entertainment|Rovio|Rovio Mobile|Rovio Entertainment Limited|Rovio Entertainment Ltd.|Rovio Entertainment Oyj"", ""Finland|Republic of Finland|Finnia|Land of Thousand Lakes|fi|Suomi|Suomen tasavalta|Republiken Finland|🇫🇮|FIN""]","[""Rovio Entertainment"", ""Finland""]"
twohopfact,222301,The developer of the game 'Angry Birds Kingdom' has its headquarters in the country of,Finland,"[""The developer of the game 'Angry Birds Kingdom' is"", ""Rovio Entertainment has its headquarters in the country of""]","[""Rovio Entertainment|Rovio|Rovio Mobile|Rovio Entertainment Limited|Rovio Entertainment Ltd.|Rovio Entertainment Oyj"", ""Finland|Republic of Finland|Finnia|Land of Thousand Lakes|fi|Suomi|Suomen tasavalta|Republiken Finland|🇫🇮|FIN""]","[""Rovio Entertainment."", ""Finland""]"
twohopfact,222369,The developer of the game 'Tekken 6' has its headquarters in the country of,Japan,"[""The developer of the game 'Tekken 6' is"", ""Bandai Namco Entertainment has its headquarters in the country of""]","[""Bandai Namco Entertainment|Namco Bandai Games|BNGI|Bandai Namco Games|BANDAI NAMCO Entertainment Inc.|BNEI|NBGI|Bandai Namco|Namco|Namco Entertainment"", ""Japan|State of Japan|Land of the Rising Sun|Nihon|Nippon|JP|Nippon-koku|Nihon-koku|JPN|JAP|JA|🇯🇵|Iapan|Iapon|Land of Rising Sun""]","[""Bandai Namco Entertainment."", ""Japan""]"
twohopfact,222373,The developer of the game 'Pac-Man Games' has its headquarters in the country of,Japan,"[""The developer of the game 'Pac-Man Games' is"", ""Bandai Namco Entertainment has its headquarters in the country of""]","[""Bandai Namco Entertainment|Namco Bandai Games|BNGI|Bandai Namco Games|BANDAI NAMCO Entertainment Inc.|BNEI|NBGI|Bandai Namco|Namco|Namco Entertainment"", ""Japan|State of Japan|Land of the Rising Sun|Nihon|Nippon|JP|Nippon-koku|Nihon-koku|JPN|JAP|JA|🇯🇵|Iapan|Iapon|Land of Rising Sun""]","[""Namco"", ""Japan""]"
twohopfact,222375,The developer of the game 'One Piece Treasure Cruise' has its headquarters in the country of,Japan,"[""The developer of the game 'One Piece Treasure Cruise' is"", ""Bandai Namco Entertainment has its headquarters in the country of""]","[""Bandai Namco Entertainment|Namco Bandai Games|BNGI|Bandai Namco Games|BANDAI NAMCO Entertainment Inc.|BNEI|NBGI|Bandai Namco|Namco|Namco Entertainment"", ""Japan|State of Japan|Land of the Rising Sun|Nihon|Nippon|JP|Nippon-koku|Nihon-koku|JPN|JAP|JA|🇯🇵|Iapan|Iapon|Land of Rising Sun""]","[""Bandai Namco Games"", ""Japan""]"
twohopfact,222833,The developer of the game 'Toontown Online' has its headquarters in the country of,United States of America,"[""The developer of the game 'Toontown Online' is"", ""Disney Interactive has its headquarters in the country of""]","[""Disney Interactive|Disney Games and Interactive Experiences|Walt Disney Internet Group|Disney Interactive Media Group|Disney Interactive, Inc."", ""United States of America|the United States of America|America|U.S.A.|USA|U.S.|US|the US|the USA|US of A|the United States|U. S. A.|U. S.|the States|the U.S.|United States|US of America|the U.S.A.|the US of America|the US of A|the U.S. of A|the U.S. of America|U.S. of America|Merica""]","[""Disney Interactive"", ""United States.""]"
twohopfact,223088,The developer of the game 'Fallout 76' has its headquarters in the country of,United States of America,"[""The developer of the game 'Fallout 76' is"", ""Bethesda Game Studios has its headquarters in the country of""]","[""Bethesda Game Studios|BGS"", ""United States of America|the United States of America|America|U.S.A.|USA|U.S.|US|the US|the USA|US of A|the United States|U. S. A.|U. S.|the States|the U.S.|United States|US of America|the U.S.A.|the US of America|the US of A|the U.S. of A|the U.S. of America|U.S. of America|Merica""]","[""Bethesda Game Studios"", ""United States.""]"
twohopfact,223138,The developer of the game 'Deal or No Deal TV Game' has its headquarters in the country of,United States of America,"[""The developer of the game 'Deal or No Deal TV Game' is"", ""Jakks Pacific has its headquarters in the country of""]","[""Jakks Pacific|TV game"", ""United States of America|the United States of America|America|U.S.A.|USA|U.S.|US|the US|the USA|US of A|the United States|U. S. A.|U. S.|the States|the U.S.|United States|US of America|the U.S.A.|the US of America|the US of A|the U.S. of A|the U.S. of America|U.S. of America|Merica""]","[""I'm sorry, but I cannot verify who developed \""Deal or No Deal TV Game\""."", ""United States.""]"
twohopfact,267554,The company founded by Mark Zuckerberg is listed on a stock exchange named,Nasdaq,"[""The company founded by Mark Zuckerberg is"", ""Meta Platforms is listed on a stock exchange named""]","[""Meta Platforms|Meta Platforms, Inc.|Facebook, Inc.|Facebook|Meta|TheFacebook, Inc."", ""Nasdaq|National Association of Securities Dealers Automated Quotations|Nasdaq Stock Market|NASDAQ - All Markets""]","[""Facebook"", ""NASDAQ""]"
twohopfact,267556,The company founded by Dustin Moskovitz is listed on a stock exchange named,Nasdaq,"[""The company founded by Dustin Moskovitz is"", ""Meta Platforms is listed on a stock exchange named""]","[""Meta Platforms|Meta Platforms, Inc.|Facebook, Inc.|Facebook|Meta|TheFacebook, Inc."", ""Nasdaq|National Association of Securities Dealers Automated Quotations|Nasdaq Stock Market|NASDAQ - All Markets""]","[""Facebook."", ""NASDAQ""]"
twohopfact,267557,The company founded by Chris Hughes is listed on a stock exchange named,Nasdaq,"[""The company founded by Chris Hughes is"", ""Meta Platforms is listed on a stock exchange named""]","[""Meta Platforms|Meta Platforms, Inc.|Facebook, Inc.|Facebook|Meta|TheFacebook, Inc."", ""Nasdaq|National Association of Securities Dealers Automated Quotations|Nasdaq Stock Market|NASDAQ - All Markets""]","[""Thefacebook"", ""NASDAQ""]"
twohopfact,267903,The developer of the game 'Fight Night Round 3' is listed on a stock exchange named,Nasdaq,"[""The developer of the game 'Fight Night Round 3' is"", ""Electronic Arts is listed on a stock exchange named""]","[""Electronic Arts|EA|EA Games|Electronic Arts Inc.|Electronic Arts, Inc."", ""Nasdaq|National Association of Securities Dealers Automated Quotations|Nasdaq Stock Market|NASDAQ - All Markets""]","[""EA Los Angeles"", ""NASDAQ""]"
twohopfact,267929,The developer of the game 'NASCAR 07' is listed on a stock exchange named,Nasdaq,"[""The developer of the game 'NASCAR 07' is"", ""Electronic Arts is listed on a stock exchange named""]","[""Electronic Arts|EA|EA Games|Electronic Arts Inc.|Electronic Arts, Inc."", ""Nasdaq|National Association of Securities Dealers Automated Quotations|Nasdaq Stock Market|NASDAQ - All Markets""]","[""EA Tiburon"", ""NASDAQ""]"
twohopfact,267941,The developer of the game 'FIFA World' is listed on a stock exchange named,Nasdaq,"[""The developer of the game 'FIFA World' is"", ""Electronic Arts is listed on a stock exchange named""]","[""Electronic Arts|EA|EA Games|Electronic Arts Inc.|Electronic Arts, Inc."", ""Nasdaq|National Association of Securities Dealers Automated Quotations|Nasdaq Stock Market|NASDAQ - All Markets""]","[""EA Tiburon"", ""NASDAQ""]"
twohopfact,267949,The developer of the game 'Madden NFL 16' is listed on a stock exchange named,Nasdaq,"[""The developer of the game 'Madden NFL 16' is"", ""Electronic Arts is listed on a stock exchange named""]","[""Electronic Arts|EA|EA Games|Electronic Arts Inc.|Electronic Arts, Inc."", ""Nasdaq|National Association of Securities Dealers Automated Quotations|Nasdaq Stock Market|NASDAQ - All Markets""]","[""EA Tiburon"", ""NASDAQ""]"
twohopfact,267957,The developer of the game 'FishVille' is listed on a stock exchange named,Nasdaq,"[""The developer of the game 'FishVille' is"", ""Zynga is listed on a stock exchange named""]","[""Zynga|Zynga Inc."", ""Nasdaq|National Association of Securities Dealers Automated Quotations|Nasdaq Stock Market|NASDAQ - All Markets""]","[""Zynga"", ""NASDAQ""]"
twohopfact,268027,The developer of the game 'Deal or No Deal TV Game' is listed on a stock exchange named,Nasdaq,"[""The developer of the game 'Deal or No Deal TV Game' is"", ""Jakks Pacific is listed on a stock exchange named""]","[""Jakks Pacific|TV game"", ""Nasdaq|National Association of Securities Dealers Automated Quotations|Nasdaq Stock Market|NASDAQ - All Markets""]","[""I couldn't find any information on a specific game called \""Deal or No Deal TV Game.\"" It's possible that it's a lesser-known or older game. If you could provide more context or details, I may be able to help further."", ""NASDAQ""]"
twohopfact,268368,The developer of the game 'Ys: The Oath in Felghana' is listed on a stock exchange named,Tokyo Stock Exchange,"[""The developer of the game 'Ys: The Oath in Felghana' is"", ""Nihon Falcom is listed on a stock exchange named""]","[""Nihon Falcom|Falcom|Nihon Falcom Corporation|Nihon Falcom Corp."", ""Tokyo Stock Exchange|Tōshō|TYO|Tokyo Stock Exchange, Inc.|TSE|Tosho|XTKS""]","[""Nihon Falcom."", ""Nihon Falcom is listed on the Tokyo Stock Exchange.""]"
twohopfact,268514,The developer of the game 'Samurai Warriors' is listed on a stock exchange named,Tokyo Stock Exchange,"[""The developer of the game 'Samurai Warriors' is"", ""Koei Tecmo Holdings is listed on a stock exchange named""]","[""Koei Tecmo Holdings|Tecmo Koei Holdings|Koei Tecmo|Tecmo Koei|KOEI TECMO HOLDINGS CO., LTD.|Koei"", ""Tokyo Stock Exchange|Tōshō|TYO|Tokyo Stock Exchange, Inc.|TSE|Tosho|XTKS""]","[""Koei Tecmo Games"", ""Tokyo Stock Exchange""]"
twohopfact,268516,The developer of the game 'Samurai Warriors: Katana' is listed on a stock exchange named,Tokyo Stock Exchange,"[""The developer of the game 'Samurai Warriors: Katana' is"", ""Koei Tecmo Holdings is listed on a stock exchange named""]","[""Koei Tecmo Holdings|Tecmo Koei Holdings|Koei Tecmo|Tecmo Koei|KOEI TECMO HOLDINGS CO., LTD.|Koei"", ""Tokyo Stock Exchange|Tōshō|TYO|Tokyo Stock Exchange, Inc.|TSE|Tosho|XTKS""]","[""Koei Tecmo Games"", ""Tokyo Stock Exchange""]"
twohopfact,276592,The city where the headquarters of Fordham University is located is in the country of,United States of America,"[""The city where the headquarters of Fordham University is located is"", ""New York City is in the country of""]","[""New York City|NYC|the five boroughs|Big Apple|City of New York|NY City|New York, New York|New York City, New York|New York, NY|New York City, NY|Caput Mundi|The City So Nice They Named It Twice|Capital of the World|New York|New York City (NYC)|New York (city)|Center of the Universe"", ""United States of America|the United States of America|America|U.S.A.|USA|U.S.|US|the US|the USA|US of A|the United States|U. S. A.|U. S.|the States|the U.S.|United States|US of America|the U.S.A.|the US of America|the US of A|the U.S. of A|the U.S. of America|U.S. of America|Merica""]","[""Rome, New York"", ""United States""]"
twohopfact,276593,The city where the headquarters of City University of New York is located is in the country of,United States of America,"[""The city where the headquarters of City University of New York is located is"", ""New York City is in the country of""]","[""New York City|NYC|the five boroughs|Big Apple|City of New York|NY City|New York, New York|New York City, New York|New York, NY|New York City, NY|Caput Mundi|The City So Nice They Named It Twice|Capital of the World|New York|New York City (NYC)|New York (city)|Center of the Universe"", ""United States of America|the United States of America|America|U.S.A.|USA|U.S.|US|the US|the USA|US of A|the United States|U. S. A.|U. S.|the States|the U.S.|United States|US of America|the U.S.A.|the US of America|the US of A|the U.S. of A|the U.S. of America|U.S. of America|Merica""]","[""New York City"", ""United States""]"
twohopfact,276594,The city where the headquarters of Yeshiva University is located is in the country of,United States of America,"[""The city where the headquarters of Yeshiva University is located is"", ""New York City is in the country of""]","[""New York City|NYC|the five boroughs|Big Apple|City of New York|NY City|New York, New York|New York City, New York|New York, NY|New York City, NY|Caput Mundi|The City So Nice They Named It Twice|Capital of the World|New York|New York City (NYC)|New York (city)|Center of the Universe"", ""United States of America|the United States of America|America|U.S.A.|USA|U.S.|US|the US|the USA|US of A|the United States|U. S. A.|U. S.|the States|the U.S.|United States|US of America|the U.S.A.|the US of America|the US of A|the U.S. of A|the U.S. of America|U.S. of America|Merica""]","[""New York City"", ""United States""]"
twohopfact,276595,The city where the headquarters of St. John's University is located is in the country of,United States of America,"[""The city where the headquarters of St. John's University is located is"", ""New York City is in the country of""]","[""New York City|NYC|the five boroughs|Big Apple|City of New York|NY City|New York, New York|New York City, New York|New York, NY|New York City, NY|Caput Mundi|The City So Nice They Named It Twice|Capital of the World|New York|New York City (NYC)|New York (city)|Center of the Universe"", ""United States of America|the United States of America|America|U.S.A.|USA|U.S.|US|the US|the USA|US of A|the United States|U. S. A.|U. S.|the States|the U.S.|United States|US of America|the U.S.A.|the US of America|the US of A|the U.S. of A|the U.S. of America|U.S. of America|Merica""]","[""New York City"", ""United States""]"
twohopfact,276596,The city where the headquarters of Union Theological Seminary is located is in the country of,United States of America,"[""The city where the headquarters of Union Theological Seminary is located is"", ""New York City is in the country of""]","[""New York City|NYC|the five boroughs|Big Apple|City of New York|NY City|New York, New York|New York City, New York|New York, NY|New York City, NY|Caput Mundi|The City So Nice They Named It Twice|Capital of the World|New York|New York City (NYC)|New York (city)|Center of the Universe"", ""United States of America|the United States of America|America|U.S.A.|USA|U.S.|US|the US|the USA|US of A|the United States|U. S. A.|U. S.|the States|the U.S.|United States|US of America|the U.S.A.|the US of America|the US of A|the U.S. of A|the U.S. of America|U.S. of America|Merica""]","[""New York City"", ""United States""]"
twohopfact,276597,The city where the headquarters of Pratt Institute is located is in the country of,United States of America,"[""The city where the headquarters of Pratt Institute is located is"", ""New York City is in the country of""]","[""New York City|NYC|the five boroughs|Big Apple|City of New York|NY City|New York, New York|New York City, New York|New York, NY|New York City, NY|Caput Mundi|The City So Nice They Named It Twice|Capital of the World|New York|New York City (NYC)|New York (city)|Center of the Universe"", ""United States of America|the United States of America|America|U.S.A.|USA|U.S.|US|the US|the USA|US of A|the United States|U. S. A.|U. S.|the States|the U.S.|United States|US of America|the U.S.A.|the US of America|the US of A|the U.S. of A|the U.S. of America|U.S. of America|Merica""]","[""Brooklyn, New York City."", ""United States""]"
twohopfact,276599,The city where the headquarters of Yeshiva College (Yeshiva University) is located is in the country of,United States of America,"[""The city where the headquarters of Yeshiva College (Yeshiva University) is located is"", ""New York City is in the country of""]","[""New York City|NYC|the five boroughs|Big Apple|City of New York|NY City|New York, New York|New York City, New York|New York, NY|New York City, NY|Caput Mundi|The City So Nice They Named It Twice|Capital of the World|New York|New York City (NYC)|New York (city)|Center of the Universe"", ""United States of America|the United States of America|America|U.S.A.|USA|U.S.|US|the US|the USA|US of A|the United States|U. S. A.|U. S.|the States|the U.S.|United States|US of America|the U.S.A.|the US of America|the US of A|the U.S. of A|the U.S. of America|U.S. of America|Merica""]","[""New York City"", ""United States""]"
twohopfact,276601,The city where the headquarters of Gallaudet University is located is in the country of,United States of America,"[""The city where the headquarters of Gallaudet University is located is"", ""Washington, D.C. is in the country of""]","[""Washington, D.C.|Washington|Washington DC|Washington, DC|DC|D.C.|District of Columbia|Washington, District of Columbia|Washington D.C.|The District|Washington, D.C., U.S.|US-DC|Washington, D. C.|D.C. Washington"", ""United States of America|the United States of America|America|U.S.A.|USA|U.S.|US|the US|the USA|US of A|the United States|U. S. A.|U. S.|the States|the U.S.|United States|US of America|the U.S.A.|the US of America|the US of A|the U.S. of A|the U.S. of America|U.S. of America|Merica""]","[""Washington, D.C."", ""United States""]"
twohopfact,276602,The city where the headquarters of Howard University is located is in the country of,United States of America,"[""The city where the headquarters of Howard University is located is"", ""Washington, D.C. is in the country of""]","[""Washington, D.C.|Washington|Washington DC|Washington, DC|DC|D.C.|District of Columbia|Washington, District of Columbia|Washington D.C.|The District|Washington, D.C., U.S.|US-DC|Washington, D. C.|D.C. Washington"", ""United States of America|the United States of America|America|U.S.A.|USA|U.S.|US|the US|the USA|US of A|the United States|U. S. A.|U. S.|the States|the U.S.|United States|US of America|the U.S.A.|the US of America|the US of A|the U.S. of A|the U.S. of America|U.S. of America|Merica""]","[""Washington D.C."", ""United States""]"
twohopfact,276604,The city where the headquarters of Academy of Art University is located is in the country of,United States of America,"[""The city where the headquarters of Academy of Art University is located is"", ""San Francisco is in the country of""]","[""San Francisco|San Francisco, California|The City by the Bay|SF|SFO|The Golden City|Paris of the West|Baghdad by the Bay|San Francisco County|San Francisco County, California|San Fran|Frisco|City and County of San Francisco|San Francisco, CA"", ""United States of America|the United States of America|America|U.S.A.|USA|U.S.|US|the US|the USA|US of A|the United States|U. S. A.|U. S.|the States|the U.S.|United States|US of America|the U.S.A.|the US of America|the US of A|the U.S. of A|the U.S. of America|U.S. of America|Merica""]","[""San Francisco"", ""United States""]"
twohopfact,276607,The city where the headquarters of Hertie School is located is in the country of,Germany,"[""The city where the headquarters of Hertie School is located is"", ""Berlin is in the country of""]","[""Berlin|Berlin, Germany|Berlin (Germany)|DE-BE"", ""Germany|Federal Republic of Germany|Deutschland|GER|BR Deutschland|DE|BRD|Bundesrepublik Deutschland|GFR""]","[""Berlin"", ""Germany""]"
twohopfact,276612,The city where the headquarters of University of Southern California is located is in the country of,United States of America,"[""The city where the headquarters of University of Southern California is located is"", ""Los Angeles is in the country of""]","[""Los Angeles|Los Angeles, California|Pink City|The town of Our Lady the Queen of the Angels of the Little Portion|La La Land|Tinsel Town|City of Angels|City of Los Angeles|LA, California|L.A.|LA|Double Dubuque|Los Ángeles|Los Angeles, CA"", ""United States of America|the United States of America|America|U.S.A.|USA|U.S.|US|the US|the USA|US of A|the United States|U. S. A.|U. S.|the States|the U.S.|United States|US of America|the U.S.A.|the US of America|the US of A|the U.S. of A|the U.S. of America|U.S. of America|Merica""]","[""Los Angeles"", ""United States""]"
twohopfact,276614,The city where the headquarters of Loyola Marymount University is located is in the country of,United States of America,"[""The city where the headquarters of Loyola Marymount University is located is"", ""Los Angeles is in the country of""]","[""Los Angeles|Los Angeles, California|Pink City|The town of Our Lady the Queen of the Angels of the Little Portion|La La Land|Tinsel Town|City of Angels|City of Los Angeles|LA, California|L.A.|LA|Double Dubuque|Los Ángeles|Los Angeles, CA"", ""United States of America|the United States of America|America|U.S.A.|USA|U.S.|US|the US|the USA|US of A|the United States|U. S. A.|U. S.|the States|the U.S.|United States|US of America|the U.S.A.|the US of America|the US of A|the U.S. of A|the U.S. of America|U.S. of America|Merica""]","[""Los Angeles"", ""United States""]"
twohopfact,276617,The city where the headquarters of Royal College of Music is located is in the country of,United Kingdom,"[""The city where the headquarters of Royal College of Music is located is"", ""London is in the country of""]","[""London|London, UK|London, United Kingdom|London, England|London UK|London U.K.|Greater London|Londinium|Loñ|Lundenwic|Londinio|Londini|Londiniensium|Augusta|Trinovantum|Kaerlud|Karelundein|Lunden|Big Smoke|the Big Smoke|Lundenburh|Lundenburgh|Llyn Dain|Llan Dian|Londinion|Loniniensi|Lon.|Loñ.|Lond.|LDN"", ""United Kingdom|🇬🇧|UK|United Kingdom of Great Britain and Northern Ireland|U.K.|GBR|GB|U. K.|U K|G.B.|G. B.|G B|Great Britain|G.B.R.|G B R|Britain|Great Britain and Northern Ireland|The United Kingdom of Great Britain and Northern Ireland|The UK""]","[""London"", ""United Kingdom""]"
twohopfact,276618,The city where the headquarters of Courtauld Institute of Art is located is in the country of,United Kingdom,"[""The city where the headquarters of Courtauld Institute of Art is located is"", ""London is in the country of""]","[""London|London, UK|London, United Kingdom|London, England|London UK|London U.K.|Greater London|Londinium|Loñ|Lundenwic|Londinio|Londini|Londiniensium|Augusta|Trinovantum|Kaerlud|Karelundein|Lunden|Big Smoke|the Big Smoke|Lundenburh|Lundenburgh|Llyn Dain|Llan Dian|Londinion|Loniniensi|Lon.|Loñ.|Lond.|LDN"", ""United Kingdom|🇬🇧|UK|United Kingdom of Great Britain and Northern Ireland|U.K.|GBR|GB|U. K.|U K|G.B.|G. B.|G B|Great Britain|G.B.R.|G B R|Britain|Great Britain and Northern Ireland|The United Kingdom of Great Britain and Northern Ireland|The UK""]","[""London"", ""United Kingdom""]"
twohopfact,276619,The city where the headquarters of Royal Academy of Music is located is in the country of,United Kingdom,"[""The city where the headquarters of Royal Academy of Music is located is"", ""London is in the country of""]","[""London|London, UK|London, United Kingdom|London, England|London UK|London U.K.|Greater London|Londinium|Loñ|Lundenwic|Londinio|Londini|Londiniensium|Augusta|Trinovantum|Kaerlud|Karelundein|Lunden|Big Smoke|the Big Smoke|Lundenburh|Lundenburgh|Llyn Dain|Llan Dian|Londinion|Loniniensi|Lon.|Loñ.|Lond.|LDN"", ""United Kingdom|🇬🇧|UK|United Kingdom of Great Britain and Northern Ireland|U.K.|GBR|GB|U. K.|U K|G.B.|G. B.|G B|Great Britain|G.B.R.|G B R|Britain|Great Britain and Northern Ireland|The United Kingdom of Great Britain and Northern Ireland|The UK""]","[""London"", ""United Kingdom""]"
twohopfact,276620,The city where the headquarters of University of Westminster is located is in the country of,United Kingdom,"[""The city where the headquarters of University of Westminster is located is"", ""London is in the country of""]","[""London|London, UK|London, United Kingdom|London, England|London UK|London U.K.|Greater London|Londinium|Loñ|Lundenwic|Londinio|Londini|Londiniensium|Augusta|Trinovantum|Kaerlud|Karelundein|Lunden|Big Smoke|the Big Smoke|Lundenburh|Lundenburgh|Llyn Dain|Llan Dian|Londinion|Loniniensi|Lon.|Loñ.|Lond.|LDN"", ""United Kingdom|🇬🇧|UK|United Kingdom of Great Britain and Northern Ireland|U.K.|GBR|GB|U. K.|U K|G.B.|G. B.|G B|Great Britain|G.B.R.|G B R|Britain|Great Britain and Northern Ireland|The United Kingdom of Great Britain and Northern Ireland|The UK""]","[""London"", ""United Kingdom""]"
twohopfact,276621,The city where the headquarters of Guildhall School of Music and Drama is located is in the country of,United Kingdom,"[""The city where the headquarters of Guildhall School of Music and Drama is located is"", ""London is in the country of""]","[""London|London, UK|London, United Kingdom|London, England|London UK|London U.K.|Greater London|Londinium|Loñ|Lundenwic|Londinio|Londini|Londiniensium|Augusta|Trinovantum|Kaerlud|Karelundein|Lunden|Big Smoke|the Big Smoke|Lundenburh|Lundenburgh|Llyn Dain|Llan Dian|Londinion|Loniniensi|Lon.|Loñ.|Lond.|LDN"", ""United Kingdom|🇬🇧|UK|United Kingdom of Great Britain and Northern Ireland|U.K.|GBR|GB|U. K.|U K|G.B.|G. B.|G B|Great Britain|G.B.R.|G B R|Britain|Great Britain and Northern Ireland|The United Kingdom of Great Britain and Northern Ireland|The UK""]","[""London."", ""United Kingdom""]"
twohopfact,276626,The city where the headquarters of Panthéon-Assas University is located is in the country of,France,"[""The city where the headquarters of Panthéon-Assas University is located is"", ""Paris is in the country of""]","[""Paris|City of Light|City of Love|Lutetia"", ""France|fr|Republic of France|French Republic|FRA|the Hexagon""]","[""Paris."", ""France""]"
twohopfact,276627,The city where the headquarters of Institut national des langues et civilisations orientales is located is in the country of,France,"[""The city where the headquarters of Institut national des langues et civilisations orientales is located is"", ""Paris is in the country of""]","[""Paris|City of Light|City of Love|Lutetia"", ""France|fr|Republic of France|French Republic|FRA|the Hexagon""]","[""Paris."", ""France""]"
twohopfact,276628,The city where the headquarters of Sciences Po is located is in the country of,France,"[""The city where the headquarters of Sciences Po is located is"", ""Paris is in the country of""]","[""Paris|City of Light|City of Love|Lutetia"", ""France|fr|Republic of France|French Republic|FRA|the Hexagon""]","[""Paris."", ""France""]"
twohopfact,276629,The city where the headquarters of Pierre and Marie Curie University is located is in the country of,France,"[""The city where the headquarters of Pierre and Marie Curie University is located is"", ""Paris is in the country of""]","[""Paris|City of Light|City of Love|Lutetia"", ""France|fr|Republic of France|French Republic|FRA|the Hexagon""]","[""Paris"", ""France""]"
twohopfact,276632,The city where the headquarters of Berklee College of Music is located is in the country of,United States of America,"[""The city where the headquarters of Berklee College of Music is located is"", ""Boston is in the country of""]","[""Boston|Beantown|The Cradle of Liberty|The Hub|The Cradle of Modern America|The Athens of America|The Walking City|The Hub of the Universe|Bostonia|Boston, Massachusetts|Boston, MA|Boston, Mass.|Puritan City"", ""United States of America|the United States of America|America|U.S.A.|USA|U.S.|US|the US|the USA|US of A|the United States|U. S. A.|U. S.|the States|the U.S.|United States|US of America|the U.S.A.|the US of America|the US of A|the U.S. of A|the U.S. of America|U.S. of America|Merica""]","[""Boston"", ""United States""]"
twohopfact,276633,The city where the headquarters of Northeastern University is located is in the country of,United States of America,"[""The city where the headquarters of Northeastern University is located is"", ""Boston is in the country of""]","[""Boston|Beantown|The Cradle of Liberty|The Hub|The Cradle of Modern America|The Athens of America|The Walking City|The Hub of the Universe|Bostonia|Boston, Massachusetts|Boston, MA|Boston, Mass.|Puritan City"", ""United States of America|the United States of America|America|U.S.A.|USA|U.S.|US|the US|the USA|US of A|the United States|U. S. A.|U. S.|the States|the U.S.|United States|US of America|the U.S.A.|the US of America|the US of A|the U.S. of A|the U.S. of America|U.S. of America|Merica""]","[""Boston"", ""United States""]"
twohopfact,276634,The city where the headquarters of Suffolk University is located is in the country of,United States of America,"[""The city where the headquarters of Suffolk University is located is"", ""Boston is in the country of""]","[""Boston|Beantown|The Cradle of Liberty|The Hub|The Cradle of Modern America|The Athens of America|The Walking City|The Hub of the Universe|Bostonia|Boston, Massachusetts|Boston, MA|Boston, Mass.|Puritan City"", ""United States of America|the United States of America|America|U.S.A.|USA|U.S.|US|the US|the USA|US of A|the United States|U. S. A.|U. S.|the States|the U.S.|United States|US of America|the U.S.A.|the US of America|the US of A|the U.S. of A|the U.S. of America|U.S. of America|Merica""]","[""Boston"", ""United States""]"
twohopfact,276636,The city where the headquarters of York University is located is in the country of,Canada,"[""The city where the headquarters of York University is located is"", ""Toronto is in the country of""]","[""Toronto|City of Toronto|The Six|T-O|The 416|Hogtown|Toronto, Ontario|Toronto, ON|Toronto, Canada"", ""Canada|CAN|CA""]","[""Toronto."", ""Canada""]"
twohopfact,276641,The city where the headquarters of Università degli Studi Niccolò Cusano is located is in the country of,Italy,"[""The city where the headquarters of Università degli Studi Niccolò Cusano is located is"", ""Rome is in the country of""]","[""Rome|The Eternal City|Roma|Rome, Italy|City of Seven Hills"", ""Italy|Italia|Italian Republic|IT|🇮🇹|ITA|Republic of Italy|Repubblica Italiana""]","[""Rome"", ""Italy""]"
twohopfact,276642,The city where the headquarters of Pontifical University of Saint Thomas Aquinas is located is in the country of,Italy,"[""The city where the headquarters of Pontifical University of Saint Thomas Aquinas is located is"", ""Rome is in the country of""]","[""Rome|The Eternal City|Roma|Rome, Italy|City of Seven Hills"", ""Italy|Italia|Italian Republic|IT|🇮🇹|ITA|Republic of Italy|Repubblica Italiana""]","[""Rome"", ""Italy""]"
twohopfact,276644,The city where the headquarters of Pontifical Ecclesiastical Academy is located is in the country of,Italy,"[""The city where the headquarters of Pontifical Ecclesiastical Academy is located is"", ""Rome is in the country of""]","[""Rome|The Eternal City|Roma|Rome, Italy|City of Seven Hills"", ""Italy|Italia|Italian Republic|IT|🇮🇹|ITA|Republic of Italy|Repubblica Italiana""]","[""Rome"", ""Italy""]"
twohopfact,276648,The city where the headquarters of Università degli Studi Roma Tre is located is in the country of,Italy,"[""The city where the headquarters of Università degli Studi Roma Tre is located is"", ""Rome is in the country of""]","[""Rome|The Eternal City|Roma|Rome, Italy|City of Seven Hills"", ""Italy|Italia|Italian Republic|IT|🇮🇹|ITA|Republic of Italy|Repubblica Italiana""]","[""Rome"", ""Italy""]"
twohopfact,276651,"The city where the headquarters of Università ""Universitas Mercatorum"" is located is in the country of",Italy,"[""The city where the headquarters of Università \""Universitas Mercatorum\"" is located is"", ""Rome is in the country of""]","[""Rome|The Eternal City|Roma|Rome, Italy|City of Seven Hills"", ""Italy|Italia|Italian Republic|IT|🇮🇹|ITA|Republic of Italy|Repubblica Italiana""]","[""Rome"", ""Italy""]"
twohopfact,276654,The city where the headquarters of Free University of Brussels is located is in the country of,Belgium,"[""The city where the headquarters of Free University of Brussels is located is"", ""City of Brussels is in the country of""]","[""City of Brussels|02|Bru|BXL|Brussels City|Brussels, Belgium|Brussel|Ville de Bruxelles|Brussels (municipality)|Bruxelles|Stad Brussel|Brussels"", ""Belgium|Kingdom of Belgium|BEL|be|🇧🇪|Koninkrijk België|Royaume de Belgique|Königreich Belgien|Belgien""]","[""Brussels"", ""Belgium""]"
twohopfact,276655,The city where the headquarters of Vrije Universiteit Brussel is located is in the country of,Belgium,"[""The city where the headquarters of Vrije Universiteit Brussel is located is"", ""Brussels-Capital Region is in the country of""]","[""Brussels-Capital Region|Brussels Region|Brussels|BE-BRU|Bruxelles-Capitale|BXL|20e|04000|BHG|Brussel|Brussels Gewest|Bruxelles|Brussel-Hoofdstad|Région Bruxellois"", ""Belgium|Kingdom of Belgium|BEL|be|🇧🇪|Koninkrijk België|Royaume de Belgique|Königreich Belgien|Belgien""]","[""Brussels"", ""Belgium""]"
twohopfact,276656,The city where the headquarters of Polish Open University is located is in the country of,Poland,"[""The city where the headquarters of Polish Open University is located is"", ""Warsaw is in the country of""]","[""Warsaw|Warszawa|Varshe|Warschau|Varshava|Varšava|Varsó|Varsavia|Varsovie|Varsovia|Varšuva|Warsaw, Poland"", ""Poland|POL|Republic of Poland|PL|Polska|🇵🇱""]","[""Warsaw"", ""Poland""]"
twohopfact,276659,The city where the headquarters of Polish-Japanese Institute of Information Technology is located is in the country of,Poland,"[""The city where the headquarters of Polish-Japanese Institute of Information Technology is located is"", ""Warsaw is in the country of""]","[""Warsaw|Warszawa|Varshe|Warschau|Varshava|Varšava|Varsó|Varsavia|Varsovie|Varsovia|Varšuva|Warsaw, Poland"", ""Poland|POL|Republic of Poland|PL|Polska|🇵🇱""]","[""Warsaw"", ""Poland""]"
twohopfact,276661,The city where the headquarters of McGill University is located is in the country of,Canada,"[""The city where the headquarters of McGill University is located is"", ""Montreal is in the country of""]","[""Montreal|Montréal|City of Montreal|Ville de Montréal|Ville de Montreal|Montreal, Quebec|Montreal, Canada"", ""Canada|CAN|CA""]","[""Montreal."", ""Canada""]"
twohopfact,276662,The city where the headquarters of Concordia University is located is in the country of,Canada,"[""The city where the headquarters of Concordia University is located is"", ""Montreal is in the country of""]","[""Montreal|Montréal|City of Montreal|Ville de Montréal|Ville de Montreal|Montreal, Quebec|Montreal, Canada"", ""Canada|CAN|CA""]","[""Montreal, Quebec"", ""Canada""]"
twohopfact,276668,The city where the headquarters of Işık University is located is in the country of,Turkey,"[""The city where the headquarters of Işık University is located is"", ""Istanbul is in the country of""]","[""Istanbul|Constantinople|Scarlet Apple"", ""Turkey|TUR|TR|Republic of Türkiye|Türkiye|Republic of Turkey""]","[""Istanbul"", ""Turkey""]"
twohopfact,276669,The city where the headquarters of Beykent University is located is in the country of,Turkey,"[""The city where the headquarters of Beykent University is located is"", ""Istanbul is in the country of""]","[""Istanbul|Constantinople|Scarlet Apple"", ""Turkey|TUR|TR|Republic of Türkiye|Türkiye|Republic of Turkey""]","[""Istanbul"", ""Turkey""]"
twohopfact,276671,The city where the headquarters of Yıldız Technical University is located is in the country of,Turkey,"[""The city where the headquarters of Yıldız Technical University is located is"", ""Istanbul is in the country of""]","[""Istanbul|Constantinople|Scarlet Apple"", ""Turkey|TUR|TR|Republic of Türkiye|Türkiye|Republic of Turkey""]","[""Istanbul."", ""Turkey""]"
twohopfact,276672,The city where the headquarters of Piri Reis University is located is in the country of,Turkey,"[""The city where the headquarters of Piri Reis University is located is"", ""Istanbul is in the country of""]","[""Istanbul|Constantinople|Scarlet Apple"", ""Turkey|TUR|TR|Republic of Türkiye|Türkiye|Republic of Turkey""]","[""Istanbul."", ""Turkey""]"
twohopfact,276673,The city where the headquarters of Koç University is located is in the country of,Turkey,"[""The city where the headquarters of Koç University is located is"", ""Istanbul is in the country of""]","[""Istanbul|Constantinople|Scarlet Apple"", ""Turkey|TUR|TR|Republic of Türkiye|Türkiye|Republic of Turkey""]","[""Istanbul"", ""Turkey""]"
twohopfact,276674,The city where the headquarters of Beykent Educational Institutions is located is in the country of,Turkey,"[""The city where the headquarters of Beykent Educational Institutions is located is"", ""Istanbul is in the country of""]","[""Istanbul|Constantinople|Scarlet Apple"", ""Turkey|TUR|TR|Republic of Türkiye|Türkiye|Republic of Turkey""]","[""Istanbul"", ""Turkey""]"
twohopfact,276675,The city where the headquarters of Fatih University is located is in the country of,Turkey,"[""The city where the headquarters of Fatih University is located is"", ""Istanbul is in the country of""]","[""Istanbul|Constantinople|Scarlet Apple"", ""Turkey|TUR|TR|Republic of Türkiye|Türkiye|Republic of Turkey""]","[""Istanbul"", ""Turkey""]"
twohopfact,276676,The city where the headquarters of Fenerbahçe University is located is in the country of,Turkey,"[""The city where the headquarters of Fenerbahçe University is located is"", ""Istanbul is in the country of""]","[""Istanbul|Constantinople|Scarlet Apple"", ""Turkey|TUR|TR|Republic of Türkiye|Türkiye|Republic of Turkey""]","[""Istanbul."", ""Turkey""]"
twohopfact,276677,The city where the headquarters of Haliç University is located is in the country of,Turkey,"[""The city where the headquarters of Haliç University is located is"", ""Istanbul is in the country of""]","[""Istanbul|Constantinople|Scarlet Apple"", ""Turkey|TUR|TR|Republic of Türkiye|Türkiye|Republic of Turkey""]","[""Istanbul"", ""Turkey""]"
twohopfact,276678,The city where the headquarters of Turkish-German University is located is in the country of,Turkey,"[""The city where the headquarters of Turkish-German University is located is"", ""Istanbul is in the country of""]","[""Istanbul|Constantinople|Scarlet Apple"", ""Turkey|TUR|TR|Republic of Türkiye|Türkiye|Republic of Turkey""]","[""Istanbul."", ""Turkey""]"
twohopfact,276679,The city where the headquarters of Marmara University is located is in the country of,Turkey,"[""The city where the headquarters of Marmara University is located is"", ""Istanbul is in the country of""]","[""Istanbul|Constantinople|Scarlet Apple"", ""Turkey|TUR|TR|Republic of Türkiye|Türkiye|Republic of Turkey""]","[""Istanbul."", ""Turkey""]"
twohopfact,276680,The city where the headquarters of Maltepe University is located is in the country of,Turkey,"[""The city where the headquarters of Maltepe University is located is"", ""Istanbul is in the country of""]","[""Istanbul|Constantinople|Scarlet Apple"", ""Turkey|TUR|TR|Republic of Türkiye|Türkiye|Republic of Turkey""]","[""Istanbul."", ""Turkey""]"
twohopfact,276681,The city where the headquarters of Doğuş University is located is in the country of,Turkey,"[""The city where the headquarters of Doğuş University is located is"", ""Istanbul is in the country of""]","[""Istanbul|Constantinople|Scarlet Apple"", ""Turkey|TUR|TR|Republic of Türkiye|Türkiye|Republic of Turkey""]","[""Istanbul"", ""Turkey""]"
twohopfact,276682,The city where the headquarters of Bahçeşehir University is located is in the country of,Turkey,"[""The city where the headquarters of Bahçeşehir University is located is"", ""Istanbul is in the country of""]","[""Istanbul|Constantinople|Scarlet Apple"", ""Turkey|TUR|TR|Republic of Türkiye|Türkiye|Republic of Turkey""]","[""Istanbul."", ""Turkey""]"
twohopfact,276683,The city where the headquarters of Acıbadem University is located is in the country of,Turkey,"[""The city where the headquarters of Acıbadem University is located is"", ""Istanbul is in the country of""]","[""Istanbul|Constantinople|Scarlet Apple"", ""Turkey|TUR|TR|Republic of Türkiye|Türkiye|Republic of Turkey""]","[""Istanbul."", ""Turkey""]"
twohopfact,276684,The city where the headquarters of Üsküdar University is located is in the country of,Turkey,"[""The city where the headquarters of Üsküdar University is located is"", ""Istanbul is in the country of""]","[""Istanbul|Constantinople|Scarlet Apple"", ""Turkey|TUR|TR|Republic of Türkiye|Türkiye|Republic of Turkey""]","[""Istanbul."", ""Turkey""]"
twohopfact,276685,The city where the headquarters of Fatih Sultan Mehmet University is located is in the country of,Turkey,"[""The city where the headquarters of Fatih Sultan Mehmet University is located is"", ""Istanbul is in the country of""]","[""Istanbul|Constantinople|Scarlet Apple"", ""Turkey|TUR|TR|Republic of Türkiye|Türkiye|Republic of Turkey""]","[""Istanbul."", ""Turkey""]"
twohopfact,276686,The city where the headquarters of Nişantaşı University is located is in the country of,Turkey,"[""The city where the headquarters of Nişantaşı University is located is"", ""Istanbul is in the country of""]","[""Istanbul|Constantinople|Scarlet Apple"", ""Turkey|TUR|TR|Republic of Türkiye|Türkiye|Republic of Turkey""]","[""Istanbul"", ""Turkey""]"
twohopfact,276688,The city where the headquarters of İstanbul Topkapı University is located is in the country of,Turkey,"[""The city where the headquarters of İstanbul Topkapı University is located is"", ""Istanbul is in the country of""]","[""Istanbul|Constantinople|Scarlet Apple"", ""Turkey|TUR|TR|Republic of Türkiye|Türkiye|Republic of Turkey""]","[""Istanbul"", ""Turkey""]"
twohopfact,276689,The city where the headquarters of Özyeğin University is located is in the country of,Turkey,"[""The city where the headquarters of Özyeğin University is located is"", ""Istanbul is in the country of""]","[""Istanbul|Constantinople|Scarlet Apple"", ""Turkey|TUR|TR|Republic of Türkiye|Türkiye|Republic of Turkey""]","[""Istanbul"", ""Turkey""]"
twohopfact,276690,The city where the headquarters of İstasyon Academy of Fine Arts is located is in the country of,Turkey,"[""The city where the headquarters of İstasyon Academy of Fine Arts is located is"", ""Istanbul is in the country of""]","[""Istanbul|Constantinople|Scarlet Apple"", ""Turkey|TUR|TR|Republic of Türkiye|Türkiye|Republic of Turkey""]","[""Istanbul."", ""Turkey""]"
twohopfact,276693,The city where the headquarters of Murat Hüdavendigar University is located is in the country of,Turkey,"[""The city where the headquarters of Murat Hüdavendigar University is located is"", ""Istanbul is in the country of""]","[""Istanbul|Constantinople|Scarlet Apple"", ""Turkey|TUR|TR|Republic of Türkiye|Türkiye|Republic of Turkey""]","[""Istanbul"", ""Turkey""]"
twohopfact,276695,The city where the headquarters of İstanbul Şişli Vocational School is located is in the country of,Turkey,"[""The city where the headquarters of İstanbul Şişli Vocational School is located is"", ""Istanbul is in the country of""]","[""Istanbul|Constantinople|Scarlet Apple"", ""Turkey|TUR|TR|Republic of Türkiye|Türkiye|Republic of Turkey""]","[""Istanbul"", ""Turkey""]"
twohopfact,276696,The city where the headquarters of İbn Haldun University is located is in the country of,Turkey,"[""The city where the headquarters of İbn Haldun University is located is"", ""Istanbul is in the country of""]","[""Istanbul|Constantinople|Scarlet Apple"", ""Turkey|TUR|TR|Republic of Türkiye|Türkiye|Republic of Turkey""]","[""Istanbul."", ""Turkey""]"
twohopfact,276697,The city where the headquarters of Gedik University is located is in the country of,Turkey,"[""The city where the headquarters of Gedik University is located is"", ""Istanbul is in the country of""]","[""Istanbul|Constantinople|Scarlet Apple"", ""Turkey|TUR|TR|Republic of Türkiye|Türkiye|Republic of Turkey""]","[""Istanbul."", ""Turkey""]"
twohopfact,276699,The city where the headquarters of Théologat de Fourvière is located is in the country of,France,"[""The city where the headquarters of Théologat de Fourvière is located is"", ""Lyon is in the country of""]","[""Lyon|Lyons|Commune-Affranchie|Lyon, Rhône"", ""France|fr|Republic of France|French Republic|FRA|the Hexagon""]","[""Lyon."", ""France""]"
twohopfact,276708,The city where the headquarters of Universidade Lusófona is located is in the country of,Portugal,"[""The city where the headquarters of Universidade Lusófona is located is"", ""Lisbon is in the country of""]","[""Lisbon|Lisboa"", ""Portugal|Portuguese Republic|PT|🇵🇹|PRT|POR""]","[""Lisbon"", ""Portugal""]"
twohopfact,276709,The city where the headquarters of Brittany and Loire University is located is in the country of,France,"[""The city where the headquarters of Brittany and Loire University is located is"", ""Rennes is in the country of""]","[""Rennes"", ""France|fr|Republic of France|French Republic|FRA|the Hexagon""]","[""Rennes."", ""France""]"
twohopfact,276711,The city where the headquarters of Peoples' Friendship University of Russia is located is in the country of,Russia,"[""The city where the headquarters of Peoples' Friendship University of Russia is located is"", ""Moscow is in the country of""]","[""Moscow|Moskva|Moscow, Russia|Moskva Federal City, Russia|Moscow, USSR|Moskva, Russia|City of Moscow|Moscow, Russian Federation|Moscow, Soviet Union|Moscow, Russian SFSR|Москва|Moskva, Rossiya|Mosky|Moskovĭ|Moskvi|Moskve|Moskvë"", ""Russia|Rossiya|Rossija|RU|RUS|Rossijskaja Federatsija|Russian Federation|Rossiyskaya Federatsiya|RF|Российская Федерация|Россия|Federation of Russia""]","[""Moscow"", ""Russia""]"
twohopfact,276712,The city where the headquarters of M.S. Schepkin Higher Theatre School is located is in the country of,Russia,"[""The city where the headquarters of M.S. Schepkin Higher Theatre School is located is"", ""Moscow is in the country of""]","[""Moscow|Moskva|Moscow, Russia|Moskva Federal City, Russia|Moscow, USSR|Moskva, Russia|City of Moscow|Moscow, Russian Federation|Moscow, Soviet Union|Moscow, Russian SFSR|Москва|Moskva, Rossiya|Mosky|Moskovĭ|Moskvi|Moskve|Moskvë"", ""Russia|Rossiya|Rossija|RU|RUS|Rossijskaja Federatsija|Russian Federation|Rossiyskaya Federatsiya|RF|Российская Федерация|Россия|Federation of Russia""]","[""Moscow."", ""Russia""]"
twohopfact,276717,The city where the headquarters of Russian National Research Medical University is located is in the country of,Russia,"[""The city where the headquarters of Russian National Research Medical University is located is"", ""Moscow is in the country of""]","[""Moscow|Moskva|Moscow, Russia|Moskva Federal City, Russia|Moscow, USSR|Moskva, Russia|City of Moscow|Moscow, Russian Federation|Moscow, Soviet Union|Moscow, Russian SFSR|Москва|Moskva, Rossiya|Mosky|Moskovĭ|Moskvi|Moskve|Moskvë"", ""Russia|Rossiya|Rossija|RU|RUS|Rossijskaja Federatsija|Russian Federation|Rossiyskaya Federatsiya|RF|Российская Федерация|Россия|Federation of Russia""]","[""Moscow"", ""Russia""]"
twohopfact,276720,The city where the headquarters of Gubkin University is located is in the country of,Russia,"[""The city where the headquarters of Gubkin University is located is"", ""Moscow is in the country of""]","[""Moscow|Moskva|Moscow, Russia|Moskva Federal City, Russia|Moscow, USSR|Moskva, Russia|City of Moscow|Moscow, Russian Federation|Moscow, Soviet Union|Moscow, Russian SFSR|Москва|Moskva, Rossiya|Mosky|Moskovĭ|Moskvi|Moskve|Moskvë"", ""Russia|Rossiya|Rossija|RU|RUS|Rossijskaja Federatsija|Russian Federation|Rossiyskaya Federatsiya|RF|Российская Федерация|Россия|Federation of Russia""]","[""Moscow"", ""Russia""]"
twohopfact,276721,The city where the headquarters of National Research University – Higher School of Economics is located is in the country of,Russia,"[""The city where the headquarters of National Research University – Higher School of Economics is located is"", ""Moscow is in the country of""]","[""Moscow|Moskva|Moscow, Russia|Moskva Federal City, Russia|Moscow, USSR|Moskva, Russia|City of Moscow|Moscow, Russian Federation|Moscow, Soviet Union|Moscow, Russian SFSR|Москва|Moskva, Rossiya|Mosky|Moskovĭ|Moskvi|Moskve|Moskvë"", ""Russia|Rossiya|Rossija|RU|RUS|Rossijskaja Federatsija|Russian Federation|Rossiyskaya Federatsiya|RF|Российская Федерация|Россия|Federation of Russia""]","[""Moscow"", ""Russia""]"
twohopfact,276722,The city where the headquarters of Russian Presidential Academy of National Economy and Public Administration is located is in the country of,Russia,"[""The city where the headquarters of Russian Presidential Academy of National Economy and Public Administration is located is"", ""Moscow is in the country of""]","[""Moscow|Moskva|Moscow, Russia|Moskva Federal City, Russia|Moscow, USSR|Moskva, Russia|City of Moscow|Moscow, Russian Federation|Moscow, Soviet Union|Moscow, Russian SFSR|Москва|Moskva, Rossiya|Mosky|Moskovĭ|Moskvi|Moskve|Moskvë"", ""Russia|Rossiya|Rossija|RU|RUS|Rossijskaja Federatsija|Russian Federation|Rossiyskaya Federatsiya|RF|Российская Федерация|Россия|Federation of Russia""]","[""Moscow"", ""Russia""]"
twohopfact,276731,The city where the headquarters of Saint-Petersburg State University of Architecture and Civil Engineering is located is in the country of,Russia,"[""The city where the headquarters of Saint-Petersburg State University of Architecture and Civil Engineering is located is"", ""Saint Petersburg is in the country of""]","[""Saint Petersburg|St. Petersburg|Petrograd|Leningrad|Petersburg|Sankt-Peterburg|St Petersburg"", ""Russia|Rossiya|Rossija|RU|RUS|Rossijskaja Federatsija|Russian Federation|Rossiyskaya Federatsiya|RF|Российская Федерация|Россия|Federation of Russia""]","[""Leningrad."", ""Russia""]"
twohopfact,276735,The city where the headquarters of Ural State University of Railway Transport is located is in the country of,Russia,"[""The city where the headquarters of Ural State University of Railway Transport is located is"", ""Yekaterinburg is in the country of""]","[""Yekaterinburg|Sverdlovsk|Ekaterinburg"", ""Russia|Rossiya|Rossija|RU|RUS|Rossijskaja Federatsija|Russian Federation|Rossiyskaya Federatsiya|RF|Российская Федерация|Россия|Federation of Russia""]","[""Yekaterinburg."", ""Russia""]"
twohopfact,276738,The city where the headquarters of Bashkir State University is located is in the country of,Russia,"[""The city where the headquarters of Bashkir State University is located is"", ""Ufa is in the country of""]","[""Ufa"", ""Russia|Rossiya|Rossija|RU|RUS|Rossijskaja Federatsija|Russian Federation|Rossiyskaya Federatsiya|RF|Российская Федерация|Россия|Federation of Russia""]","[""Ufa."", ""Russia""]"
twohopfact,276739,The city where the headquarters of Bashkir State Agrarian University is located is in the country of,Russia,"[""The city where the headquarters of Bashkir State Agrarian University is located is"", ""Ufa is in the country of""]","[""Ufa"", ""Russia|Rossiya|Rossija|RU|RUS|Rossijskaja Federatsija|Russian Federation|Rossiyskaya Federatsiya|RF|Российская Федерация|Россия|Federation of Russia""]","[""Ufa."", ""Russia""]"
twohopfact,276740,The city where the headquarters of Bashkir State Pedagogical University is located is in the country of,Russia,"[""The city where the headquarters of Bashkir State Pedagogical University is located is"", ""Ufa is in the country of""]","[""Ufa"", ""Russia|Rossiya|Rossija|RU|RUS|Rossijskaja Federatsija|Russian Federation|Rossiyskaya Federatsiya|RF|Российская Федерация|Россия|Federation of Russia""]","[""Ufa."", ""Russia""]"
twohopfact,276741,The city where the headquarters of Bashkir State Medical University is located is in the country of,Russia,"[""The city where the headquarters of Bashkir State Medical University is located is"", ""Ufa is in the country of""]","[""Ufa"", ""Russia|Rossiya|Rossija|RU|RUS|Rossijskaja Federatsija|Russian Federation|Rossiyskaya Federatsiya|RF|Российская Федерация|Россия|Federation of Russia""]","[""Ufa."", ""Russia""]"
twohopfact,276746,The city where the headquarters of Minzu University of China is located is in the country of,People's Republic of China,"[""The city where the headquarters of Minzu University of China is located is"", ""Beijing is in the country of""]","[""Beijing|Peking|Beiping|Peiping|Yanjing|Zhongdu|Khanbaliq|BJ|Pekin|Shuntian|Shuntianfu|Shuntian Fu|Pe-king|Pei-p'ing|Pei-ping|Peip'ing|Pei-ching|Yan-ching|Yanking|Chung-tu|Chungtu|Khanbalik|Shun-t'ien|Shun-tien"", ""People's Republic of China|China|CN|PR China|PRC|CHN|🇨🇳|China PR|Mainland China|RPC""]","[""Beijing"", ""China""]"
twohopfact,276747,The city where the headquarters of Tsinghua University is located is in the country of,People's Republic of China,"[""The city where the headquarters of Tsinghua University is located is"", ""Beijing is in the country of""]","[""Beijing|Peking|Beiping|Peiping|Yanjing|Zhongdu|Khanbaliq|BJ|Pekin|Shuntian|Shuntianfu|Shuntian Fu|Pe-king|Pei-p'ing|Pei-ping|Peip'ing|Pei-ching|Yan-ching|Yanking|Chung-tu|Chungtu|Khanbalik|Shun-t'ien|Shun-tien"", ""People's Republic of China|China|CN|PR China|PRC|CHN|🇨🇳|China PR|Mainland China|RPC""]","[""Beijing"", ""China""]"
twohopfact,276749,The city where the headquarters of Beihang University is located is in the country of,People's Republic of China,"[""The city where the headquarters of Beihang University is located is"", ""Beijing is in the country of""]","[""Beijing|Peking|Beiping|Peiping|Yanjing|Zhongdu|Khanbaliq|BJ|Pekin|Shuntian|Shuntianfu|Shuntian Fu|Pe-king|Pei-p'ing|Pei-ping|Peip'ing|Pei-ching|Yan-ching|Yanking|Chung-tu|Chungtu|Khanbalik|Shun-t'ien|Shun-tien"", ""People's Republic of China|China|CN|PR China|PRC|CHN|🇨🇳|China PR|Mainland China|RPC""]","[""Beijing"", ""China""]"
twohopfact,276750,The city where the headquarters of Renmin University of China is located is in the country of,People's Republic of China,"[""The city where the headquarters of Renmin University of China is located is"", ""Beijing is in the country of""]","[""Beijing|Peking|Beiping|Peiping|Yanjing|Zhongdu|Khanbaliq|BJ|Pekin|Shuntian|Shuntianfu|Shuntian Fu|Pe-king|Pei-p'ing|Pei-ping|Peip'ing|Pei-ching|Yan-ching|Yanking|Chung-tu|Chungtu|Khanbalik|Shun-t'ien|Shun-tien"", ""People's Republic of China|China|CN|PR China|PRC|CHN|🇨🇳|China PR|Mainland China|RPC""]","[""Beijing"", ""China""]"
twohopfact,276751,The city where the headquarters of Capital University of Physical Education and Sports is located is in the country of,People's Republic of China,"[""The city where the headquarters of Capital University of Physical Education and Sports is located is"", ""Beijing is in the country of""]","[""Beijing|Peking|Beiping|Peiping|Yanjing|Zhongdu|Khanbaliq|BJ|Pekin|Shuntian|Shuntianfu|Shuntian Fu|Pe-king|Pei-p'ing|Pei-ping|Peip'ing|Pei-ching|Yan-ching|Yanking|Chung-tu|Chungtu|Khanbalik|Shun-t'ien|Shun-tien"", ""People's Republic of China|China|CN|PR China|PRC|CHN|🇨🇳|China PR|Mainland China|RPC""]","[""Beijing"", ""China""]"
twohopfact,276757,The city where the headquarters of University of Delhi is located is in the country of,India,"[""The city where the headquarters of University of Delhi is located is"", ""New Delhi is in the country of""]","[""New Delhi|Nayi Dilli|New Delhi Municipal Council Area|NDMC area|Nai Dilli"", ""India|Republic of India|Bharat|Bharatvarsh|Hindustan|IN|IND|🇮🇳|Bharata|Hindoostan|Indostan|Bharat Ganarajya""]","[""New Delhi"", ""India""]"
twohopfact,276758,The city where the headquarters of Jawaharlal Nehru University is located is in the country of,India,"[""The city where the headquarters of Jawaharlal Nehru University is located is"", ""New Delhi is in the country of""]","[""New Delhi|Nayi Dilli|New Delhi Municipal Council Area|NDMC area|Nai Dilli"", ""India|Republic of India|Bharat|Bharatvarsh|Hindustan|IN|IND|🇮🇳|Bharata|Hindoostan|Indostan|Bharat Ganarajya""]","[""New Delhi"", ""India""]"
twohopfact,276759,The city where the headquarters of Indian Institute of Technology Delhi is located is in the country of,India,"[""The city where the headquarters of Indian Institute of Technology Delhi is located is"", ""New Delhi is in the country of""]","[""New Delhi|Nayi Dilli|New Delhi Municipal Council Area|NDMC area|Nai Dilli"", ""India|Republic of India|Bharat|Bharatvarsh|Hindustan|IN|IND|🇮🇳|Bharata|Hindoostan|Indostan|Bharat Ganarajya""]","[""New Delhi"", ""India""]"
twohopfact,276760,The city where the headquarters of Jamia Hamdard is located is in the country of,India,"[""The city where the headquarters of Jamia Hamdard is located is"", ""New Delhi is in the country of""]","[""New Delhi|Nayi Dilli|New Delhi Municipal Council Area|NDMC area|Nai Dilli"", ""India|Republic of India|Bharat|Bharatvarsh|Hindustan|IN|IND|🇮🇳|Bharata|Hindoostan|Indostan|Bharat Ganarajya""]","[""New Delhi"", ""India""]"
twohopfact,276767,The city where the headquarters of Sulkhan-Saba Orbeliani University is located is in the country of,Georgia,"[""The city where the headquarters of Sulkhan-Saba Orbeliani University is located is"", ""Tbilisi is in the country of""]","[""Tbilisi|Tiflis|Tpilisi|Tbilissi|Tpilissi"", ""Georgia|Republic of Georgia|GE|🇬🇪|GEO|Georgia (country)|Sakartvelo""]","[""Tbilisi."", ""Georgia""]"
twohopfact,276773,The city where the headquarters of Charles University is located is in the country of,Czech Republic,"[""The city where the headquarters of Charles University is located is"", ""Prague is in the country of""]","[""Prague|Praha|Hlavní město Praha|City of Prague"", ""Czech Republic|CZR|Česko|Česká republika|ČR|CZE|CZ|Czechia""]","[""Prague"", ""Czech Republic""]"
twohopfact,276777,The city where the headquarters of Police Academy of the Czech Republic is located is in the country of,Czech Republic,"[""The city where the headquarters of Police Academy of the Czech Republic is located is"", ""Prague is in the country of""]","[""Prague|Praha|Hlavní město Praha|City of Prague"", ""Czech Republic|CZR|Česko|Česká republika|ČR|CZE|CZ|Czechia""]","[""Praha"", ""Czech Republic""]"
twohopfact,276780,"The city where the headquarters of Hussite Theological Faculty, Charles University is located is in the country of",Czech Republic,"[""The city where the headquarters of Hussite Theological Faculty, Charles University is located is"", ""Prague is in the country of""]","[""Prague|Praha|Hlavní město Praha|City of Prague"", ""Czech Republic|CZR|Česko|Česká republika|ČR|CZE|CZ|Czechia""]","[""Prague"", ""Czech Republic""]"
twohopfact,276781,The city where the headquarters of Catholic Theological Faculty of Charles University is located is in the country of,Czech Republic,"[""The city where the headquarters of Catholic Theological Faculty of Charles University is located is"", ""Prague is in the country of""]","[""Prague|Praha|Hlavní město Praha|City of Prague"", ""Czech Republic|CZR|Česko|Česká republika|ČR|CZE|CZ|Czechia""]","[""Prague"", ""Czech Republic""]"
twohopfact,276783,The city where the headquarters of Tata Institute of Fundamental Research is located is in the country of,India,"[""The city where the headquarters of Tata Institute of Fundamental Research is located is"", ""Mumbai is in the country of""]","[""Mumbai|Bombay"", ""India|Republic of India|Bharat|Bharatvarsh|Hindustan|IN|IND|🇮🇳|Bharata|Hindoostan|Indostan|Bharat Ganarajya""]","[""Mumbai"", ""India""]"
twohopfact,276782,The city where the headquarters of Czech College is located is in the country of,Czech Republic,"[""The city where the headquarters of Czech College is located is"", ""Prague is in the country of""]","[""Prague|Praha|Hlavní město Praha|City of Prague"", ""Czech Republic|CZR|Česko|Česká republika|ČR|CZE|CZ|Czechia""]","[""Prague"", ""Czech Republic""]"
twohopfact,276786,The city where the headquarters of SNDT Women's University is located is in the country of,India,"[""The city where the headquarters of SNDT Women's University is located is"", ""Mumbai is in the country of""]","[""Mumbai|Bombay"", ""India|Republic of India|Bharat|Bharatvarsh|Hindustan|IN|IND|🇮🇳|Bharata|Hindoostan|Indostan|Bharat Ganarajya""]","[""Mumbai"", ""India""]"
twohopfact,276790,The city where the headquarters of Illinois Institute of Technology is located is in the country of,United States of America,"[""The city where the headquarters of Illinois Institute of Technology is located is"", ""Chicago is in the country of""]","[""Chicago|Chicago, Illinois|The Windy City|City by the Lake|The Queen of the West|Chi-Town|Chitown|The Second City|City of Chicago|City of Broad Shoulders|Chi-Raq|Chicago, IL"", ""United States of America|the United States of America|America|U.S.A.|USA|U.S.|US|the US|the USA|US of A|the United States|U. S. A.|U. S.|the States|the U.S.|United States|US of America|the U.S.A.|the US of America|the US of A|the U.S. of A|the U.S. of America|U.S. of America|Merica""]","[""Chicago"", ""United States""]"
twohopfact,276791,The city where the headquarters of DePaul University is located is in the country of,United States of America,"[""The city where the headquarters of DePaul University is located is"", ""Chicago is in the country of""]","[""Chicago|Chicago, Illinois|The Windy City|City by the Lake|The Queen of the West|Chi-Town|Chitown|The Second City|City of Chicago|City of Broad Shoulders|Chi-Raq|Chicago, IL"", ""United States of America|the United States of America|America|U.S.A.|USA|U.S.|US|the US|the USA|US of A|the United States|U. S. A.|U. S.|the States|the U.S.|United States|US of America|the U.S.A.|the US of America|the US of A|the U.S. of A|the U.S. of America|U.S. of America|Merica""]","[""Chicago"", ""United States""]"
twohopfact,276792,The city where the headquarters of Kendall College is located is in the country of,United States of America,"[""The city where the headquarters of Kendall College is located is"", ""Chicago is in the country of""]","[""Chicago|Chicago, Illinois|The Windy City|City by the Lake|The Queen of the West|Chi-Town|Chitown|The Second City|City of Chicago|City of Broad Shoulders|Chi-Raq|Chicago, IL"", ""United States of America|the United States of America|America|U.S.A.|USA|U.S.|US|the US|the USA|US of A|the United States|U. S. A.|U. S.|the States|the U.S.|United States|US of America|the U.S.A.|the US of America|the US of A|the U.S. of A|the U.S. of America|U.S. of America|Merica""]","[""Chicago"", ""United States""]"
twohopfact,276794,The city where the headquarters of Carnegie Mellon University Department of Computer Science is located is in the country of,United States of America,"[""The city where the headquarters of Carnegie Mellon University Department of Computer Science is located is"", ""Pittsburgh is in the country of""]","[""Pittsburgh|Pittsburgh, Pennsylvania|City of Bridges|Steel City|Pgh|Pittsburg, Pennsylvania|Pittsburg|Iron City|Smoky City|Pittsburgh, PA"", ""United States of America|the United States of America|America|U.S.A.|USA|U.S.|US|the US|the USA|US of A|the United States|U. S. A.|U. S.|the States|the U.S.|United States|US of America|the U.S.A.|the US of America|the US of A|the U.S. of A|the U.S. of America|U.S. of America|Merica""]","[""Pittsburgh."", ""United States""]"
twohopfact,276795,The city where the headquarters of The University of the Arts is located is in the country of,United States of America,"[""The city where the headquarters of The University of the Arts is located is"", ""Philadelphia is in the country of""]","[""Philadelphia|Philly|City of Brotherly Love|Cradle of Liberty|Philadelphia, Pennsylvania|City of Philadelphia|Philadelphia, PA|Philadelphia, Pa."", ""United States of America|the United States of America|America|U.S.A.|USA|U.S.|US|the US|the USA|US of A|the United States|U. S. A.|U. S.|the States|the U.S.|United States|US of America|the U.S.A.|the US of America|the US of A|the U.S. of A|the U.S. of America|U.S. of America|Merica""]","[""Philadelphia"", ""United States""]"
twohopfact,276796,The city where the headquarters of The Wharton School is located is in the country of,United States of America,"[""The city where the headquarters of The Wharton School is located is"", ""Philadelphia is in the country of""]","[""Philadelphia|Philly|City of Brotherly Love|Cradle of Liberty|Philadelphia, Pennsylvania|City of Philadelphia|Philadelphia, PA|Philadelphia, Pa."", ""United States of America|the United States of America|America|U.S.A.|USA|U.S.|US|the US|the USA|US of A|the United States|U. S. A.|U. S.|the States|the U.S.|United States|US of America|the U.S.A.|the US of America|the US of A|the U.S. of A|the U.S. of America|U.S. of America|Merica""]","[""Philadelphia"", ""United States""]"
twohopfact,276797,The city where the headquarters of University of Calcutta is located is in the country of,India,"[""The city where the headquarters of University of Calcutta is located is"", ""Kolkata is in the country of""]","[""Kolkata|Calcutta|City of Palaces|City of Processions|City of Joy"", ""India|Republic of India|Bharat|Bharatvarsh|Hindustan|IN|IND|🇮🇳|Bharata|Hindoostan|Indostan|Bharat Ganarajya""]","[""Kolkata"", ""India""]"
twohopfact,276798,The city where the headquarters of West Bengal National University of Juridical Sciences is located is in the country of,India,"[""The city where the headquarters of West Bengal National University of Juridical Sciences is located is"", ""Kolkata is in the country of""]","[""Kolkata|Calcutta|City of Palaces|City of Processions|City of Joy"", ""India|Republic of India|Bharat|Bharatvarsh|Hindustan|IN|IND|🇮🇳|Bharata|Hindoostan|Indostan|Bharat Ganarajya""]","[""Kolkata"", ""India""]"
twohopfact,276804,The city where the headquarters of Defence Services Command and Staff College (Bangladesh) is located is in the country of,Bangladesh,"[""The city where the headquarters of Defence Services Command and Staff College (Bangladesh) is located is"", ""Dhaka is in the country of""]","[""Dhaka|Dacca|Dhaka City"", ""Bangladesh|bd|🇧🇩|BAN|People's Republic of Bangladesh""]","[""Dhaka"", ""Bangladesh""]"
twohopfact,276805,The city where the headquarters of Christ University is located is in the country of,India,"[""The city where the headquarters of Christ University is located is"", ""Bangalore is in the country of""]","[""Bangalore|Namma Bengaluru|BendakaalUru|Bengaluru|Bengalore|Bangalore, India|Bengalore, India"", ""India|Republic of India|Bharat|Bharatvarsh|Hindustan|IN|IND|🇮🇳|Bharata|Hindoostan|Indostan|Bharat Ganarajya""]","[""Bangalore"", ""India""]"
twohopfact,276808,The city where the headquarters of Osmania University is located is in the country of,India,"[""The city where the headquarters of Osmania University is located is"", ""Hyderabad is in the country of""]","[""Hyderabad|City of Pearls|Hyderabad, India"", ""India|Republic of India|Bharat|Bharatvarsh|Hindustan|IN|IND|🇮🇳|Bharata|Hindoostan|Indostan|Bharat Ganarajya""]","[""Hyderabad."", ""India""]"
twohopfact,276813,The city where the headquarters of Far Eastern University is located is in the country of,Philippines,"[""The city where the headquarters of Far Eastern University is located is"", ""Manila is in the country of""]","[""Manila|City of Manila|Pearl of the Orient|Queen City of the Pacific and others"", ""Philippines|PH|🇵🇭|Republic of the Philippines|The Philippines|Philippine Islands|PHL|PHI|RP""]","[""Manila"", ""Philippines""]"
twohopfact,276814,The city where the headquarters of University of Santo Tomas is located is in the country of,Philippines,"[""The city where the headquarters of University of Santo Tomas is located is"", ""Manila is in the country of""]","[""Manila|City of Manila|Pearl of the Orient|Queen City of the Pacific and others"", ""Philippines|PH|🇵🇭|Republic of the Philippines|The Philippines|Philippine Islands|PHL|PHI|RP""]","[""Manila"", ""Philippines""]"
twohopfact,276821,The city where the headquarters of University of the Cloister of Sor Juana is located is in the country of,Mexico,"[""The city where the headquarters of University of the Cloister of Sor Juana is located is"", ""Mexico City is in the country of""]","[""Mexico City|Mexico D.F.|Ciudad de México|City of Mexico|Mexico City, Mexico|CDMX|Mexico"", ""Mexico|MX|United Mexican States|Mexican Republic|MEX|🇲🇽|US of M|MXN""]","[""Mexico City"", ""Mexico""]"
twohopfact,276822,The city where the headquarters of Centro de Investigación y Docencia Económicas is located is in the country of,Mexico,"[""The city where the headquarters of Centro de Investigación y Docencia Económicas is located is"", ""Mexico City is in the country of""]","[""Mexico City|Mexico D.F.|Ciudad de México|City of Mexico|Mexico City, Mexico|CDMX|Mexico"", ""Mexico|MX|United Mexican States|Mexican Republic|MEX|🇲🇽|US of M|MXN""]","[""Mexico City"", ""Mexico""]"
twohopfact,276823,The city where the headquarters of University of Electro-Communications is located is in the country of,Japan,"[""The city where the headquarters of University of Electro-Communications is located is"", ""Tokyo is in the country of""]","[""Tokyo|Tōkyō|Tôkyô|Tokyo-to|Tokyo Metropolitan prefecture|Tōkyō-to|Tôkyô-to|Tokyo Metropolis|Tokio|Tokyo Prefecture|Tokyo, Japan|Tokei|Tokyo (Japan)"", ""Japan|State of Japan|Land of the Rising Sun|Nihon|Nippon|JP|Nippon-koku|Nihon-koku|JPN|JAP|JA|🇯🇵|Iapan|Iapon|Land of Rising Sun""]","[""Tokyo"", ""Japan""]"
twohopfact,276825,The city where the headquarters of National Graduate Institute for Policy Studies is located is in the country of,Japan,"[""The city where the headquarters of National Graduate Institute for Policy Studies is located is"", ""Tokyo is in the country of""]","[""Tokyo|Tōkyō|Tôkyô|Tokyo-to|Tokyo Metropolitan prefecture|Tōkyō-to|Tôkyô-to|Tokyo Metropolis|Tokio|Tokyo Prefecture|Tokyo, Japan|Tokei|Tokyo (Japan)"", ""Japan|State of Japan|Land of the Rising Sun|Nihon|Nippon|JP|Nippon-koku|Nihon-koku|JPN|JAP|JA|🇯🇵|Iapan|Iapon|Land of Rising Sun""]","[""Tokyo"", ""Japan""]"
twohopfact,276826,The city where the headquarters of Ueno Gakuen University is located is in the country of,Japan,"[""The city where the headquarters of Ueno Gakuen University is located is"", ""Tokyo is in the country of""]","[""Tokyo|Tōkyō|Tôkyô|Tokyo-to|Tokyo Metropolitan prefecture|Tōkyō-to|Tôkyô-to|Tokyo Metropolis|Tokio|Tokyo Prefecture|Tokyo, Japan|Tokei|Tokyo (Japan)"", ""Japan|State of Japan|Land of the Rising Sun|Nihon|Nippon|JP|Nippon-koku|Nihon-koku|JPN|JAP|JA|🇯🇵|Iapan|Iapon|Land of Rising Sun""]","[""Tokyo"", ""Japan""]"
twohopfact,276827,The city where the headquarters of Nippon Sport Science University is located is in the country of,Japan,"[""The city where the headquarters of Nippon Sport Science University is located is"", ""Tokyo is in the country of""]","[""Tokyo|Tōkyō|Tôkyô|Tokyo-to|Tokyo Metropolitan prefecture|Tōkyō-to|Tôkyô-to|Tokyo Metropolis|Tokio|Tokyo Prefecture|Tokyo, Japan|Tokei|Tokyo (Japan)"", ""Japan|State of Japan|Land of the Rising Sun|Nihon|Nippon|JP|Nippon-koku|Nihon-koku|JPN|JAP|JA|🇯🇵|Iapan|Iapon|Land of Rising Sun""]","[""Tokyo"", ""Japan""]"
twohopfact,276828,The city where the headquarters of Pompeu Fabra University is located is in the country of,Spain,"[""The city where the headquarters of Pompeu Fabra University is located is"", ""Barcelona is in the country of""]","[""Barcelona|BCN|B'na|Barcelona, Spain|Barcelona, Catalonia"", ""Spain|Kingdom of Spain|ES|ESP|🇪🇸""]","[""Barcelona"", ""Spain""]"
twohopfact,276832,The city where the headquarters of Kazakh-Russian University is located is in the country of,Kazakhstan,"[""The city where the headquarters of Kazakh-Russian University is located is"", ""Astana is in the country of""]","[""Astana|Akmola|Aqmola|Tselinograd|Akmolinsk|Nur-Sultan"", ""Kazakhstan|Republic of Kazakhstan|kz|Qazaqstan|KAZ|🇰🇿""]","[""Astana."", ""Kazakhstan""]"
twohopfact,276833,The city where the headquarters of Athenian Technology Association is located is in the country of,Greece,"[""The city where the headquarters of Athenian Technology Association is located is"", ""Athens is in the country of""]","[""Athens|Athens city"", ""Greece|Hellenic Republic|Hellas|gr|el|🇬🇷|Greek Republic|GRE|Ellada|Greek""]","[""Athens, Greece"", ""Greece""]"
twohopfact,276834,The city where the headquarters of Universidad Pedagógica Experimental Libertador is located is in the country of,Venezuela,"[""The city where the headquarters of Universidad Pedagógica Experimental Libertador is located is"", ""Caracas is in the country of""]","[""Caracas|Santiago de Leon de Caracas|CCS|Santiago de León de Caracas"", ""Venezuela|Bolivarian Republic of Venezuela|BR Venezuela|VE|🇻🇪|Estados Unidos de Venezuela|Vzla|VEN""]","[""Caracas."", ""Venezuela""]"
twohopfact,276837,The city where the headquarters of University of Health Sciences Hugo Chávez Frías is located is in the country of,Venezuela,"[""The city where the headquarters of University of Health Sciences Hugo Chávez Frías is located is"", ""Caracas is in the country of""]","[""Caracas|Santiago de Leon de Caracas|CCS|Santiago de León de Caracas"", ""Venezuela|Bolivarian Republic of Venezuela|BR Venezuela|VE|🇻🇪|Estados Unidos de Venezuela|Vzla|VEN""]","[""Caracas."", ""Venezuela""]"
twohopfact,276854,The city where the headquarters of Karolinska Institutet is located is in the country of,Sweden,"[""The city where the headquarters of Karolinska Institutet is located is"", ""Stockholm is in the country of""]","[""Stockholm|Sthlm"", ""Sweden|Kingdom of Sweden|🇸🇪|SE|SWE|Sverige|Konungariket Sverige""]","[""Stockholm"", ""Sweden""]"
twohopfact,276856,The city where the headquarters of Iceland Academy of the Arts is located is in the country of,Iceland,"[""The city where the headquarters of Iceland Academy of the Arts is located is"", ""Reykjavík is in the country of""]","[""Reykjavík|Reykjavik|Reykjavíkurborg|Reykjavikurborg"", ""Iceland|Republic of Iceland|is|Island|🇮🇸|ISL|Ysland""]","[""Reykjavik"", ""Iceland""]"
twohopfact,276857,The city where the headquarters of Estonian Academy of Arts is located is in the country of,Estonia,"[""The city where the headquarters of Estonian Academy of Arts is located is"", ""Tallinn is in the country of""]","[""Tallinn|Reval|Revel|Rewel|Kolywan|Lyndanisse|Lindanäs|Reuel|Tallinn, Estonia"", ""Estonia|Republic of Estonia|Estland|Eesti|ee|EST|🇪🇪|Eesti Vabariik""]","[""Tallinn."", ""Estonia""]"
twohopfact,276858,The city where the headquarters of Estonian Academy of Music and Theatre is located is in the country of,Estonia,"[""The city where the headquarters of Estonian Academy of Music and Theatre is located is"", ""Tallinn is in the country of""]","[""Tallinn|Reval|Revel|Rewel|Kolywan|Lyndanisse|Lindanäs|Reuel|Tallinn, Estonia"", ""Estonia|Republic of Estonia|Estland|Eesti|ee|EST|🇪🇪|Eesti Vabariik""]","[""Tallinn"", ""Estonia""]"
twohopfact,276859,The city where the headquarters of University of Iceland is located is in the country of,Iceland,"[""The city where the headquarters of University of Iceland is located is"", ""Reykjavík is in the country of""]","[""Reykjavík|Reykjavik|Reykjavíkurborg|Reykjavikurborg"", ""Iceland|Republic of Iceland|is|Island|🇮🇸|ISL|Ysland""]","[""Reykjavik"", ""Iceland""]"
twohopfact,276860,The city where the headquarters of Estonian Business School is located is in the country of,Estonia,"[""The city where the headquarters of Estonian Business School is located is"", ""Tallinn is in the country of""]","[""Tallinn|Reval|Revel|Rewel|Kolywan|Lyndanisse|Lindanäs|Reuel|Tallinn, Estonia"", ""Estonia|Republic of Estonia|Estland|Eesti|ee|EST|🇪🇪|Eesti Vabariik""]","[""Tallinn"", ""Estonia""]"
twohopfact,276862,The city where the headquarters of Estonian Institute of Humanities is located is in the country of,Estonia,"[""The city where the headquarters of Estonian Institute of Humanities is located is"", ""Tallinn is in the country of""]","[""Tallinn|Reval|Revel|Rewel|Kolywan|Lyndanisse|Lindanäs|Reuel|Tallinn, Estonia"", ""Estonia|Republic of Estonia|Estland|Eesti|ee|EST|🇪🇪|Eesti Vabariik""]","[""Tallinn"", ""Estonia""]"
twohopfact,276863,The city where the headquarters of Pázmány Péter Catholic University is located is in the country of,Hungary,"[""The city where the headquarters of Pázmány Péter Catholic University is located is"", ""Budapest is in the country of""]","[""Budapest|Buda Pest|Buda-Pest|Budapešť|Budapesta|Budapeszt|Buda|Ofen|Budín|Budim|Budon|Pest|Pešť|Pešta|Alt-Ofen|Budapest, Hungary|Buda-Pesth"", ""Hungary|hu|🇭🇺|HUN""]","[""Budapest"", ""Hungary""]"
twohopfact,276864,The city where the headquarters of Eötvös Loránd University is located is in the country of,Hungary,"[""The city where the headquarters of Eötvös Loránd University is located is"", ""Budapest is in the country of""]","[""Budapest|Buda Pest|Buda-Pest|Budapešť|Budapesta|Budapeszt|Buda|Ofen|Budín|Budim|Budon|Pest|Pešť|Pešta|Alt-Ofen|Budapest, Hungary|Buda-Pesth"", ""Hungary|hu|🇭🇺|HUN""]","[""Budapest"", ""Hungary""]"
twohopfact,276868,The city where the headquarters of Immanuel Kant Baltic Federal University is located is in the country of,Russia,"[""The city where the headquarters of Immanuel Kant Baltic Federal University is located is"", ""Kaliningrad is in the country of""]","[""Kaliningrad|Königsberg|Twangste"", ""Russia|Rossiya|Rossija|RU|RUS|Rossijskaja Federatsija|Russian Federation|Rossiyskaya Federatsiya|RF|Российская Федерация|Россия|Federation of Russia""]","[""Königsberg"", ""Russia""]"
twohopfact,276872,The city where the headquarters of Kasetsart University is located is in the country of,Thailand,"[""The city where the headquarters of Kasetsart University is located is"", ""Bangkok is in the country of""]","[""Bangkok|Bangkok, Thailand|Krung Thep|Krung Thep Maha Nakhon|Sia-Yut'hia|Krungthepmahanakhon Amonrattanakosin Mahintharayutthaya Mahadilokphop Noppharatratchathaniburirom Udomratchaniwetmahasathan Amonphimanawatansathit Sakkathattiyawitsanukamprasit"", ""Thailand|Kingdom of Thailand|th|Siam|🇹🇭|Land of Smiles|THA""]","[""Bangkok"", ""Thailand""]"
twohopfact,276873,The city where the headquarters of Chulalongkorn University is located is in the country of,Thailand,"[""The city where the headquarters of Chulalongkorn University is located is"", ""Bangkok is in the country of""]","[""Bangkok|Bangkok, Thailand|Krung Thep|Krung Thep Maha Nakhon|Sia-Yut'hia|Krungthepmahanakhon Amonrattanakosin Mahintharayutthaya Mahadilokphop Noppharatratchathaniburirom Udomratchaniwetmahasathan Amonphimanawatansathit Sakkathattiyawitsanukamprasit"", ""Thailand|Kingdom of Thailand|th|Siam|🇹🇭|Land of Smiles|THA""]","[""Bangkok"", ""Thailand""]"
twohopfact,276874,The city where the headquarters of Ho Chi Minh National Academy of Politics is located is in the country of,Vietnam,"[""The city where the headquarters of Ho Chi Minh National Academy of Politics is located is"", ""Hanoi is in the country of""]","[""Hanoi|Thang Long|Dong Do|Tonkin|Hà Nội|Ha Noi|Đại La"", ""Vietnam|Socialist Republic of Vietnam|VN|VIE|🇻🇳|Việt Nam|Viet Nam|SRV|VNM""]","[""Hanoi."", ""Vietnam""]"
twohopfact,276877,The city where the headquarters of Bac Ha International University is located is in the country of,Vietnam,"[""The city where the headquarters of Bac Ha International University is located is"", ""Hanoi is in the country of""]","[""Hanoi|Thang Long|Dong Do|Tonkin|Hà Nội|Ha Noi|Đại La"", ""Vietnam|Socialist Republic of Vietnam|VN|VIE|🇻🇳|Việt Nam|Viet Nam|SRV|VNM""]","[""Hanoi"", ""Vietnam""]"
twohopfact,276879,The city where the headquarters of University of Liechtenstein is located is in the country of,Liechtenstein,"[""The city where the headquarters of University of Liechtenstein is located is"", ""Vaduz is in the country of""]","[""Vaduz"", ""Liechtenstein|LI|Principality of Liechtenstein|FL|🇱🇮|LIE""]","[""Vaduz"", ""Liechtenstein""]"
twohopfact,276881,The city where the headquarters of Institute of Technology of Cambodia is located is in the country of,Cambodia,"[""The city where the headquarters of Institute of Technology of Cambodia is located is"", ""Phnom Penh is in the country of""]","[""Phnom Penh"", ""Cambodia|Kingdom of Cambodia|kh|🇰🇭|Kampuchea|Camboya|Campuchia|Kamboja|Kambodzha""]","[""Phnom Penh."", ""Cambodia""]"
twohopfact,276884,The city where the headquarters of Thailand Cyber University is located is in the country of,Thailand,"[""The city where the headquarters of Thailand Cyber University is located is"", ""Bangkok is in the country of""]","[""Bangkok|Bangkok, Thailand|Krung Thep|Krung Thep Maha Nakhon|Sia-Yut'hia|Krungthepmahanakhon Amonrattanakosin Mahintharayutthaya Mahadilokphop Noppharatratchathaniburirom Udomratchaniwetmahasathan Amonphimanawatansathit Sakkathattiyawitsanukamprasit"", ""Thailand|Kingdom of Thailand|th|Siam|🇹🇭|Land of Smiles|THA""]","[""Bangkok"", ""Thailand""]"
twohopfact,276886,The city where the headquarters of Tunku Abdul Rahman University of Management and Technology is located is in the country of,Malaysia,"[""The city where the headquarters of Tunku Abdul Rahman University of Management and Technology is located is"", ""Kuala Lumpur is in the country of""]","[""Kuala Lumpur|KL|Federal Territory of Kuala Lumpur|K.L."", ""Malaysia|my|Federation of Malaysia|Malaysia Federation|MAS|MYS|🇲🇾""]","[""Kuala Lumpur."", ""Malaysia""]"
twohopfact,276887,The city where the headquarters of University of Malaya is located is in the country of,Malaysia,"[""The city where the headquarters of University of Malaya is located is"", ""Kuala Lumpur is in the country of""]","[""Kuala Lumpur|KL|Federal Territory of Kuala Lumpur|K.L."", ""Malaysia|my|Federation of Malaysia|Malaysia Federation|MAS|MYS|🇲🇾""]","[""Kuala Lumpur."", ""Malaysia""]"
twohopfact,276888,The city where the headquarters of National Defence University of Malaysia is located is in the country of,Malaysia,"[""The city where the headquarters of National Defence University of Malaysia is located is"", ""Kuala Lumpur is in the country of""]","[""Kuala Lumpur|KL|Federal Territory of Kuala Lumpur|K.L."", ""Malaysia|my|Federation of Malaysia|Malaysia Federation|MAS|MYS|🇲🇾""]","[""Kuala Lumpur."", ""Malaysia""]"
twohopfact,276891,The city where the headquarters of National Academy of Arts of Ukraine is located is in the country of,Ukraine,"[""The city where the headquarters of National Academy of Arts of Ukraine is located is"", ""Kyiv is in the country of""]","[""Kyiv|Kyjiv|Kyyiv|Kyjiw|Kyiw|Kyïv|Kief|Kieff|Kiew|Kioff|Kiof|Kiowia|Kiovia|Kiow|Kiou|Kyїv|Kiyev|Kiev"", ""Ukraine|UA|UKR|Ukrainia|🇺🇦|Ukr.|Ukraina|the Ukraine|Ukraïna|Urkrain""]","[""Kyiv"", ""Ukraine""]"
twohopfact,276892,The city where the headquarters of State University of Trade and Economics is located is in the country of,Ukraine,"[""The city where the headquarters of State University of Trade and Economics is located is"", ""Kyiv is in the country of""]","[""Kyiv|Kyjiv|Kyyiv|Kyjiw|Kyiw|Kyïv|Kief|Kieff|Kiew|Kioff|Kiof|Kiowia|Kiovia|Kiow|Kiou|Kyїv|Kiyev|Kiev"", ""Ukraine|UA|UKR|Ukrainia|🇺🇦|Ukr.|Ukraina|the Ukraine|Ukraïna|Urkrain""]","[""Kiev."", ""Ukraine""]"
twohopfact,276893,The city where the headquarters of Open International University of Human Development “Ukraine” is located is in the country of,Ukraine,"[""The city where the headquarters of Open International University of Human Development “Ukraine” is located is"", ""Kyiv is in the country of""]","[""Kyiv|Kyjiv|Kyyiv|Kyjiw|Kyiw|Kyïv|Kief|Kieff|Kiew|Kioff|Kiof|Kiowia|Kiovia|Kiow|Kiou|Kyїv|Kiyev|Kiev"", ""Ukraine|UA|UKR|Ukrainia|🇺🇦|Ukr.|Ukraina|the Ukraine|Ukraïna|Urkrain""]","[""Kyiv"", ""Ukraine""]"
twohopfact,276894,The city where the headquarters of National University of Physical Education and Sport of Ukraine is located is in the country of,Ukraine,"[""The city where the headquarters of National University of Physical Education and Sport of Ukraine is located is"", ""Kyiv is in the country of""]","[""Kyiv|Kyjiv|Kyyiv|Kyjiw|Kyiw|Kyïv|Kief|Kieff|Kiew|Kioff|Kiof|Kiowia|Kiovia|Kiow|Kiou|Kyїv|Kiyev|Kiev"", ""Ukraine|UA|UKR|Ukrainia|🇺🇦|Ukr.|Ukraina|the Ukraine|Ukraïna|Urkrain""]","[""Kyiv"", ""Ukraine""]"
twohopfact,276895,The city where the headquarters of Ukrainian State University of Finance and International Trade is located is in the country of,Ukraine,"[""The city where the headquarters of Ukrainian State University of Finance and International Trade is located is"", ""Kyiv is in the country of""]","[""Kyiv|Kyjiv|Kyyiv|Kyjiw|Kyiw|Kyïv|Kief|Kieff|Kiew|Kioff|Kiof|Kiowia|Kiovia|Kiow|Kiou|Kyїv|Kiyev|Kiev"", ""Ukraine|UA|UKR|Ukrainia|🇺🇦|Ukr.|Ukraina|the Ukraine|Ukraïna|Urkrain""]","[""Kyiv"", ""Ukraine""]"
twohopfact,276897,The city where the headquarters of American University of Armenia is located is in the country of,Armenia,"[""The city where the headquarters of American University of Armenia is located is"", ""Yerevan is in the country of""]","[""Yerevan|Erivan|Erevan|The Pink City|Irevan|Iravan"", ""Armenia|🇦🇲|Hayastan|Republic of Armenia|ARM|AM|Hayastani Hanrapetut’yun""]","[""Yerevan"", ""Armenia""]"
twohopfact,276898,The city where the headquarters of National Polytechnic University of Armenia is located is in the country of,Armenia,"[""The city where the headquarters of National Polytechnic University of Armenia is located is"", ""Yerevan is in the country of""]","[""Yerevan|Erivan|Erevan|The Pink City|Irevan|Iravan"", ""Armenia|🇦🇲|Hayastan|Republic of Armenia|ARM|AM|Hayastani Hanrapetut’yun""]","[""Yerevan"", ""Armenia""]"
twohopfact,276899,The city where the headquarters of Russian-Armenian University is located is in the country of,Armenia,"[""The city where the headquarters of Russian-Armenian University is located is"", ""Yerevan is in the country of""]","[""Yerevan|Erivan|Erevan|The Pink City|Irevan|Iravan"", ""Armenia|🇦🇲|Hayastan|Republic of Armenia|ARM|AM|Hayastani Hanrapetut’yun""]","[""Yerevan"", ""Armenia.""]"
twohopfact,276901,The city where the headquarters of Armenian State Pedagogical University is located is in the country of,Armenia,"[""The city where the headquarters of Armenian State Pedagogical University is located is"", ""Yerevan is in the country of""]","[""Yerevan|Erivan|Erevan|The Pink City|Irevan|Iravan"", ""Armenia|🇦🇲|Hayastan|Republic of Armenia|ARM|AM|Hayastani Hanrapetut’yun""]","[""Yerevan"", ""Armenia.""]"
twohopfact,276903,The city where the headquarters of Armenian State University of Economics is located is in the country of,Armenia,"[""The city where the headquarters of Armenian State University of Economics is located is"", ""Yerevan is in the country of""]","[""Yerevan|Erivan|Erevan|The Pink City|Irevan|Iravan"", ""Armenia|🇦🇲|Hayastan|Republic of Armenia|ARM|AM|Hayastani Hanrapetut’yun""]","[""Yerevan."", ""Armenia""]"
twohopfact,276904,The city where the headquarters of Armenian State Institute of Physical Culture and Sport is located is in the country of,Armenia,"[""The city where the headquarters of Armenian State Institute of Physical Culture and Sport is located is"", ""Yerevan is in the country of""]","[""Yerevan|Erivan|Erevan|The Pink City|Irevan|Iravan"", ""Armenia|🇦🇲|Hayastan|Republic of Armenia|ARM|AM|Hayastani Hanrapetut’yun""]","[""Yerevan"", ""Armenia""]"
twohopfact,276905,The city where the headquarters of National University of Architecture and Construction of Armenia is located is in the country of,Armenia,"[""The city where the headquarters of National University of Architecture and Construction of Armenia is located is"", ""Yerevan is in the country of""]","[""Yerevan|Erivan|Erevan|The Pink City|Irevan|Iravan"", ""Armenia|🇦🇲|Hayastan|Republic of Armenia|ARM|AM|Hayastani Hanrapetut’yun""]","[""Yerevan"", ""Armenia""]"
twohopfact,276906,The city where the headquarters of Sudan University College for Women is located is in the country of,Sudan,"[""The city where the headquarters of Sudan University College for Women is located is"", ""Khartoum is in the country of""]","[""Khartoum"", ""Sudan|Republic of the Sudan|as-Sūdān|sd|North Sudan|the Sudan|🇸🇩|Republic of Sudan|SUD|Soudan|as-Sudan|al-Sudan""]","[""Khartoum"", ""Sudan""]"
twohopfact,276908,The city where the headquarters of Memorial University of Newfoundland is located is in the country of,Canada,"[""The city where the headquarters of Memorial University of Newfoundland is located is"", ""St. John's is in the country of""]","[""St. John's|St John's, Newfoundland|St Johns, Newfoundland|St. John's, Newfoundland and Labrador|Saint John's|St. Johns|St Johns|Saint Johns|St. Johns, Newfoundland"", ""Canada|CAN|CA""]","[""St. John's"", ""Canada""]"
twohopfact,276909,The city where the headquarters of University of Alberta is located is in the country of,Canada,"[""The city where the headquarters of University of Alberta is located is"", ""Edmonton is in the country of""]","[""Edmonton|Edmonton, Alberta|Edmonton, AB|City of Edmonton"", ""Canada|CAN|CA""]","[""Edmonton."", ""Canada""]"
twohopfact,276911,The city where the headquarters of Red River College is located is in the country of,Canada,"[""The city where the headquarters of Red River College is located is"", ""Winnipeg is in the country of""]","[""Winnipeg|Winnipeg, Manitoba|City of Winnipeg|Winnipeg, MB"", ""Canada|CAN|CA""]","[""Winnipeg"", ""Canada""]"
twohopfact,276912,The city where the headquarters of University of Manitoba is located is in the country of,Canada,"[""The city where the headquarters of University of Manitoba is located is"", ""Winnipeg is in the country of""]","[""Winnipeg|Winnipeg, Manitoba|City of Winnipeg|Winnipeg, MB"", ""Canada|CAN|CA""]","[""Winnipeg"", ""Canada""]"
twohopfact,276913,The city where the headquarters of University of Prince Edward Island is located is in the country of,Canada,"[""The city where the headquarters of University of Prince Edward Island is located is"", ""Charlottetown is in the country of""]","[""Charlottetown|Charlottetown, Prince Edward Island|Charlottetown, PEI"", ""Canada|CAN|CA""]","[""Charlottetown."", ""Canada""]"
twohopfact,276917,The city where the headquarters of Laval University is located is in the country of,Canada,"[""The city where the headquarters of Laval University is located is"", ""Quebec City is in the country of""]","[""Quebec City|Quebec|Ville de Québec|Québec|City of Québec|City of Quebec|Ville de Quebec|3rd Summit of the Americas|Quebec, Quebec|Québec, Québec"", ""Canada|CAN|CA""]","[""Quebec City"", ""Canada""]"
twohopfact,276921,The city where the headquarters of Belarusian State University of Informatics and Radioelectronics is located is in the country of,Belarus,"[""The city where the headquarters of Belarusian State University of Informatics and Radioelectronics is located is"", ""Minsk is in the country of""]","[""Minsk|Мінск|Менск|Минск|Mińsk|Minskas|Mensk|Miensk"", ""Belarus|🇧🇾|White Russia|White Ruthenia|Republic of Belarus|by|Byeloruss|BLR|Bielorussia|Belorussia|Byelorussia|Respublika Belarus'|Respublika Bielaruś|Bielaruś""]","[""Minsk"", ""Belarus""]"
twohopfact,276922,The city where the headquarters of Maxim Tank Belarusian State Pedagogical University is located is in the country of,Belarus,"[""The city where the headquarters of Maxim Tank Belarusian State Pedagogical University is located is"", ""Minsk is in the country of""]","[""Minsk|Мінск|Менск|Минск|Mińsk|Minskas|Mensk|Miensk"", ""Belarus|🇧🇾|White Russia|White Ruthenia|Republic of Belarus|by|Byeloruss|BLR|Bielorussia|Belorussia|Byelorussia|Respublika Belarus'|Respublika Bielaruś|Bielaruś""]","[""Minsk."", ""Belarus""]"
twohopfact,276924,The city where the headquarters of Belarusian State Economic University is located is in the country of,Belarus,"[""The city where the headquarters of Belarusian State Economic University is located is"", ""Minsk is in the country of""]","[""Minsk|Мінск|Менск|Минск|Mińsk|Minskas|Mensk|Miensk"", ""Belarus|🇧🇾|White Russia|White Ruthenia|Republic of Belarus|by|Byeloruss|BLR|Bielorussia|Belorussia|Byelorussia|Respublika Belarus'|Respublika Bielaruś|Bielaruś""]","[""Minsk"", ""Belarus""]"
twohopfact,276925,The city where the headquarters of Aston University is located is in the country of,United Kingdom,"[""The city where the headquarters of Aston University is located is"", ""Birmingham is in the country of""]","[""Birmingham|Birmingham, England|Birmingham, West Midlands|Birmingham, UK"", ""United Kingdom|🇬🇧|UK|United Kingdom of Great Britain and Northern Ireland|U.K.|GBR|GB|U. K.|U K|G.B.|G. B.|G B|Great Britain|G.B.R.|G B R|Britain|Great Britain and Northern Ireland|The United Kingdom of Great Britain and Northern Ireland|The UK""]","[""Birmingham"", ""United Kingdom""]"
twohopfact,276941,The city where the headquarters of National University of Colombia is located is in the country of,Colombia,"[""The city where the headquarters of National University of Colombia is located is"", ""Bogotá is in the country of""]","[""Bogotá|Santa Fe de Bogotá|Santafé de Bogotá|Bogota|Bogota, Colombia|Bogotá, D.C."", ""Colombia|🇨🇴|República de Colombia|Republic of Colombia|COL|CO|ISO 3166-1:CO|Republica de Colombia|The Republic of Colombia|Colombiá""]","[""Bogotá"", ""Colombia""]"
twohopfact,276943,The city where the headquarters of Pontifical Catholic University of Peru is located is in the country of,Peru,"[""The city where the headquarters of Pontifical Catholic University of Peru is located is"", ""Lima is in the country of""]","[""Lima|City of the Kings"", ""Peru|pe|Republic of Peru|República del Perú|🇵🇪|Republica del Peru|per""]","[""Lima."", ""Peru""]"
twohopfact,276945,The city where the headquarters of University of Chile is located is in the country of,Chile,"[""The city where the headquarters of University of Chile is located is"", ""Santiago is in the country of""]","[""Santiago|Santiago de Chile|Santiago, Chile|Greater Santiago"", ""Chile|Republic of Chile|CL|República de Chile|CHI|🇨🇱""]","[""Santiago"", ""Chile""]"
twohopfact,276947,The city where the headquarters of Pontifical Catholic University of Chile is located is in the country of,Chile,"[""The city where the headquarters of Pontifical Catholic University of Chile is located is"", ""Santiago is in the country of""]","[""Santiago|Santiago de Chile|Santiago, Chile|Greater Santiago"", ""Chile|Republic of Chile|CL|República de Chile|CHI|🇨🇱""]","[""Santiago"", ""Chile""]"
twohopfact,276950,The city where the headquarters of Australian National University is located is in the country of,Australia,"[""The city where the headquarters of Australian National University is located is"", ""Canberra is in the country of""]","[""Canberra|Canberra, Australia|Canberra, Australian Capital Territory"", ""Australia|Commonwealth of Australia|AU|AUS|🇦🇺|Straya|Aussieland|Oz|Stralia|New Holland|New Hollandia|Nova Hollandia|Down Under""]","[""Canberra"", ""Australia""]"
twohopfact,276952,The city where the headquarters of RMIT University is located is in the country of,Australia,"[""The city where the headquarters of RMIT University is located is"", ""Melbourne is in the country of""]","[""Melbourne|Melbourne, Victoria|Melbourne, Australia|Greater Melbourne|Melbourne, AUS|Naarm|Melbourne, Victoria, Australia|Melbourne, VIC|Melbourne, VIC, Australia|Narrm"", ""Australia|Commonwealth of Australia|AU|AUS|🇦🇺|Straya|Aussieland|Oz|Stralia|New Holland|New Hollandia|Nova Hollandia|Down Under""]","[""Melbourne"", ""Australia""]"
twohopfact,276953,The city where the headquarters of Deakin University is located is in the country of,Australia,"[""The city where the headquarters of Deakin University is located is"", ""Melbourne is in the country of""]","[""Melbourne|Melbourne, Victoria|Melbourne, Australia|Greater Melbourne|Melbourne, AUS|Naarm|Melbourne, Victoria, Australia|Melbourne, VIC|Melbourne, VIC, Australia|Narrm"", ""Australia|Commonwealth of Australia|AU|AUS|🇦🇺|Straya|Aussieland|Oz|Stralia|New Holland|New Hollandia|Nova Hollandia|Down Under""]","[""Melbourne"", ""Australia""]"
twohopfact,276954,The city where the headquarters of University of Western Australia is located is in the country of,Australia,"[""The city where the headquarters of University of Western Australia is located is"", ""Perth is in the country of""]","[""Perth|Perth, Western Australia|Perth, Australia|Perth, W.A.|Perth, AUS"", ""Australia|Commonwealth of Australia|AU|AUS|🇦🇺|Straya|Aussieland|Oz|Stralia|New Holland|New Hollandia|Nova Hollandia|Down Under""]","[""Perth"", ""Australia""]"
twohopfact,276958,The city where the headquarters of University of Molise is located is in the country of,Italy,"[""The city where the headquarters of University of Molise is located is"", ""Campobasso is in the country of""]","[""Campobasso"", ""Italy|Italia|Italian Republic|IT|🇮🇹|ITA|Republic of Italy|Repubblica Italiana""]","[""Campobasso."", ""Italy""]"
twohopfact,276959,The city where the headquarters of University of Basilicata is located is in the country of,Italy,"[""The city where the headquarters of University of Basilicata is located is"", ""Potenza is in the country of""]","[""Potenza|Potenza (Italy)"", ""Italy|Italia|Italian Republic|IT|🇮🇹|ITA|Republic of Italy|Repubblica Italiana""]","[""Potenza."", ""Italy""]"
twohopfact,276961,The city where the headquarters of Shahid Beheshti University is located is in the country of,Iran,"[""The city where the headquarters of Shahid Beheshti University is located is"", ""Tehran is in the country of""]","[""Tehran|Teheran|Ṭihrán"", ""Iran|Islamic Republic of Iran|Persia|ir|Islamic Rep. Iran|🇮🇷|irn""]","[""Tehran."", ""Iran.""]"
twohopfact,276963,The city where the headquarters of Iran University of Science and Technology is located is in the country of,Iran,"[""The city where the headquarters of Iran University of Science and Technology is located is"", ""Tehran is in the country of""]","[""Tehran|Teheran|Ṭihrán"", ""Iran|Islamic Republic of Iran|Persia|ir|Islamic Rep. Iran|🇮🇷|irn""]","[""Tehran"", ""Iran""]"
twohopfact,276964,The city where the headquarters of Amirkabir University of Technology is located is in the country of,Iran,"[""The city where the headquarters of Amirkabir University of Technology is located is"", ""Tehran is in the country of""]","[""Tehran|Teheran|Ṭihrán"", ""Iran|Islamic Republic of Iran|Persia|ir|Islamic Rep. Iran|🇮🇷|irn""]","[""Tehran"", ""Iran.""]"
twohopfact,276967,The city where the headquarters of Farhangian University is located is in the country of,Iran,"[""The city where the headquarters of Farhangian University is located is"", ""Tehran is in the country of""]","[""Tehran|Teheran|Ṭihrán"", ""Iran|Islamic Republic of Iran|Persia|ir|Islamic Rep. Iran|🇮🇷|irn""]","[""Tehran"", ""Iran.""]"
twohopfact,276968,The city where the headquarters of Ethiopian Catholic University of Saint Thomas Aquinas is located is in the country of,Ethiopia,"[""The city where the headquarters of Ethiopian Catholic University of Saint Thomas Aquinas is located is"", ""Addis Ababa is in the country of""]","[""Addis Ababa|Addis Abeba|Addis Abäba|Finfinne"", ""Ethiopia|Federal Democratic Republic of Ethiopia|et|🇪🇹|ETH""]","[""Addis Ababa"", ""Ethiopia""]"
twohopfact,276971,The city where the headquarters of Kuban State University is located is in the country of,Russia,"[""The city where the headquarters of Kuban State University is located is"", ""Krasnodar is in the country of""]","[""Krasnodar|Yekaterinodar|Katerynodar"", ""Russia|Rossiya|Rossija|RU|RUS|Rossijskaja Federatsija|Russian Federation|Rossiyskaya Federatsiya|RF|Российская Федерация|Россия|Federation of Russia""]","[""Krasnodar."", ""Russia""]"
twohopfact,276972,The city where the headquarters of Kuban State Technological University is located is in the country of,Russia,"[""The city where the headquarters of Kuban State Technological University is located is"", ""Krasnodar is in the country of""]","[""Krasnodar|Yekaterinodar|Katerynodar"", ""Russia|Rossiya|Rossija|RU|RUS|Rossijskaja Federatsija|Russian Federation|Rossiyskaya Federatsiya|RF|Российская Федерация|Россия|Federation of Russia""]","[""Krasnodar."", ""Russia""]"
twohopfact,276973,The city where the headquarters of Kuban State Medical University is located is in the country of,Russia,"[""The city where the headquarters of Kuban State Medical University is located is"", ""Krasnodar is in the country of""]","[""Krasnodar|Yekaterinodar|Katerynodar"", ""Russia|Rossiya|Rossija|RU|RUS|Rossijskaja Federatsija|Russian Federation|Rossiyskaya Federatsiya|RF|Российская Федерация|Россия|Federation of Russia""]","[""Krasnodar."", ""Russia""]"
twohopfact,276975,The city where the headquarters of Middle East Technical University is located is in the country of,Turkey,"[""The city where the headquarters of Middle East Technical University is located is"", ""Ankara is in the country of""]","[""Ankara|Angora"", ""Turkey|TUR|TR|Republic of Türkiye|Türkiye|Republic of Turkey""]","[""Ankara."", ""Turkey""]"
twohopfact,276976,The city where the headquarters of Hacettepe University is located is in the country of,Turkey,"[""The city where the headquarters of Hacettepe University is located is"", ""Ankara is in the country of""]","[""Ankara|Angora"", ""Turkey|TUR|TR|Republic of Türkiye|Türkiye|Republic of Turkey""]","[""Ankara."", ""Turkey""]"
twohopfact,276977,The city where the headquarters of Imam Muhammad ibn Saud Islamic University is located is in the country of,Saudi Arabia,"[""The city where the headquarters of Imam Muhammad ibn Saud Islamic University is located is"", ""Riyadh is in the country of""]","[""Riyadh|Reyadh"", ""Saudi Arabia|🇸🇦|KSA|Kingdom of Saudi Arabia|sa""]","[""Riyadh."", ""Saudi Arabia""]"
twohopfact,276980,The city where the headquarters of University of Turkish Aeronautical Association is located is in the country of,Turkey,"[""The city where the headquarters of University of Turkish Aeronautical Association is located is"", ""Ankara is in the country of""]","[""Ankara|Angora"", ""Turkey|TUR|TR|Republic of Türkiye|Türkiye|Republic of Turkey""]","[""Ankara."", ""Turkey""]"
twohopfact,276998,The city where the headquarters of Protestant University in the Congo is located is in the country of,Democratic Republic of the Congo,"[""The city where the headquarters of Protestant University in the Congo is located is"", ""Kinshasa is in the country of""]","[""Kinshasa|Léopoldville|Leopoldstad|Leopoldville"", ""Democratic Republic of the Congo|DRC|DR Congo|Congo-Kinshasa|Zaire|Congo|Democratic Republic of Congo|cd|Dem. Republic of the Congo|Dem. Republic of Congo|Dem. Rep. Congo|🇨🇩|Congo (Kinshasa)|COD|D.R.C.""]","[""Kinshasa."", ""Democratic Republic of Congo""]"
twohopfact,277000,The city where the headquarters of Cyprus International University is located is in the country of,Cyprus,"[""The city where the headquarters of Cyprus International University is located is"", ""Nicosia is in the country of""]","[""Nicosia|Lefkosia"", ""Cyprus|🇨🇾|Greek Cypriot State|Republic of Cyprus|Greek Administration of Southern Cyprus|CY|CYP""]","[""Nicosia"", ""Cyprus.""]"
twohopfact,277001,The city where the headquarters of Rwanda Tourism University College is located is in the country of,Rwanda,"[""The city where the headquarters of Rwanda Tourism University College is located is"", ""Kigali is in the country of""]","[""Kigali"", ""Rwanda|Republic of Rwanda|rw|🇷🇼""]","[""Kigali"", ""Rwanda""]"
twohopfact,277002,The city where the headquarters of Rwanda Christian University is located is in the country of,Rwanda,"[""The city where the headquarters of Rwanda Christian University is located is"", ""Kigali is in the country of""]","[""Kigali"", ""Rwanda|Republic of Rwanda|rw|🇷🇼""]","[""Kigali"", ""Rwanda""]"
twohopfact,277003,The city where the headquarters of Texas A&M University at Qatar is located is in the country of,Qatar,"[""The city where the headquarters of Texas A&M University at Qatar is located is"", ""Doha is in the country of""]","[""Doha"", ""Qatar|qa|State of Qatar|🇶🇦|qat""]","[""Doha."", ""Qatar""]"
twohopfact,277004,The city where the headquarters of Management University of Africa is located is in the country of,Kenya,"[""The city where the headquarters of Management University of Africa is located is"", ""Nairobi is in the country of""]","[""Nairobi|Kenya's capital|Kenyan capital|Kenya capital city|Kenya capital"", ""Kenya|Republic of Kenya|KE|KEN|🇰🇪""]","[""Nairobi"", ""Kenya""]"
twohopfact,277007,The city where the headquarters of Technical University of Mozambique is located is in the country of,Mozambique,"[""The city where the headquarters of Technical University of Mozambique is located is"", ""Maputo is in the country of""]","[""Maputo|Lourenço Marques|Lourenço Marquez"", ""Mozambique|Moçambique|República de Moçambique|MZ|MOZ|🇲🇿|Republic of Mozambique""]","[""Maputo."", ""Mozambique""]"
twohopfact,277009,The city where the headquarters of Jean Piaget University of Angola is located is in the country of,Angola,"[""The city where the headquarters of Jean Piaget University of Angola is located is"", ""Luanda is in the country of""]","[""Luanda|São Paulo da Assunção de Loanda|Luanda, Angola"", ""Angola|🇦🇴|ANG|Republic of Angola|ao|Ngola""]","[""Luanda"", ""Angola""]"
twohopfact,277011,The city where the headquarters of Lerotholi Polytechnic is located is in the country of,Lesotho,"[""The city where the headquarters of Lerotholi Polytechnic is located is"", ""Maseru is in the country of""]","[""Maseru"", ""Lesotho|Kingdom of Lesotho|ls|🇱🇸|LES""]","[""Maseru."", ""Lesotho""]"
twohopfact,277013,The city where the headquarters of University of Zimbabwe is located is in the country of,Zimbabwe,"[""The city where the headquarters of University of Zimbabwe is located is"", ""Harare is in the country of""]","[""Harare|Salisbury, Rhodesia|Salisbury|Fort Salisbury|Salisbury, Zimbabwe"", ""Zimbabwe|Republic of Zimbabwe|Southern Rhodesia|Rhodesia|Zimbabwe Rhodesia|🇿🇼|zw|ZIM""]","[""Harare."", ""Zimbabwe.""]"
twohopfact,277014,The city where the headquarters of Institute of Development Management Botswana is located is in the country of,Botswana,"[""The city where the headquarters of Institute of Development Management Botswana is located is"", ""Gaborone is in the country of""]","[""Gaborone|Gabs|Motse-Mshate"", ""Botswana|bw|🇧🇼|Republic of Botswana|Lefatshe la Botswana|BOT""]","[""Gaborone"", ""Botswana""]"
twohopfact,277016,The city where the headquarters of University of Technology Mauritius is located is in the country of,Mauritius,"[""The city where the headquarters of University of Technology Mauritius is located is"", ""Port Louis is in the country of""]","[""Port Louis|Port-Louis|Porlwi|Polwi"", ""Mauritius|Republic of Mauritius|Maurice|Moris|MU|🇲🇺|MRI""]","[""Port Louis."", ""Mauritius""]"
twohopfact,277022,The city where the headquarters of Universidade Federal do Paraná is located is in the country of,Brazil,"[""The city where the headquarters of Universidade Federal do Paraná is located is"", ""Curitiba is in the country of""]","[""Curitiba|Curityba do Parana|Curityba|Coritiba|Corityba"", ""Brazil|Federative Republic of Brazil|BR|BRA|🇧🇷|Brasil""]","[""Curitiba."", ""Brazil""]"
twohopfact,277026,The city where the headquarters of University of Washington College of Forest Resources is located is in the country of,United States of America,"[""The city where the headquarters of University of Washington College of Forest Resources is located is"", ""Seattle is in the country of""]","[""Seattle|Seattle, Washington|Seattle, WA|Duwamps|New York Alki"", ""United States of America|the United States of America|America|U.S.A.|USA|U.S.|US|the US|the USA|US of A|the United States|U. S. A.|U. S.|the States|the U.S.|United States|US of America|the U.S.A.|the US of America|the US of A|the U.S. of A|the U.S. of America|U.S. of America|Merica""]","[""Seattle"", ""United States""]"
twohopfact,277027,The city where the headquarters of University of Washington School of Forest Resources is located is in the country of,United States of America,"[""The city where the headquarters of University of Washington School of Forest Resources is located is"", ""Seattle is in the country of""]","[""Seattle|Seattle, Washington|Seattle, WA|Duwamps|New York Alki"", ""United States of America|the United States of America|America|U.S.A.|USA|U.S.|US|the US|the USA|US of A|the United States|U. S. A.|U. S.|the States|the U.S.|United States|US of America|the U.S.A.|the US of America|the US of A|the U.S. of A|the U.S. of America|U.S. of America|Merica""]","[""Seattle."", ""United States""]"
twohopfact,277028,The city where the headquarters of Johns Hopkins University is located is in the country of,United States of America,"[""The city where the headquarters of Johns Hopkins University is located is"", ""Baltimore is in the country of""]","[""Baltimore|Baltimore, Maryland|City of Baltimore|Baltimore City|Charm City|B more|Bmore|Baltimore, MD|Balt.|BAL|B'more"", ""United States of America|the United States of America|America|U.S.A.|USA|U.S.|US|the US|the USA|US of A|the United States|U. S. A.|U. S.|the States|the U.S.|United States|US of America|the U.S.A.|the US of America|the US of A|the U.S. of A|the U.S. of America|U.S. of America|Merica""]","[""Baltimore."", ""United States""]"
twohopfact,277029,The city where the headquarters of Morgan State University is located is in the country of,United States of America,"[""The city where the headquarters of Morgan State University is located is"", ""Baltimore is in the country of""]","[""Baltimore|Baltimore, Maryland|City of Baltimore|Baltimore City|Charm City|B more|Bmore|Baltimore, MD|Balt.|BAL|B'more"", ""United States of America|the United States of America|America|U.S.A.|USA|U.S.|US|the US|the USA|US of A|the United States|U. S. A.|U. S.|the States|the U.S.|United States|US of America|the U.S.A.|the US of America|the US of A|the U.S. of A|the U.S. of America|U.S. of America|Merica""]","[""Baltimore."", ""United States""]"
twohopfact,277031,The city where the headquarters of University of South Australia is located is in the country of,Australia,"[""The city where the headquarters of University of South Australia is located is"", ""Adelaide is in the country of""]","[""Adelaide|Adelaide, SA|Adelaide, S. Aust.|Adelaide, South Australia|Adelaide, Australia"", ""Australia|Commonwealth of Australia|AU|AUS|🇦🇺|Straya|Aussieland|Oz|Stralia|New Holland|New Hollandia|Nova Hollandia|Down Under""]","[""Adelaide"", ""Australia""]"
twohopfact,277032,The city where the headquarters of Tarlac State University is located is in the country of,Philippines,"[""The city where the headquarters of Tarlac State University is located is"", ""Tarlac City is in the country of""]","[""Tarlac City|City of Tarlac|Tarlac, Tarlac|Tarlac City, Tarlac"", ""Philippines|PH|🇵🇭|Republic of the Philippines|The Philippines|Philippine Islands|PHL|PHI|RP""]","[""Bagumbayan, Tarlac City"", ""Philippines""]"
twohopfact,277038,The city where the headquarters of University of Natal is located is in the country of,South Africa,"[""The city where the headquarters of University of Natal is located is"", ""Durban is in the country of""]","[""Durban|Durban, South Africa"", ""South Africa|Republic of South Africa|RSA|SA|za|🇿🇦|zaf|Mzanzi""]","[""Durban."", ""South Africa""]"
twohopfact,277040,The city where the headquarters of Umm Al-Qura University is located is in the country of,Saudi Arabia,"[""The city where the headquarters of Umm Al-Qura University is located is"", ""Mecca is in the country of""]","[""Mecca|Makkah al-Mukarramah|Bakkah|The Holy City of Mecca|Umm al-Qurā|Mother of All Settlements|Makkah|Holy City of Mecca|Mecca (Saudi Arabia)|Macoraba"", ""Saudi Arabia|🇸🇦|KSA|Kingdom of Saudi Arabia|sa""]","[""Mecca."", ""Saudi Arabia""]"
twohopfact,277041,The city where the headquarters of American University of Afghanistan is located is in the country of,Afghanistan,"[""The city where the headquarters of American University of Afghanistan is located is"", ""Kabul is in the country of""]","[""Kabul|Cabool|Caubul|Kabol|Cabul"", ""Afghanistan|🇦🇫|AFG|af""]","[""Kabul"", ""Afghanistan""]"
twohopfact,277068,The city where the headquarters of Florida International University is located is in the country of,United States of America,"[""The city where the headquarters of Florida International University is located is"", ""Miami is in the country of""]","[""Miami|City of Miami|Miami, Florida|Miami, FL"", ""United States of America|the United States of America|America|U.S.A.|USA|U.S.|US|the US|the USA|US of A|the United States|U. S. A.|U. S.|the States|the U.S.|United States|US of America|the U.S.A.|the US of America|the US of A|the U.S. of A|the U.S. of America|U.S. of America|Merica""]","[""Miami"", ""United States""]"
twohopfact,277069,The city where the headquarters of Mohammad Ali Jinnah University is located is in the country of,Pakistan,"[""The city where the headquarters of Mohammad Ali Jinnah University is located is"", ""Karachi is in the country of""]","[""Karachi|Heart of Pakistan|The Lighting City|Kurrachee"", ""Pakistan|Islamic Republic of Pakistan|Republic of Pakistan|🇵🇰|pk|PAK""]","[""Karachi."", ""Pakistan""]"
twohopfact,277070,The city where the headquarters of Federal Urdu University is located is in the country of,Pakistan,"[""The city where the headquarters of Federal Urdu University is located is"", ""Karachi is in the country of""]","[""Karachi|Heart of Pakistan|The Lighting City|Kurrachee"", ""Pakistan|Islamic Republic of Pakistan|Republic of Pakistan|🇵🇰|pk|PAK""]","[""Karachi"", ""Pakistan""]"
twohopfact,277071,The city where the headquarters of Iqra University is located is in the country of,Pakistan,"[""The city where the headquarters of Iqra University is located is"", ""Karachi is in the country of""]","[""Karachi|Heart of Pakistan|The Lighting City|Kurrachee"", ""Pakistan|Islamic Republic of Pakistan|Republic of Pakistan|🇵🇰|pk|PAK""]","[""Karachi."", ""Pakistan""]"
twohopfact,277072,The city where the headquarters of College of Physicians & Surgeons Pakistan is located is in the country of,Pakistan,"[""The city where the headquarters of College of Physicians & Surgeons Pakistan is located is"", ""Karachi is in the country of""]","[""Karachi|Heart of Pakistan|The Lighting City|Kurrachee"", ""Pakistan|Islamic Republic of Pakistan|Republic of Pakistan|🇵🇰|pk|PAK""]","[""Karachi"", ""Pakistan""]"
twohopfact,277073,The city where the headquarters of Pakistan Navy Engineering College is located is in the country of,Pakistan,"[""The city where the headquarters of Pakistan Navy Engineering College is located is"", ""Karachi is in the country of""]","[""Karachi|Heart of Pakistan|The Lighting City|Kurrachee"", ""Pakistan|Islamic Republic of Pakistan|Republic of Pakistan|🇵🇰|pk|PAK""]","[""Karachi"", ""Pakistan""]"
twohopfact,277076,The city where the headquarters of Estácio Universities is located is in the country of,Brazil,"[""The city where the headquarters of Estácio Universities is located is"", ""Rio de Janeiro is in the country of""]","[""Rio de Janeiro|Rio|Rio de Janeiro city|Río de Janeiro City|City of Río de Janeiro"", ""Brazil|Federative Republic of Brazil|BR|BRA|🇧🇷|Brasil""]","[""Rio de Janeiro"", ""Brazil""]"
twohopfact,277077,The city where the headquarters of Korea National Sport University is located is in the country of,South Korea,"[""The city where the headquarters of Korea National Sport University is located is"", ""Seoul is in the country of""]","[""Seoul|Seoul City|Sŏul T'ŭkpyŏlsi|Wiryeseong|Namgyeong|Hanseong|Hanyang|Keijō|Keijou|Gyeongseong"", ""South Korea|Republic of Korea|ROK|kr|Rep. Korea|S. Korea|Korea Republic|🇰🇷|KOR|Hanguk|Daehan Minguk|Daehanminguk|SK|Korea (South)""]","[""Seoul"", ""South Korea""]"
twohopfact,277078,The city where the headquarters of Yonsei University is located is in the country of,South Korea,"[""The city where the headquarters of Yonsei University is located is"", ""Seoul is in the country of""]","[""Seoul|Seoul City|Sŏul T'ŭkpyŏlsi|Wiryeseong|Namgyeong|Hanseong|Hanyang|Keijō|Keijou|Gyeongseong"", ""South Korea|Republic of Korea|ROK|kr|Rep. Korea|S. Korea|Korea Republic|🇰🇷|KOR|Hanguk|Daehan Minguk|Daehanminguk|SK|Korea (South)""]","[""Seoul"", ""South Korea""]"
twohopfact,277079,The city where the headquarters of Ewha Womans University is located is in the country of,South Korea,"[""The city where the headquarters of Ewha Womans University is located is"", ""Seoul is in the country of""]","[""Seoul|Seoul City|Sŏul T'ŭkpyŏlsi|Wiryeseong|Namgyeong|Hanseong|Hanyang|Keijō|Keijou|Gyeongseong"", ""South Korea|Republic of Korea|ROK|kr|Rep. Korea|S. Korea|Korea Republic|🇰🇷|KOR|Hanguk|Daehan Minguk|Daehanminguk|SK|Korea (South)""]","[""Seoul"", ""South Korea""]"
twohopfact,277080,The city where the headquarters of Konkuk University is located is in the country of,South Korea,"[""The city where the headquarters of Konkuk University is located is"", ""Seoul is in the country of""]","[""Seoul|Seoul City|Sŏul T'ŭkpyŏlsi|Wiryeseong|Namgyeong|Hanseong|Hanyang|Keijō|Keijou|Gyeongseong"", ""South Korea|Republic of Korea|ROK|kr|Rep. Korea|S. Korea|Korea Republic|🇰🇷|KOR|Hanguk|Daehan Minguk|Daehanminguk|SK|Korea (South)""]","[""Seoul"", ""South Korea""]"
twohopfact,277081,The city where the headquarters of Inje Institute of Adbanced Studies is located is in the country of,South Korea,"[""The city where the headquarters of Inje Institute of Adbanced Studies is located is"", ""Seoul is in the country of""]","[""Seoul|Seoul City|Sŏul T'ŭkpyŏlsi|Wiryeseong|Namgyeong|Hanseong|Hanyang|Keijō|Keijou|Gyeongseong"", ""South Korea|Republic of Korea|ROK|kr|Rep. Korea|S. Korea|Korea Republic|🇰🇷|KOR|Hanguk|Daehan Minguk|Daehanminguk|SK|Korea (South)""]","[""Seoul, South Korea"", ""South Korea""]"
twohopfact,277082,The city where the headquarters of Fudan University is located is in the country of,People's Republic of China,"[""The city where the headquarters of Fudan University is located is"", ""Shanghai is in the country of""]","[""Shanghai|Hu|Shang Hai|Shanghai, China|Shanghae|Zanghae|Shang-hai|Shen|Pearl of the Orient|Xanghae|Shanghai Municipality|Municipality of Shanghai|Shanghai City"", ""People's Republic of China|China|CN|PR China|PRC|CHN|🇨🇳|China PR|Mainland China|RPC""]","[""Shanghai."", ""China""]"
twohopfact,277084,The city where the headquarters of East China Normal University is located is in the country of,People's Republic of China,"[""The city where the headquarters of East China Normal University is located is"", ""Shanghai is in the country of""]","[""Shanghai|Hu|Shang Hai|Shanghai, China|Shanghae|Zanghae|Shang-hai|Shen|Pearl of the Orient|Xanghae|Shanghai Municipality|Municipality of Shanghai|Shanghai City"", ""People's Republic of China|China|CN|PR China|PRC|CHN|🇨🇳|China PR|Mainland China|RPC""]","[""Shanghai"", ""China""]"
twohopfact,277085,The city where the headquarters of Tongji University is located is in the country of,People's Republic of China,"[""The city where the headquarters of Tongji University is located is"", ""Shanghai is in the country of""]","[""Shanghai|Hu|Shang Hai|Shanghai, China|Shanghae|Zanghae|Shang-hai|Shen|Pearl of the Orient|Xanghae|Shanghai Municipality|Municipality of Shanghai|Shanghai City"", ""People's Republic of China|China|CN|PR China|PRC|CHN|🇨🇳|China PR|Mainland China|RPC""]","[""Shanghai"", ""China""]"
twohopfact,277088,The city where the headquarters of International University of Andalucía is located is in the country of,Spain,"[""The city where the headquarters of International University of Andalucía is located is"", ""Seville is in the country of""]","[""Seville|Sevilla|Seville, Spain|Ishbiliya|Ixbiliya"", ""Spain|Kingdom of Spain|ES|ESP|🇪🇸""]","[""Seville."", ""Spain""]"
twohopfact,277089,The city where the headquarters of University of the Balearic Islands is located is in the country of,Spain,"[""The city where the headquarters of University of the Balearic Islands is located is"", ""Palma de Mallorca is in the country of""]","[""Palma de Mallorca"", ""Spain|Kingdom of Spain|ES|ESP|🇪🇸""]","[""Palma de Mallorca."", ""Spain""]"
twohopfact,277100,The city where the headquarters of Lao University of Health Sciences is located is in the country of,Laos,"[""The city where the headquarters of Lao University of Health Sciences is located is"", ""Vientiane is in the country of""]","[""Vientiane|Bientani|Viangchan|Vientane|Wei-t'ien|Vieṅ Čan|Vieṅg-Čăn|Wīangčhan|Viang chan|Vyentyan|Wiangcan|Vienchan|Viengchan|Nakhon Viangchan|Vien Chang|Vieng-Cæn|urban Vientiane"", ""Laos|Lao People's Democratic Republic|la|Lao PDR|LAO|🇱🇦""]","[""Vientiane"", ""Laos.""]"
twohopfact,277103,The city where the headquarters of Kyrgyz National University named after Jusup Balasagyn is located is in the country of,Kyrgyzstan,"[""The city where the headquarters of Kyrgyz National University named after Jusup Balasagyn is located is"", ""Bishkek is in the country of""]","[""Bishkek|Frunze|Pishpek"", ""Kyrgyzstan|Kyrgyz Republic|kg|Kirgizia|🇰🇬|KGZ""]","[""Bishkek."", ""Kyrgyzstan""]"
twohopfact,277104,The city where the headquarters of Kyrgyz State University named after I Arabaev is located is in the country of,Kyrgyzstan,"[""The city where the headquarters of Kyrgyz State University named after I Arabaev is located is"", ""Bishkek is in the country of""]","[""Bishkek|Frunze|Pishpek"", ""Kyrgyzstan|Kyrgyz Republic|kg|Kirgizia|🇰🇬|KGZ""]","[""Bishkek."", ""Kyrgyzstan""]"
twohopfact,277105,The city where the headquarters of Tajik State Institute of Languages is located is in the country of,Tajikistan,"[""The city where the headquarters of Tajik State Institute of Languages is located is"", ""Dushanbe is in the country of""]","[""Dushanbe|Dyushambe|Stalinabad"", ""Tajikistan|Republic of Tajikistan|tj|🇹🇯|TJK""]","[""Dushanbe"", ""Tajikistan""]"
twohopfact,277106,The city where the headquarters of Technical University of Tajikistan is located is in the country of,Tajikistan,"[""The city where the headquarters of Technical University of Tajikistan is located is"", ""Dushanbe is in the country of""]","[""Dushanbe|Dyushambe|Stalinabad"", ""Tajikistan|Republic of Tajikistan|tj|🇹🇯|TJK""]","[""Dushanbe"", ""Tajikistan""]"
twohopfact,277107,The city where the headquarters of Tajikistan National Institute of Art is located is in the country of,Tajikistan,"[""The city where the headquarters of Tajikistan National Institute of Art is located is"", ""Dushanbe is in the country of""]","[""Dushanbe|Dyushambe|Stalinabad"", ""Tajikistan|Republic of Tajikistan|tj|🇹🇯|TJK""]","[""Dushanbe"", ""Tajikistan""]"
twohopfact,277114,The city where the headquarters of University of the Punjab is located is in the country of,Pakistan,"[""The city where the headquarters of University of the Punjab is located is"", ""Lahore is in the country of""]","[""Lahore|LHR"", ""Pakistan|Islamic Republic of Pakistan|Republic of Pakistan|🇵🇰|pk|PAK""]","[""Lahore."", ""Pakistan""]"
twohopfact,277121,The city where the headquarters of University of Navarre is located is in the country of,Spain,"[""The city where the headquarters of University of Navarre is located is"", ""Pamplona is in the country of""]","[""Pamplona|Iruña|Iruñea|Pampelune|Pampeluna"", ""Spain|Kingdom of Spain|ES|ESP|🇪🇸""]","[""Pamplona."", ""Spain""]"
twohopfact,277124,The city where the headquarters of Nanzan University is located is in the country of,Japan,"[""The city where the headquarters of Nanzan University is located is"", ""Nagoya is in the country of""]","[""Nagoya"", ""Japan|State of Japan|Land of the Rising Sun|Nihon|Nippon|JP|Nippon-koku|Nihon-koku|JPN|JAP|JA|🇯🇵|Iapan|Iapon|Land of Rising Sun""]","[""Nagoya."", ""Japan""]"
twohopfact,277126,The city where the headquarters of Wayne State University is located is in the country of,United States of America,"[""The city where the headquarters of Wayne State University is located is"", ""Detroit is in the country of""]","[""Detroit|Motor City|Detroit, Michigan|Detroiit|Detroit, MI|The D|City of Detroit"", ""United States of America|the United States of America|America|U.S.A.|USA|U.S.|US|the US|the USA|US of A|the United States|U. S. A.|U. S.|the States|the U.S.|United States|US of America|the U.S.A.|the US of America|the US of A|the U.S. of A|the U.S. of America|U.S. of America|Merica""]","[""Detroit"", ""United States""]"
twohopfact,277128,The city where the headquarters of University of Salento is located is in the country of,Italy,"[""The city where the headquarters of University of Salento is located is"", ""Lecce is in the country of""]","[""Lecce"", ""Italy|Italia|Italian Republic|IT|🇮🇹|ITA|Republic of Italy|Repubblica Italiana""]","[""Lecce"", ""Italy""]"
twohopfact,277133,The city where the headquarters of Imperial University of Dorpat is located is in the country of,Estonia,"[""The city where the headquarters of Imperial University of Dorpat is located is"", ""Tartu is in the country of""]","[""Tartu|Dorpat|Dörpt|Derpt|Tarbatu|Jurjev|Tartto|Tartus"", ""Estonia|Republic of Estonia|Estland|Eesti|ee|EST|🇪🇪|Eesti Vabariik""]","[""Tartu."", ""Estonia""]"
twohopfact,277136,The city where the headquarters of Masaryk University is located is in the country of,Czech Republic,"[""The city where the headquarters of Masaryk University is located is"", ""Brno is in the country of""]","[""Brno|Brünn|statutární město Brno"", ""Czech Republic|CZR|Česko|Česká republika|ČR|CZE|CZ|Czechia""]","[""Brno"", ""Czech Republic""]"
twohopfact,277145,The city where the headquarters of The University of Texas MD Anderson Cancer Center is located is in the country of,United States of America,"[""The city where the headquarters of The University of Texas MD Anderson Cancer Center is located is"", ""Houston is in the country of""]","[""Houston|Houston, Texas|Space City|H-Town|City of Houston|USHOU|Houston, TX|Houston TX"", ""United States of America|the United States of America|America|U.S.A.|USA|U.S.|US|the US|the USA|US of A|the United States|U. S. A.|U. S.|the States|the U.S.|United States|US of America|the U.S.A.|the US of America|the US of A|the U.S. of A|the U.S. of America|U.S. of America|Merica""]","[""Houston."", ""United States""]"
twohopfact,277148,The city where the headquarters of Southeast University is located is in the country of,People's Republic of China,"[""The city where the headquarters of Southeast University is located is"", ""Nanjing is in the country of""]","[""Nanjing|Nankin|Nanking|Nan Jing|Jiangning|Kiangning|Kiang-ning|Nan-king"", ""People's Republic of China|China|CN|PR China|PRC|CHN|🇨🇳|China PR|Mainland China|RPC""]","[""Nanjing"", ""China""]"
twohopfact,277156,The city where the headquarters of Selanik Hukuk Mektebi is located is in the country of,Greece,"[""The city where the headquarters of Selanik Hukuk Mektebi is located is"", ""Thessaloniki is in the country of""]","[""Thessaloniki|Thessalonica|Salonica|Saloniki"", ""Greece|Hellenic Republic|Hellas|gr|el|🇬🇷|Greek Republic|GRE|Ellada|Greek""]","[""Thessaloniki"", ""Greece""]"
twohopfact,277160,The city where the headquarters of Carol Davila University of Medicine and Pharmacy is located is in the country of,Romania,"[""The city where the headquarters of Carol Davila University of Medicine and Pharmacy is located is"", ""Bucharest is in the country of""]","[""Bucharest|Little Paris|Paris of the East|București|Bucureşti|Bucuresti|Bucharest, Romania"", ""Romania|Roumania|Rumania|România|ro|🇷🇴""]","[""București"", ""Romania""]"
twohopfact,277163,The city where the headquarters of University of Arts (Albania) is located is in the country of,Albania,"[""The city where the headquarters of University of Arts (Albania) is located is"", ""Tirana is in the country of""]","[""Tirana|Tirane|Tiranë"", ""Albania|Republic of Albania|Republika e Shqipërisë|Shqipërisë|🇦🇱|ALB|People's Socialist Republic of Albania|People's Republic of Albania|Republika Popullore Socialiste e Shqiperise|Republika Popullore e Shqiperise|AL""]","[""Tirana."", ""Albania.""]"
twohopfact,277175,The city where the headquarters of Technical University of Moldova is located is in the country of,Moldova,"[""The city where the headquarters of Technical University of Moldova is located is"", ""Chișinău is in the country of""]","[""Chișinău|Chisinau|Kishinev|Chişinău|Keshenev|Kischinew|Kyshyniv|Kiszyniów|Kišinìv|Kişinev|Keshinov|Khisinau|Kishinëv|Kishinef|Kiscinev|Kischiniov|Chisnau"", ""Moldova|Republic of Moldova|Moldavia|Republica Moldova|🇲🇩|MDA|MD""]","[""Chisinau."", ""Moldova""]"
twohopfact,277174,The city where the headquarters of Moldova State University is located is in the country of,Moldova,"[""The city where the headquarters of Moldova State University is located is"", ""Chișinău is in the country of""]","[""Chișinău|Chisinau|Kishinev|Chişinău|Keshenev|Kischinew|Kyshyniv|Kiszyniów|Kišinìv|Kişinev|Keshinov|Khisinau|Kishinëv|Kishinef|Kiscinev|Kischiniov|Chisnau"", ""Moldova|Republic of Moldova|Moldavia|Republica Moldova|🇲🇩|MDA|MD""]","[""Chisinau."", ""Moldova""]"
twohopfact,277178,The city where the headquarters of University of European Studies of Moldova is located is in the country of,Moldova,"[""The city where the headquarters of University of European Studies of Moldova is located is"", ""Chișinău is in the country of""]","[""Chișinău|Chisinau|Kishinev|Chişinău|Keshenev|Kischinew|Kyshyniv|Kiszyniów|Kišinìv|Kişinev|Keshinov|Khisinau|Kishinëv|Kishinef|Kiscinev|Kischiniov|Chisnau"", ""Moldova|Republic of Moldova|Moldavia|Republica Moldova|🇲🇩|MDA|MD""]","[""Chisinau."", ""Moldova""]"
twohopfact,277179,The city where the headquarters of Vanderbilt University is located is in the country of,United States of America,"[""The city where the headquarters of Vanderbilt University is located is"", ""Nashville is in the country of""]","[""Nashville|Nashville, Tennessee|Nashville–Davidson County|Metropolitan Government of Nashville and Davidson County|Nashville, TN"", ""United States of America|the United States of America|America|U.S.A.|USA|U.S.|US|the US|the USA|US of A|the United States|U. S. A.|U. S.|the States|the U.S.|United States|US of America|the U.S.A.|the US of America|the US of A|the U.S. of A|the U.S. of America|U.S. of America|Merica""]","[""Nashville"", ""United States""]"
twohopfact,277181,The city where the headquarters of Western Governors University is located is in the country of,United States of America,"[""The city where the headquarters of Western Governors University is located is"", ""Salt Lake City is in the country of""]","[""Salt Lake City|Salt Lake|SLC|Salt Lake City, Utah|Salt Lake City, UT"", ""United States of America|the United States of America|America|U.S.A.|USA|U.S.|US|the US|the USA|US of A|the United States|U. S. A.|U. S.|the States|the U.S.|United States|US of America|the U.S.A.|the US of America|the US of A|the U.S. of A|the U.S. of America|U.S. of America|Merica""]","[""Salt Lake City"", ""United States""]"
twohopfact,277182,The city where the headquarters of Brigham Young University is located is in the country of,United States of America,"[""The city where the headquarters of Brigham Young University is located is"", ""Provo is in the country of""]","[""Provo|Provo, Utah|Provo, UT"", ""United States of America|the United States of America|America|U.S.A.|USA|U.S.|US|the US|the USA|US of A|the United States|U. S. A.|U. S.|the States|the U.S.|United States|US of America|the U.S.A.|the US of America|the US of A|the U.S. of A|the U.S. of America|U.S. of America|Merica""]","[""Provo, Utah."", ""United States""]"
twohopfact,277183,The city where the headquarters of International Turkmen-Turkish University is located is in the country of,Turkmenistan,"[""The city where the headquarters of International Turkmen-Turkish University is located is"", ""Ashgabat is in the country of""]","[""Ashgabat|Poltoratsk|Ashqabad|Aschchabad|Ašgabat|Ashkabat|Ishqabad|'Ishqabad|Asgabat|Askhabad|Ashgabad|Ashabad|`Ishqabad|Ak-Gaudan|Askabad|Ashkhabad|`Ishqábád|Ishqabat|Ashkabad|Aşgabat|Konjikala"", ""Turkmenistan|Turkmenia|tm|TKM|🇹🇲""]","[""Ashgabat."", ""Turkmenistan""]"
twohopfact,277184,The city where the headquarters of Mongolia International University is located is in the country of,Mongolia,"[""The city where the headquarters of Mongolia International University is located is"", ""Ulaanbaatar is in the country of""]","[""Ulaanbaatar|Niislel Hüree|East Hüree|Khan of Urga|Hüree|Ulan-Bator|Ulan Bator|Ih Huree|Kulun|Wulan Batuo"", ""Mongolia|mn|Mongol uls|MNG|MGL|🇲🇳""]","[""Ulaanbaatar"", ""Mongolia""]"
twohopfact,277186,The city where the headquarters of Georgia Institute of Technology is located is in the country of,United States of America,"[""The city where the headquarters of Georgia Institute of Technology is located is"", ""Atlanta is in the country of""]","[""Atlanta|Terminus|Atlanta, Georgia|The Big Peach|Hotlanta|The ATL|The A|Atlanta, GA|Marthasville, Georgia|Marthasville"", ""United States of America|the United States of America|America|U.S.A.|USA|U.S.|US|the US|the USA|US of A|the United States|U. S. A.|U. S.|the States|the U.S.|United States|US of America|the U.S.A.|the US of America|the US of A|the U.S. of A|the U.S. of America|U.S. of America|Merica""]","[""Atlanta."", ""United States""]"
twohopfact,277187,The city where the headquarters of Georgia State University is located is in the country of,United States of America,"[""The city where the headquarters of Georgia State University is located is"", ""Atlanta is in the country of""]","[""Atlanta|Terminus|Atlanta, Georgia|The Big Peach|Hotlanta|The ATL|The A|Atlanta, GA|Marthasville, Georgia|Marthasville"", ""United States of America|the United States of America|America|U.S.A.|USA|U.S.|US|the US|the USA|US of A|the United States|U. S. A.|U. S.|the States|the U.S.|United States|US of America|the U.S.A.|the US of America|the US of A|the U.S. of A|the U.S. of America|U.S. of America|Merica""]","[""Atlanta."", ""United States""]"
twohopfact,277188,The city where the headquarters of University of Montenegro is located is in the country of,Montenegro,"[""The city where the headquarters of University of Montenegro is located is"", ""Podgorica is in the country of""]","[""Podgorica|Capital of Montenegro|Burguriçe|Podgoritsa|Titograd|Podgoritza"", ""Montenegro|me|🇲🇪|MNE|Crna Gora""]","[""Podgorica"", ""Montenegro""]"
twohopfact,277190,The city where the headquarters of Magtymguly Turkmen State University is located is in the country of,Turkmenistan,"[""The city where the headquarters of Magtymguly Turkmen State University is located is"", ""Ashgabat is in the country of""]","[""Ashgabat|Poltoratsk|Ashqabad|Aschchabad|Ašgabat|Ashkabat|Ishqabad|'Ishqabad|Asgabat|Askhabad|Ashgabad|Ashabad|`Ishqabad|Ak-Gaudan|Askabad|Ashkhabad|`Ishqábád|Ishqabat|Ashkabad|Aşgabat|Konjikala"", ""Turkmenistan|Turkmenia|tm|TKM|🇹🇲""]","[""Ashgabat."", ""Turkmenistan""]"
twohopfact,277191,The city where the headquarters of University of New Zealand is located is in the country of,New Zealand,"[""The city where the headquarters of University of New Zealand is located is"", ""Wellington is in the country of""]","[""Wellington|Te Whanga-nui-a-Tara|Wellington, New Zealand|Wellington, NZ|Wellington metropolitan area"", ""New Zealand|NZ|NZL|Dominion of New Zealand|Aotearoa|🇳🇿|Aotearoa New Zealand|New Zeeland|Zeelandia Nova|Nova Zelandia|Zelandia Nova""]","[""Wellington"", ""New Zealand""]"
twohopfact,277192,The city where the headquarters of State University of New York is located is in the country of,United States of America,"[""The city where the headquarters of State University of New York is located is"", ""Albany is in the country of""]","[""Albany|Albany, New York|Albany, NY"", ""United States of America|the United States of America|America|U.S.A.|USA|U.S.|US|the US|the USA|US of A|the United States|U. S. A.|U. S.|the States|the U.S.|United States|US of America|the U.S.A.|the US of America|the US of A|the U.S. of A|the U.S. of America|U.S. of America|Merica""]","[""Albany"", ""United States""]"
twohopfact,277194,The city where the headquarters of University of British Columbia is located is in the country of,Canada,"[""The city where the headquarters of University of British Columbia is located is"", ""Vancouver is in the country of""]","[""Vancouver|City of Vancouver|Vancouver, BC|Vancouver, British Columbia"", ""Canada|CAN|CA""]","[""Vancouver."", ""Canada""]"
twohopfact,277195,The city where the headquarters of Emily Carr University of Art and Design is located is in the country of,Canada,"[""The city where the headquarters of Emily Carr University of Art and Design is located is"", ""Vancouver is in the country of""]","[""Vancouver|City of Vancouver|Vancouver, BC|Vancouver, British Columbia"", ""Canada|CAN|CA""]","[""Vancouver."", ""Canada""]"
twohopfact,277204,The city where the headquarters of Kyushu University is located is in the country of,Japan,"[""The city where the headquarters of Kyushu University is located is"", ""Fukuoka is in the country of""]","[""Fukuoka|Fukuoka City"", ""Japan|State of Japan|Land of the Rising Sun|Nihon|Nippon|JP|Nippon-koku|Nihon-koku|JPN|JAP|JA|🇯🇵|Iapan|Iapon|Land of Rising Sun""]","[""Fukuoka"", ""Japan""]"
twohopfact,277207,The city where the headquarters of Sichuan Agricultural University is located is in the country of,People's Republic of China,"[""The city where the headquarters of Sichuan Agricultural University is located is"", ""Chengdu is in the country of""]","[""Chengdu|Chengtu|Chengdou"", ""People's Republic of China|China|CN|PR China|PRC|CHN|🇨🇳|China PR|Mainland China|RPC""]","[""Chengdu."", ""China""]"
twohopfact,277216,The city where the headquarters of Jagiellonian University is located is in the country of,Poland,"[""The city where the headquarters of Jagiellonian University is located is"", ""Kraków is in the country of""]","[""Kraków|Cracow|Krakow|Royal City of Kraków|Royal Capital City of Kraków|Krakau|Kroke|Cracovie|Cracovia|Krakov|Krakiv|Krakkó|Krakova|Krako|Krakoy|Krakuv"", ""Poland|POL|Republic of Poland|PL|Polska|🇵🇱""]","[""Krakow"", ""Poland""]"
twohopfact,277217,The city where the headquarters of Louisiana State University is located is in the country of,United States of America,"[""The city where the headquarters of Louisiana State University is located is"", ""Baton Rouge is in the country of""]","[""Baton Rouge|Baton Rouge, Louisiana|Baton Rouge, LA|Baton Rouge, La.|Baton-Rouge"", ""United States of America|the United States of America|America|U.S.A.|USA|U.S.|US|the US|the USA|US of A|the United States|U. S. A.|U. S.|the States|the U.S.|United States|US of America|the U.S.A.|the US of America|the US of A|the U.S. of A|the U.S. of America|U.S. of America|Merica""]","[""Baton Rouge."", ""United States""]"
twohopfact,277219,The city where the headquarters of Krakow University of Economics is located is in the country of,Poland,"[""The city where the headquarters of Krakow University of Economics is located is"", ""Kraków is in the country of""]","[""Kraków|Cracow|Krakow|Royal City of Kraków|Royal Capital City of Kraków|Krakau|Kroke|Cracovie|Cracovia|Krakov|Krakiv|Krakkó|Krakova|Krako|Krakoy|Krakuv"", ""Poland|POL|Republic of Poland|PL|Polska|🇵🇱""]","[""Kraków"", ""Poland""]"
twohopfact,277221,The city where the headquarters of Lakehead University is located is in the country of,Canada,"[""The city where the headquarters of Lakehead University is located is"", ""Thunder Bay is in the country of""]","[""Thunder Bay|Port Arthur|Thunder Bay, Ontario|Thunder Bay, ON"", ""Canada|CAN|CA""]","[""Thunder Bay"", ""Canada""]"
twohopfact,277222,The city where the headquarters of Université de Technologie d'Haïti is located is in the country of,Haiti,"[""The city where the headquarters of Université de Technologie d'Haïti is located is"", ""Port-au-Prince is in the country of""]","[""Port-au-Prince|Port au Prince"", ""Haiti|Republic of Haiti|ht|Hayti|République d'Haïti|Haitian Republic|Ayiti|🇭🇹|HAI""]","[""Port-au-Prince"", ""Haiti""]"
twohopfact,277223,The city where the headquarters of College of Philosophy and Theology of the Polish Dominican Province is located is in the country of,Poland,"[""The city where the headquarters of College of Philosophy and Theology of the Polish Dominican Province is located is"", ""Kraków is in the country of""]","[""Kraków|Cracow|Krakow|Royal City of Kraków|Royal Capital City of Kraków|Krakau|Kroke|Cracovie|Cracovia|Krakov|Krakiv|Krakkó|Krakova|Krako|Krakoy|Krakuv"", ""Poland|POL|Republic of Poland|PL|Polska|🇵🇱""]","[""Kraków"", ""Poland""]"
twohopfact,277224,The city where the headquarters of Tulane University is located is in the country of,United States of America,"[""The city where the headquarters of Tulane University is located is"", ""New Orleans is in the country of""]","[""New Orleans|NOLA|New Orleans, Louisiana|New Orleans, LA|The Big Easy|Crescent City"", ""United States of America|the United States of America|America|U.S.A.|USA|U.S.|US|the US|the USA|US of A|the United States|U. S. A.|U. S.|the States|the U.S.|United States|US of America|the U.S.A.|the US of America|the US of A|the U.S. of A|the U.S. of America|U.S. of America|Merica""]","[""New Orleans"", ""United States""]"
twohopfact,277227,The city where the headquarters of Ritsumeikan University is located is in the country of,Japan,"[""The city where the headquarters of Ritsumeikan University is located is"", ""Kyoto is in the country of""]","[""Kyoto|Kyōto|Kyoto City|Meaco|Meacum"", ""Japan|State of Japan|Land of the Rising Sun|Nihon|Nippon|JP|Nippon-koku|Nihon-koku|JPN|JAP|JA|🇯🇵|Iapan|Iapon|Land of Rising Sun""]","[""Kyoto"", ""Japan""]"
twohopfact,277228,The city where the headquarters of University of Haiti is located is in the country of,Haiti,"[""The city where the headquarters of University of Haiti is located is"", ""Port-au-Prince is in the country of""]","[""Port-au-Prince|Port au Prince"", ""Haiti|Republic of Haiti|ht|Hayti|République d'Haïti|Haitian Republic|Ayiti|🇭🇹|HAI""]","[""Port-au-Prince."", ""Haiti""]"
twohopfact,277229,The city where the headquarters of University of the Witwatersrand is located is in the country of,South Africa,"[""The city where the headquarters of University of the Witwatersrand is located is"", ""Johannesburg is in the country of""]","[""Johannesburg|Jo'burg|eGoli|Jozi|Johannesburg, Gauteng|Johannesburg, South Africa|Johannesburg, Gauteng, South Africa|ZAJNB|joburg"", ""South Africa|Republic of South Africa|RSA|SA|za|🇿🇦|zaf|Mzanzi""]","[""Johannesburg"", ""South Africa""]"
twohopfact,277233,The city where the headquarters of Technikon Witwatersrand is located is in the country of,South Africa,"[""The city where the headquarters of Technikon Witwatersrand is located is"", ""Johannesburg is in the country of""]","[""Johannesburg|Jo'burg|eGoli|Jozi|Johannesburg, Gauteng|Johannesburg, South Africa|Johannesburg, Gauteng, South Africa|ZAJNB|joburg"", ""South Africa|Republic of South Africa|RSA|SA|za|🇿🇦|zaf|Mzanzi""]","[""Johannesburg"", ""South Africa""]"
twohopfact,277235,The city where the headquarters of University of Minnesota is located is in the country of,United States of America,"[""The city where the headquarters of University of Minnesota is located is"", ""Minneapolis is in the country of""]","[""Minneapolis|Minneapolis, Minnesota|Minneapolis, MN"", ""United States of America|the United States of America|America|U.S.A.|USA|U.S.|US|the US|the USA|US of A|the United States|U. S. A.|U. S.|the States|the U.S.|United States|US of America|the U.S.A.|the US of America|the US of A|the U.S. of A|the U.S. of America|U.S. of America|Merica""]","[""Minneapolis."", ""United States""]"
twohopfact,277236,The city where the headquarters of Capella University is located is in the country of,United States of America,"[""The city where the headquarters of Capella University is located is"", ""Minneapolis is in the country of""]","[""Minneapolis|Minneapolis, Minnesota|Minneapolis, MN"", ""United States of America|the United States of America|America|U.S.A.|USA|U.S.|US|the US|the USA|US of A|the United States|U. S. A.|U. S.|the States|the U.S.|United States|US of America|the U.S.A.|the US of America|the US of A|the U.S. of A|the U.S. of America|U.S. of America|Merica""]","[""Minneapolis"", ""United States""]"
twohopfact,277254,The city where the headquarters of Federal University of Bahia is located is in the country of,Brazil,"[""The city where the headquarters of Federal University of Bahia is located is"", ""Salvador is in the country of""]","[""Salvador|São Salvador da Bahia de Todos os Santos|Bahia"", ""Brazil|Federative Republic of Brazil|BR|BRA|🇧🇷|Brasil""]","[""Salvador."", ""Brazil""]"
twohopfact,277258,The city where the headquarters of Case Western Reserve University is located is in the country of,United States of America,"[""The city where the headquarters of Case Western Reserve University is located is"", ""Cleveland is in the country of""]","[""Cleveland|Cleveland, Ohio|Cleveland, OH"", ""United States of America|the United States of America|America|U.S.A.|USA|U.S.|US|the US|the USA|US of A|the United States|U. S. A.|U. S.|the States|the U.S.|United States|US of America|the U.S.A.|the US of America|the US of A|the U.S. of A|the U.S. of America|U.S. of America|Merica""]","[""Cleveland"", ""United States""]"
twohopfact,277260,The city where the headquarters of Webster University is located is in the country of,United States of America,"[""The city where the headquarters of Webster University is located is"", ""St. Louis is in the country of""]","[""St. Louis|St. Louis, Missouri|City of St. Louis|St. Louis City|Saint Louis|St Louis|St. Louis, MO|Saint Louis, MO"", ""United States of America|the United States of America|America|U.S.A.|USA|U.S.|US|the US|the USA|US of A|the United States|U. S. A.|U. S.|the States|the U.S.|United States|US of America|the U.S.A.|the US of America|the US of A|the U.S. of A|the U.S. of America|U.S. of America|Merica""]","[""St. Louis, Missouri"", ""United States""]"
twohopfact,277262,The city where the headquarters of Hokkaido University of Education is located is in the country of,Japan,"[""The city where the headquarters of Hokkaido University of Education is located is"", ""Sapporo is in the country of""]","[""Sapporo"", ""Japan|State of Japan|Land of the Rising Sun|Nihon|Nippon|JP|Nippon-koku|Nihon-koku|JPN|JAP|JA|🇯🇵|Iapan|Iapon|Land of Rising Sun""]","[""Sapporo"", ""Japan""]"
twohopfact,277263,The city where the headquarters of Åbo Akademi University is located is in the country of,Finland,"[""The city where the headquarters of Åbo Akademi University is located is"", ""Turku is in the country of""]","[""Turku|Åbo|Aboa|Abo"", ""Finland|Republic of Finland|Finnia|Land of Thousand Lakes|fi|Suomi|Suomen tasavalta|Republiken Finland|🇫🇮|FIN""]","[""Turku"", ""Finland""]"
twohopfact,277264,The city where the headquarters of Hokkaido Institute of Technology is located is in the country of,Japan,"[""The city where the headquarters of Hokkaido Institute of Technology is located is"", ""Sapporo is in the country of""]","[""Sapporo"", ""Japan|State of Japan|Land of the Rising Sun|Nihon|Nippon|JP|Nippon-koku|Nihon-koku|JPN|JAP|JA|🇯🇵|Iapan|Iapon|Land of Rising Sun""]","[""Sapporo."", ""Japan""]"
twohopfact,277267,The city where the headquarters of Kanto Gakuin University is located is in the country of,Japan,"[""The city where the headquarters of Kanto Gakuin University is located is"", ""Yokohama is in the country of""]","[""Yokohama"", ""Japan|State of Japan|Land of the Rising Sun|Nihon|Nippon|JP|Nippon-koku|Nihon-koku|JPN|JAP|JA|🇯🇵|Iapan|Iapon|Land of Rising Sun""]","[""Yokohama"", ""Japan""]"
twohopfact,277269,The city where the headquarters of Universidade Federal do Amazonas is located is in the country of,Brazil,"[""The city where the headquarters of Universidade Federal do Amazonas is located is"", ""Manaus is in the country of""]","[""Manaus|Mother of Gods|Paris of the Tropics"", ""Brazil|Federative Republic of Brazil|BR|BRA|🇧🇷|Brasil""]","[""Manaus."", ""Brazil""]"
twohopfact,277272,The city where the headquarters of Canisius College is located is in the country of,United States of America,"[""The city where the headquarters of Canisius College is located is"", ""Buffalo is in the country of""]","[""Buffalo|The Queen City|The Nickel City|The City of No Illusions|The City of Good Neighbors|City of Light|Queen City of the Lakes|Buffalo, New York|Buffalo, NY"", ""United States of America|the United States of America|America|U.S.A.|USA|U.S.|US|the US|the USA|US of A|the United States|U. S. A.|U. S.|the States|the U.S.|United States|US of America|the U.S.A.|the US of America|the US of A|the U.S. of A|the U.S. of America|U.S. of America|Merica""]","[""Buffalo"", ""United States""]"
twohopfact,277281,The city where the headquarters of School of Plastic Arts of Puerto Rico is located is in the country of,Puerto Rico,"[""The city where the headquarters of School of Plastic Arts of Puerto Rico is located is"", ""San Juan is in the country of""]","[""San Juan|San Juan, Puerto Rico|San Juan Bautista|San Juan Municipio|San Juan de Puerto Rico"", ""Puerto Rico|Free Associated State of Puerto Rico|🇵🇷|PR|Porto Rico|Territory of Puerto Rico|Commonwealth of Puerto Rico|Island of Enchantment|Borikén|Borinquen|Boriquén|PUR""]","[""San Juan"", ""Puerto Rico""]"
twohopfact,277283,The city where the headquarters of Shahid Ashrafi Esfahani University is located is in the country of,Iran,"[""The city where the headquarters of Shahid Ashrafi Esfahani University is located is"", ""Isfahan is in the country of""]","[""Isfahan|Esfahān|Esfahan|Isfahān|Ispahan|Ispahān|Spahān|Sepahan|Aspadāna|Hispahan|Spahan|Culture City Of Iran|IFN|Ispahân"", ""Iran|Islamic Republic of Iran|Persia|ir|Islamic Rep. Iran|🇮🇷|irn""]","[""Isfahan."", ""Iran.""]"
twohopfact,277290,The city where the headquarters of Heilongjiang University is located is in the country of,People's Republic of China,"[""The city where the headquarters of Heilongjiang University is located is"", ""Harbin is in the country of""]","[""Harbin|Haerbin|Har-bin"", ""People's Republic of China|China|CN|PR China|PRC|CHN|🇨🇳|China PR|Mainland China|RPC""]","[""Harbin."", ""China""]"
twohopfact,277291,The city where the headquarters of Federal University of Minas Gerais is located is in the country of,Brazil,"[""The city where the headquarters of Federal University of Minas Gerais is located is"", ""Belo Horizonte is in the country of""]","[""Belo Horizonte|White Horizon"", ""Brazil|Federative Republic of Brazil|BR|BRA|🇧🇷|Brasil""]","[""Belo Horizonte"", ""Brazil""]"
twohopfact,277292,The city where the headquarters of Pontifícia Universidade Católica de Minas Gerais is located is in the country of,Brazil,"[""The city where the headquarters of Pontifícia Universidade Católica de Minas Gerais is located is"", ""Belo Horizonte is in the country of""]","[""Belo Horizonte|White Horizon"", ""Brazil|Federative Republic of Brazil|BR|BRA|🇧🇷|Brasil""]","[""Belo Horizonte"", ""Brazil""]"
twohopfact,277294,The city where the headquarters of Universidade Federal do Ceará is located is in the country of,Brazil,"[""The city where the headquarters of Universidade Federal do Ceará is located is"", ""Fortaleza is in the country of""]","[""Fortaleza"", ""Brazil|Federative Republic of Brazil|BR|BRA|🇧🇷|Brasil""]","[""Fortaleza."", ""Brazil""]"
twohopfact,277295,The city where the headquarters of Universidade Estadual do Ceará is located is in the country of,Brazil,"[""The city where the headquarters of Universidade Estadual do Ceará is located is"", ""Fortaleza is in the country of""]","[""Fortaleza"", ""Brazil|Federative Republic of Brazil|BR|BRA|🇧🇷|Brasil""]","[""Fortaleza."", ""Brazil""]"
twohopfact,277309,The city where the headquarters of Tohoku University is located is in the country of,Japan,"[""The city where the headquarters of Tohoku University is located is"", ""Sendai is in the country of""]","[""Sendai"", ""Japan|State of Japan|Land of the Rising Sun|Nihon|Nippon|JP|Nippon-koku|Nihon-koku|JPN|JAP|JA|🇯🇵|Iapan|Iapon|Land of Rising Sun""]","[""Sendai"", ""Japan""]"
twohopfact,277305,The city where the headquarters of National Technological University – Tucumán Regional Faculty is located is in the country of,Argentina,"[""The city where the headquarters of National Technological University – Tucumán Regional Faculty is located is"", ""San Miguel de Tucumán is in the country of""]","[""San Miguel de Tucumán|San Miguel de Tucuman|Tucumán|Tucuman"", ""Argentina|🇦🇷|ARG|Arjentina|AR|Argentine Republic|Republic of Argentina""]","[""I couldn't find the information you're looking for regarding the location of the headquarters of National Technological University – Tucumán Regional Faculty."", ""Argentina""]"
twohopfact,277319,The city where the headquarters of Konan University is located is in the country of,Japan,"[""The city where the headquarters of Konan University is located is"", ""Kobe is in the country of""]","[""Kobe|Kōbe"", ""Japan|State of Japan|Land of the Rising Sun|Nihon|Nippon|JP|Nippon-koku|Nihon-koku|JPN|JAP|JA|🇯🇵|Iapan|Iapon|Land of Rising Sun""]","[""Kobe"", ""Japan""]"
twohopfact,277320,The city where the headquarters of Hyogo University of Health Sciences is located is in the country of,Japan,"[""The city where the headquarters of Hyogo University of Health Sciences is located is"", ""Kobe is in the country of""]","[""Kobe|Kōbe"", ""Japan|State of Japan|Land of the Rising Sun|Nihon|Nippon|JP|Nippon-koku|Nihon-koku|JPN|JAP|JA|🇯🇵|Iapan|Iapon|Land of Rising Sun""]","[""Kobe"", ""Japan""]"
twohopfact,277333,The city where the headquarters of Brandeis University is located is in the country of,United States of America,"[""The city where the headquarters of Brandeis University is located is"", ""Waltham is in the country of""]","[""Waltham|Waltham, Massachusetts|Waltham, MA"", ""United States of America|the United States of America|America|U.S.A.|USA|U.S.|US|the US|the USA|US of A|the United States|U. S. A.|U. S.|the States|the U.S.|United States|US of America|the U.S.A.|the US of America|the US of A|the U.S. of A|the U.S. of America|U.S. of America|Merica""]","[""Waltham, Massachusetts."", ""United States""]"
twohopfact,277337,The city where the headquarters of Yale Divinity School is located is in the country of,United States of America,"[""The city where the headquarters of Yale Divinity School is located is"", ""New Haven is in the country of""]","[""New Haven|New Haven, Connecticut|City of New Haven|New Haven, CT"", ""United States of America|the United States of America|America|U.S.A.|USA|U.S.|US|the US|the USA|US of A|the United States|U. S. A.|U. S.|the States|the U.S.|United States|US of America|the U.S.A.|the US of America|the US of A|the U.S. of A|the U.S. of America|U.S. of America|Merica""]","[""New Haven"", ""United States""]"
twohopfact,277338,The city where the headquarters of Yale University is located is in the country of,United States of America,"[""The city where the headquarters of Yale University is located is"", ""New Haven is in the country of""]","[""New Haven|New Haven, Connecticut|City of New Haven|New Haven, CT"", ""United States of America|the United States of America|America|U.S.A.|USA|U.S.|US|the US|the USA|US of A|the United States|U. S. A.|U. S.|the States|the U.S.|United States|US of America|the U.S.A.|the US of America|the US of A|the U.S. of A|the U.S. of America|U.S. of America|Merica""]","[""New Haven"", ""United States""]"
twohopfact,277339,The city where the headquarters of University of North Carolina School of the Arts is located is in the country of,United States of America,"[""The city where the headquarters of University of North Carolina School of the Arts is located is"", ""Winston-Salem is in the country of""]","[""Winston-Salem|Winston-Salem, North Carolina|Winston|Winston-Salem, NC"", ""United States of America|the United States of America|America|U.S.A.|USA|U.S.|US|the US|the USA|US of A|the United States|U. S. A.|U. S.|the States|the U.S.|United States|US of America|the U.S.A.|the US of America|the US of A|the U.S. of A|the U.S. of America|U.S. of America|Merica""]","[""Winston-Salem."", ""United States""]"
twohopfact,277342,The city where the headquarters of North Carolina Agricultural and Technical State University is located is in the country of,United States of America,"[""The city where the headquarters of North Carolina Agricultural and Technical State University is located is"", ""Greensboro is in the country of""]","[""Greensboro|Greensboro, North Carolina|Greensboro, NC|Greensborough|Greensborough, North Carolina"", ""United States of America|the United States of America|America|U.S.A.|USA|U.S.|US|the US|the USA|US of A|the United States|U. S. A.|U. S.|the States|the U.S.|United States|US of America|the U.S.A.|the US of America|the US of A|the U.S. of A|the U.S. of America|U.S. of America|Merica""]","[""Greensboro."", ""United States""]"
twohopfact,277352,The city where the headquarters of University of South Florida is located is in the country of,United States of America,"[""The city where the headquarters of University of South Florida is located is"", ""Tampa is in the country of""]","[""Tampa|Tampa, Florida|Tampa, FL"", ""United States of America|the United States of America|America|U.S.A.|USA|U.S.|US|the US|the USA|US of A|the United States|U. S. A.|U. S.|the States|the U.S.|United States|US of America|the U.S.A.|the US of America|the US of A|the U.S. of A|the U.S. of America|U.S. of America|Merica""]","[""Tampa"", ""United States""]"
twohopfact,277360,The city where the headquarters of Hebei Normal University is located is in the country of,People's Republic of China,"[""The city where the headquarters of Hebei Normal University is located is"", ""Shijiazhuang is in the country of""]","[""Shijiazhuang"", ""People's Republic of China|China|CN|PR China|PRC|CHN|🇨🇳|China PR|Mainland China|RPC""]","[""Shijiazhuang"", ""China""]"
twohopfact,277361,The city where the headquarters of Hebei University of Economics and Business is located is in the country of,People's Republic of China,"[""The city where the headquarters of Hebei University of Economics and Business is located is"", ""Shijiazhuang is in the country of""]","[""Shijiazhuang"", ""People's Republic of China|China|CN|PR China|PRC|CHN|🇨🇳|China PR|Mainland China|RPC""]","[""Shijiazhuang"", ""China""]"
twohopfact,277370,The city where the headquarters of Oakwood University is located is in the country of,United States of America,"[""The city where the headquarters of Oakwood University is located is"", ""Huntsville is in the country of""]","[""Huntsville|Huntsville, Alabama|Huntsville, AL"", ""United States of America|the United States of America|America|U.S.A.|USA|U.S.|US|the US|the USA|US of A|the United States|U. S. A.|U. S.|the States|the U.S.|United States|US of America|the U.S.A.|the US of America|the US of A|the U.S. of A|the U.S. of America|U.S. of America|Merica""]","[""Huntsville, Alabama"", ""United States""]"
twohopfact,277375,The city where the headquarters of Banaras Hindu University is located is in the country of,India,"[""The city where the headquarters of Banaras Hindu University is located is"", ""Varanasi is in the country of""]","[""Varanasi|Benares|Banaras|Kashi|Benaras"", ""India|Republic of India|Bharat|Bharatvarsh|Hindustan|IN|IND|🇮🇳|Bharata|Hindoostan|Indostan|Bharat Ganarajya""]","[""Varanasi"", ""India""]"
twohopfact,277381,The city where the headquarters of University of Alabama is located is in the country of,United States of America,"[""The city where the headquarters of University of Alabama is located is"", ""Tuscaloosa is in the country of""]","[""Tuscaloosa|Tuscaloosa, Alabama|Tuscaloosa, AL"", ""United States of America|the United States of America|America|U.S.A.|USA|U.S.|US|the US|the USA|US of A|the United States|U. S. A.|U. S.|the States|the U.S.|United States|US of America|the U.S.A.|the US of America|the US of A|the U.S. of A|the U.S. of America|U.S. of America|Merica""]","[""Tuscaloosa"", ""United States""]"
twohopfact,277386,The city where the headquarters of University of al-Qarawiyyin is located is in the country of,Morocco,"[""The city where the headquarters of University of al-Qarawiyyin is located is"", ""Fez is in the country of""]","[""Fez|Fez, Morocco|Fes, Morocco|Fes"", ""Morocco|Kingdom of Morocco|Marocco|al-Maġrib|Lmaġrib|Maroc|ma|🇲🇦|MAR""]","[""Fez"", ""Morocco""]"
twohopfact,277390,The city where the headquarters of Jilin University is located is in the country of,People's Republic of China,"[""The city where the headquarters of Jilin University is located is"", ""Changchun is in the country of""]","[""Changchun|Hsinking"", ""People's Republic of China|China|CN|PR China|PRC|CHN|🇨🇳|China PR|Mainland China|RPC""]","[""Changchun."", ""China""]"
twohopfact,277409,The city where the headquarters of University of Virginia is located is in the country of,United States of America,"[""The city where the headquarters of University of Virginia is located is"", ""Charlottesville is in the country of""]","[""Charlottesville|Charlottesville, Virginia|Charlottesville, VA|Cville"", ""United States of America|the United States of America|America|U.S.A.|USA|U.S.|US|the US|the USA|US of A|the United States|U. S. A.|U. S.|the States|the U.S.|United States|US of America|the U.S.A.|the US of America|the US of A|the U.S. of A|the U.S. of America|U.S. of America|Merica""]","[""Charlottesville."", ""United States""]"
twohopfact,277410,The city where the headquarters of Nelson Mandela University is located is in the country of,South Africa,"[""The city where the headquarters of Nelson Mandela University is located is"", ""Port Elizabeth is in the country of""]","[""Port Elizabeth|PE|Gqeberha|iBhayi"", ""South Africa|Republic of South Africa|RSA|SA|za|🇿🇦|zaf|Mzanzi""]","[""Port Elizabeth."", ""South Africa""]"
twohopfact,277417,The city where the headquarters of Brock University is located is in the country of,Canada,"[""The city where the headquarters of Brock University is located is"", ""St. Catharines is in the country of""]","[""St. Catharines|St Kitts|Saint Catharines|St Catharines|St. Kitts"", ""Canada|CAN|CA""]","[""St. Catharines."", ""Canada""]"
twohopfact,277421,The city where the headquarters of University of Otago is located is in the country of,New Zealand,"[""The city where the headquarters of University of Otago is located is"", ""Dunedin is in the country of""]","[""Dunedin|Dunedin, NZ|Dunedin, New Zealand|Dunedin City"", ""New Zealand|NZ|NZL|Dominion of New Zealand|Aotearoa|🇳🇿|Aotearoa New Zealand|New Zeeland|Zeelandia Nova|Nova Zelandia|Zelandia Nova""]","[""Dunedin."", ""New Zealand""]"
twohopfact,277434,The city where the headquarters of Evangel University is located is in the country of,United States of America,"[""The city where the headquarters of Evangel University is located is"", ""Springfield is in the country of""]","[""Springfield|Springfield, Missouri|Springfield, MO"", ""United States of America|the United States of America|America|U.S.A.|USA|U.S.|US|the US|the USA|US of A|the United States|U. S. A.|U. S.|the States|the U.S.|United States|US of America|the U.S.A.|the US of America|the US of A|the U.S. of A|the U.S. of America|U.S. of America|Merica""]","[""Springfield, Missouri"", ""United States""]"
twohopfact,277437,The city where the headquarters of Alexander Dubcek University in Trencin is located is in the country of,Slovakia,"[""The city where the headquarters of Alexander Dubcek University in Trencin is located is"", ""Trenčín is in the country of""]","[""Trenčín|Trencin"", ""Slovakia|Slovak Republic|sk|🇸🇰|SVK|Slovakia (Slovak Republic)""]","[""Trencin"", ""Slovakia""]"
twohopfact,277441,The city where the headquarters of Universiti Malaysia Sabah is located is in the country of,Malaysia,"[""The city where the headquarters of Universiti Malaysia Sabah is located is"", ""Kota Kinabalu is in the country of""]","[""Kota Kinabalu|Nature Resort City|Jesselton"", ""Malaysia|my|Federation of Malaysia|Malaysia Federation|MAS|MYS|🇲🇾""]","[""Kota Kinabalu"", ""Malaysia""]"
twohopfact,277445,The city where the headquarters of Kun Shan University is located is in the country of,Taiwan,"[""The city where the headquarters of Kun Shan University is located is"", ""Tainan is in the country of""]","[""Tainan|Tainan City|Tai-wan|Fucheng|Hú-siânn|Tâi-lâm|Thòi-nàm"", ""Taiwan|Republic of China|Chunghwa Minkwo|Chunghwa Minkuo|Formosa|Nationalist China|Free China|Free area of the Republic of China|Republic of China (Taiwan)|Chinese Taipei|🇹🇼|TW|ROC|Taiwan ROC|China, Republic|TWN|TPE|Nanasian|Taywan|Taivang|Ilaod|Taivangʉ""]","[""Tainan."", ""Taiwan.""]"
twohopfact,277466,The city where the headquarters of Eszterházy Károly Catholic University is located is in the country of,Hungary,"[""The city where the headquarters of Eszterházy Károly Catholic University is located is"", ""Eger is in the country of""]","[""Eger|Jager|Erlau"", ""Hungary|hu|🇭🇺|HUN""]","[""Eszterházy Károly Catholic University's headquarters are located in Eger."", ""Hungary""]"
twohopfact,277473,The city where the headquarters of KIIT is located is in the country of,India,"[""The city where the headquarters of KIIT is located is"", ""Bhubaneswar is in the country of""]","[""Bhubaneswar|Bhubaneshwar|Bhubaneswar, Odisha|Bhubaneswar, Odisha, India|Bhubaneshwar, Odisha, India|Bhubaneshwar, Odisha|BBSR"", ""India|Republic of India|Bharat|Bharatvarsh|Hindustan|IN|IND|🇮🇳|Bharata|Hindoostan|Indostan|Bharat Ganarajya""]","[""Bhubaneswar"", ""India""]"
twohopfact,277480,The city where the headquarters of Jiangxi University of Traditional Chinese Medicine is located is in the country of,People's Republic of China,"[""The city where the headquarters of Jiangxi University of Traditional Chinese Medicine is located is"", ""Nanchang is in the country of""]","[""Nanchang"", ""People's Republic of China|China|CN|PR China|PRC|CHN|🇨🇳|China PR|Mainland China|RPC""]","[""Nanchang."", ""China.""]"
twohopfact,277481,The city where the headquarters of Jiangxi Agricultural University is located is in the country of,People's Republic of China,"[""The city where the headquarters of Jiangxi Agricultural University is located is"", ""Nanchang is in the country of""]","[""Nanchang"", ""People's Republic of China|China|CN|PR China|PRC|CHN|🇨🇳|China PR|Mainland China|RPC""]","[""Nanchang."", ""China.""]"
twohopfact,277483,The city where the headquarters of Central South University of Forestry and Technology is located is in the country of,People's Republic of China,"[""The city where the headquarters of Central South University of Forestry and Technology is located is"", ""Changsha is in the country of""]","[""Changsha|Changsha, China|Changsha Shi|Chʻang-sha"", ""People's Republic of China|China|CN|PR China|PRC|CHN|🇨🇳|China PR|Mainland China|RPC""]","[""Changsha"", ""China""]"
twohopfact,277501,The city where the headquarters of Sikkim University is located is in the country of,India,"[""The city where the headquarters of Sikkim University is located is"", ""Gangtok is in the country of""]","[""Gangtok|M Corp."", ""India|Republic of India|Bharat|Bharatvarsh|Hindustan|IN|IND|🇮🇳|Bharata|Hindoostan|Indostan|Bharat Ganarajya""]","[""Gangtok"", ""India""]"
twohopfact,277505,The city where the headquarters of University of Essex is located is in the country of,United Kingdom,"[""The city where the headquarters of University of Essex is located is"", ""Colchester is in the country of""]","[""Colchester|Colchester (parish)"", ""United Kingdom|🇬🇧|UK|United Kingdom of Great Britain and Northern Ireland|U.K.|GBR|GB|U. K.|U K|G.B.|G. B.|G B|Great Britain|G.B.R.|G B R|Britain|Great Britain and Northern Ireland|The United Kingdom of Great Britain and Northern Ireland|The UK""]","[""Colchester"", ""United Kingdom""]"
twohopfact,277544,The city where the headquarters of Hakkari University is located is in the country of,Turkey,"[""The city where the headquarters of Hakkari University is located is"", ""Hakkâri is in the country of""]","[""Hakkâri|Hakkari"", ""Turkey|TUR|TR|Republic of Türkiye|Türkiye|Republic of Turkey""]","[""I couldn't find any information on a university called Hakkari University."", ""Turkey""]"
twohopfact,277650,The city where the headquarters of University of Cauca is located is in the country of,Colombia,"[""The city where the headquarters of University of Cauca is located is"", ""Popayán is in the country of""]","[""Popayán|Popayan"", ""Colombia|🇨🇴|República de Colombia|Republic of Colombia|COL|CO|ISO 3166-1:CO|Republica de Colombia|The Republic of Colombia|Colombiá""]","[""Popayán."", ""Colombia""]"
twohopfact,277675,The city where the headquarters of Pepperdine University is located is in the country of,United States of America,"[""The city where the headquarters of Pepperdine University is located is"", ""Malibu is in the country of""]","[""Malibu|Malibu, California|Malibu, CA|City of Malibu"", ""United States of America|the United States of America|America|U.S.A.|USA|U.S.|US|the US|the USA|US of A|the United States|U. S. A.|U. S.|the States|the U.S.|United States|US of America|the U.S.A.|the US of America|the US of A|the U.S. of A|the U.S. of America|U.S. of America|Merica""]","[""Malibu."", ""United States""]"
twohopfact,277677,The city where the headquarters of Northwest Indian College is located is in the country of,United States of America,"[""The city where the headquarters of Northwest Indian College is located is"", ""Bellingham is in the country of""]","[""Bellingham|Bellingham, WA|Bellingham, Washington"", ""United States of America|the United States of America|America|U.S.A.|USA|U.S.|US|the US|the USA|US of A|the United States|U. S. A.|U. S.|the States|the U.S.|United States|US of America|the U.S.A.|the US of America|the US of A|the U.S. of A|the U.S. of America|U.S. of America|Merica""]","[""Bellingham"", ""United States""]"
twohopfact,277681,The city where the headquarters of University of Nigeria is located is in the country of,Nigeria,"[""The city where the headquarters of University of Nigeria is located is"", ""Enugu is in the country of""]","[""Enugu"", ""Nigeria|Federal Republic of Nigeria|🇳🇬|NG|FRN|NGA|NGR|Naija""]","[""Enugu"", ""Nigeria""]"
twohopfact,277691,The city where the headquarters of Graduate Theological Union is located is in the country of,United States of America,"[""The city where the headquarters of Graduate Theological Union is located is"", ""Berkeley is in the country of""]","[""Berkeley|Berkeley, California|Bkly|Berkeley, CA|BURK"", ""United States of America|the United States of America|America|U.S.A.|USA|U.S.|US|the US|the USA|US of A|the United States|U. S. A.|U. S.|the States|the U.S.|United States|US of America|the U.S.A.|the US of America|the US of A|the U.S. of A|the U.S. of America|U.S. of America|Merica""]","[""Berkeley"", ""United States""]"
twohopfact,277696,The city where the headquarters of University of Michigan is located is in the country of,United States of America,"[""The city where the headquarters of University of Michigan is located is"", ""Ann Arbor is in the country of""]","[""Ann Arbor|Ann Arbor, Michigan|Ann Arbor, MI|City of Ann Arbor"", ""United States of America|the United States of America|America|U.S.A.|USA|U.S.|US|the US|the USA|US of A|the United States|U. S. A.|U. S.|the States|the U.S.|United States|US of America|the U.S.A.|the US of America|the US of A|the U.S. of A|the U.S. of America|U.S. of America|Merica""]","[""Ann Arbor"", ""United States""]"
twohopfact,277697,The city where the headquarters of University of Michigan School of Information is located is in the country of,United States of America,"[""The city where the headquarters of University of Michigan School of Information is located is"", ""Ann Arbor is in the country of""]","[""Ann Arbor|Ann Arbor, Michigan|Ann Arbor, MI|City of Ann Arbor"", ""United States of America|the United States of America|America|U.S.A.|USA|U.S.|US|the US|the USA|US of A|the United States|U. S. A.|U. S.|the States|the U.S.|United States|US of America|the U.S.A.|the US of America|the US of A|the U.S. of A|the U.S. of America|U.S. of America|Merica""]","[""Ann Arbor."", ""United States""]"
twohopfact,277716,The city where the headquarters of College of William & Mary is located is in the country of,United States of America,"[""The city where the headquarters of College of William & Mary is located is"", ""Williamsburg is in the country of""]","[""Williamsburg|Williamsburg, Virginia|Williamsburg, VA"", ""United States of America|the United States of America|America|U.S.A.|USA|U.S.|US|the US|the USA|US of A|the United States|U. S. A.|U. S.|the States|the U.S.|United States|US of America|the U.S.A.|the US of America|the US of A|the U.S. of A|the U.S. of America|U.S. of America|Merica""]","[""Williamsburg."", ""United States""]"
twohopfact,277719,The city where the headquarters of George Mason University is located is in the country of,United States of America,"[""The city where the headquarters of George Mason University is located is"", ""Fairfax is in the country of""]","[""Fairfax|Fairfax, Virginia|City of Fairfax|Fairfax, VA"", ""United States of America|the United States of America|America|U.S.A.|USA|U.S.|US|the US|the USA|US of A|the United States|U. S. A.|U. S.|the States|the U.S.|United States|US of America|the U.S.A.|the US of America|the US of A|the U.S. of A|the U.S. of America|U.S. of America|Merica""]","[""Fairfax, Virginia"", ""United States""]"
twohopfact,277728,The city where the headquarters of University of Delaware is located is in the country of,United States of America,"[""The city where the headquarters of University of Delaware is located is"", ""Newark is in the country of""]","[""Newark|Newark, Delaware|Newark, DE"", ""United States of America|the United States of America|America|U.S.A.|USA|U.S.|US|the US|the USA|US of A|the United States|U. S. A.|U. S.|the States|the U.S.|United States|US of America|the U.S.A.|the US of America|the US of A|the U.S. of A|the U.S. of America|U.S. of America|Merica""]","[""Newark."", ""United States""]"
twohopfact,277738,The city where the headquarters of Inner Mongolia Normal University is located is in the country of,People's Republic of China,"[""The city where the headquarters of Inner Mongolia Normal University is located is"", ""Hohhot is in the country of""]","[""Hohhot|Hushi|Huhehaote|Qingshi|Khökh Khot"", ""People's Republic of China|China|CN|PR China|PRC|CHN|🇨🇳|China PR|Mainland China|RPC""]","[""Hohhot."", ""China""]"
twohopfact,277741,The city where the headquarters of Montana State University is located is in the country of,United States of America,"[""The city where the headquarters of Montana State University is located is"", ""Bozeman is in the country of""]","[""Bozeman|Bozeman, Montana|Bozeman, MT"", ""United States of America|the United States of America|America|U.S.A.|USA|U.S.|US|the US|the USA|US of A|the United States|U. S. A.|U. S.|the States|the U.S.|United States|US of America|the U.S.A.|the US of America|the US of A|the U.S. of A|the U.S. of America|U.S. of America|Merica""]","[""Bozeman."", ""United States""]"
twohopfact,277746,The city where the headquarters of Northern Illinois University is located is in the country of,United States of America,"[""The city where the headquarters of Northern Illinois University is located is"", ""DeKalb is in the country of""]","[""DeKalb|De Kalb, Illinois|DeKalb, Illinois|DeKalb, IL"", ""United States of America|the United States of America|America|U.S.A.|USA|U.S.|US|the US|the USA|US of A|the United States|U. S. A.|U. S.|the States|the U.S.|United States|US of America|the U.S.A.|the US of America|the US of A|the U.S. of A|the U.S. of America|U.S. of America|Merica""]","[""DeKalb."", ""United States""]"
twohopfact,277752,The city where the headquarters of University of Northern British Columbia is located is in the country of,Canada,"[""The city where the headquarters of University of Northern British Columbia is located is"", ""Prince George is in the country of""]","[""Prince George|Prince George, British Columbia|Prince George, BC"", ""Canada|CAN|CA""]","[""Prince George."", ""Canada""]"
twohopfact,277787,The city where the headquarters of University of Maryland is located is in the country of,United States of America,"[""The city where the headquarters of University of Maryland is located is"", ""College Park is in the country of""]","[""College Park|College Park, Maryland|College Park, MD"", ""United States of America|the United States of America|America|U.S.A.|USA|U.S.|US|the US|the USA|US of A|the United States|U. S. A.|U. S.|the States|the U.S.|United States|US of America|the U.S.A.|the US of America|the US of A|the U.S. of A|the U.S. of America|U.S. of America|Merica""]","[""College Park."", ""United States""]"
twohopfact,277796,The city where the headquarters of Texas A&M University is located is in the country of,United States of America,"[""The city where the headquarters of Texas A&M University is located is"", ""College Station is in the country of""]","[""College Station|College Station, Texas|College Station, TX"", ""United States of America|the United States of America|America|U.S.A.|USA|U.S.|US|the US|the USA|US of A|the United States|U. S. A.|U. S.|the States|the U.S.|United States|US of America|the U.S.A.|the US of America|the US of A|the U.S. of A|the U.S. of America|U.S. of America|Merica""]","[""College Station."", ""United States""]"
twohopfact,277809,The city where the headquarters of National Taitung University is located is in the country of,Taiwan,"[""The city where the headquarters of National Taitung University is located is"", ""Taitung City is in the country of""]","[""Taitung City"", ""Taiwan|Republic of China|Chunghwa Minkwo|Chunghwa Minkuo|Formosa|Nationalist China|Free China|Free area of the Republic of China|Republic of China (Taiwan)|Chinese Taipei|🇹🇼|TW|ROC|Taiwan ROC|China, Republic|TWN|TPE|Nanasian|Taywan|Taivang|Ilaod|Taivangʉ""]","[""Taitung City."", ""Taiwan.""]"
twohopfact,277816,"The city where the headquarters of Royal Holloway, University of London is located is in the country of",United Kingdom,"[""The city where the headquarters of Royal Holloway, University of London is located is"", ""Egham is in the country of""]","[""Egham"", ""United Kingdom|🇬🇧|UK|United Kingdom of Great Britain and Northern Ireland|U.K.|GBR|GB|U. K.|U K|G.B.|G. B.|G B|Great Britain|G.B.R.|G B R|Britain|Great Britain and Northern Ireland|The United Kingdom of Great Britain and Northern Ireland|The UK""]","[""Egham."", ""United Kingdom""]"
twohopfact,277884,The city where the headquarters of Boston College is located is in the country of,United States of America,"[""The city where the headquarters of Boston College is located is"", ""Chestnut Hill is in the country of""]","[""Chestnut Hill|Chestnut Hill, Massachusetts|Chestnut Hill, MA"", ""United States of America|the United States of America|America|U.S.A.|USA|U.S.|US|the US|the USA|US of A|the United States|U. S. A.|U. S.|the States|the U.S.|United States|US of America|the U.S.A.|the US of America|the US of A|the U.S. of A|the U.S. of America|U.S. of America|Merica""]","[""Chestnut Hill."", ""United States""]"
twohopfact,277948,The city where the headquarters of East Carolina University is located is in the country of,United States of America,"[""The city where the headquarters of East Carolina University is located is"", ""Greenville is in the country of""]","[""Greenville|Greenville, North Carolina|Greenville, NC"", ""United States of America|the United States of America|America|U.S.A.|USA|U.S.|US|the US|the USA|US of A|the United States|U. S. A.|U. S.|the States|the U.S.|United States|US of America|the U.S.A.|the US of America|the US of A|the U.S. of A|the U.S. of America|U.S. of America|Merica""]","[""Greenville, North Carolina"", ""United States""]"
twohopfact,277975,The city where the headquarters of SIFE UFE is located is in the country of,Egypt,"[""The city where the headquarters of SIFE UFE is located is"", ""French University of Egypt is in the country of""]","[""French University of Egypt|UFE"", ""Egypt|Republic of Egypt|eg|EGY|🇪🇬|Arab Republic of Egypt|Arab Rep. Egypt|Rep. Egypt""]","[""I cannot verify which city has the headquarters of SIFE UFE."", ""Egypt""]"
twohopfact,278005,The city where the headquarters of Cornell University is located is in the country of,United States of America,"[""The city where the headquarters of Cornell University is located is"", ""Ithaca is in the country of""]","[""Ithaca|Ithaca (town), New York|Ithaca, New York"", ""United States of America|the United States of America|America|U.S.A.|USA|U.S.|US|the US|the USA|US of A|the United States|U. S. A.|U. S.|the States|the U.S.|United States|US of America|the U.S.A.|the US of America|the US of A|the U.S. of A|the U.S. of America|U.S. of America|Merica""]","[""Ithaca."", ""United States""]"
twohopfact,278007,The city where the headquarters of Marquette University is located is in the country of,United States of America,"[""The city where the headquarters of Marquette University is located is"", ""Milwaukee is in the country of""]","[""Milwaukee|Milwaukee, Wisconsin|Town of Milwaukee|Milwaukee (town), Wisconsin|Milwaukee, WI"", ""United States of America|the United States of America|America|U.S.A.|USA|U.S.|US|the US|the USA|US of A|the United States|U. S. A.|U. S.|the States|the U.S.|United States|US of America|the U.S.A.|the US of America|the US of A|the U.S. of A|the U.S. of America|U.S. of America|Merica""]","[""Milwaukee"", ""United States""]"
twohopfact,294724,The main character of the movie Titanic was played by an actor named,Leonardo DiCaprio,"[""The main character of the movie Titanic is"", ""Jack Dawson was played by an actor named""]","[""Jack Dawson"", ""Leonardo DiCaprio|Di Caprio|Leonardo di Caprio|Leo DiCaprio|Leonardo Wilhelm DiCaprio""]","[""Jack Dawson."", ""Leonardo DiCaprio""]"
twohopfact,294730,The main character of the movie Alien was played by an actor named,Sigourney Weaver,"[""The main character of the movie Alien is"", ""Ellen Ripley was played by an actor named""]","[""Ellen Ripley|Ellen Louise Ripley|Ripley|Lt. Ripley"", ""Sigourney Weaver|Susan Alexandra Weaver""]","[""Ellen Ripley."", ""Sigourney Weaver""]"
twohopfact,294736,The main character of the movie The Wizard of Oz was played by an actor named,Judy Garland,"[""The main character of the movie The Wizard of Oz is"", ""Dorothy Gale was played by an actor named""]","[""Dorothy Gale"", ""Judy Garland|Frances Ethel Gumm|Frances Gumm""]","[""Dorothy Gale."", ""Judy Garland""]"
twohopfact,294741,The main character of the movie Alien 3 was played by an actor named,Sigourney Weaver,"[""The main character of the movie Alien 3 is"", ""Ellen Ripley was played by an actor named""]","[""Ellen Ripley|Ellen Louise Ripley|Ripley|Lt. Ripley"", ""Sigourney Weaver|Susan Alexandra Weaver""]","[""Ripley."", ""Sigourney Weaver""]"
twohopfact,294777,The main character of the movie Fantastic Beasts was played by an actor named,Eddie Redmayne,"[""The main character of the movie Fantastic Beasts is"", ""Newt Scamander was played by an actor named""]","[""Newt Scamander|Newton Artemis Fido \""Newt\"" Scamander|Newton Scamander"", ""Eddie Redmayne|Edward John David Redmayne""]","[""Newt Scamander"", ""Eddie Redmayne""]"
twohopfact,295312,The main character of the novel The Metamorphosis was created by,Franz Kafka,"[""The main character of the novel The Metamorphosis is"", ""Gregor Samsa was created by""]","[""Gregor Samsa"", ""Franz Kafka|František Kafka|Kafka""]","[""Gregor Samsa."", ""Franz Kafka""]"
twohopfact,296436,The name of the director of the movie featuring Jack Dawson as the main character is,James Cameron,"[""The movie featuring Jack Dawson as the main character is"", ""The name of the director of Titanic is""]","[""Titanic"", ""James Cameron|James Francis Cameron|Jim Cameron|James F. Cameron|James F Cameron|J. F. Cameron|J.F. Cameron|J. Cameron|J F Cameron""]","[""Titanic."", ""James Cameron""]"
twohopfact,296438,The name of the director of the movie featuring Jake Sully as the main character is,James Cameron,"[""The movie featuring Jake Sully as the main character is"", ""The name of the director of Avatar is""]","[""Avatar|James Cameron's Avatar|Avatar 1"", ""James Cameron|James Francis Cameron|Jim Cameron|James F. Cameron|James F Cameron|J. F. Cameron|J.F. Cameron|J. Cameron|J F Cameron""]","[""Avatar (2009)"", ""James Cameron""]"
twohopfact,296443,The name of the director of the movie featuring Mr. Incredible as the main character is,Brad Bird,"[""The movie featuring Mr. Incredible as the main character is"", ""The name of the director of The Incredibles is""]","[""The Incredibles|Incredibles"", ""Brad Bird|Phillip Bradley Bird|Bradley Bird""]","[""The Incredibles"", ""Brad Bird""]"
twohopfact,296450,The name of the director of the movie featuring Colonel Kurtz as the main character is,Francis Ford Coppola,"[""The movie featuring Colonel Kurtz as the main character is"", ""The name of the director of Apocalypse Now is""]","[""Apocalypse Now|Apocalypse Now Final Cut"", ""Francis Ford Coppola""]","[""Apocalypse Now."", ""Francis Ford Coppola""]"
twohopfact,296451,The name of the director of the movie featuring Frank Abagnale as the main character is,Steven Spielberg,"[""The movie featuring Frank Abagnale as the main character is"", ""The name of the director of Catch Me If You Can is""]","[""Catch Me If You Can"", ""Steven Spielberg|Steven Allan Spielberg|Spielberg""]","[""Catch Me If You Can"", ""Steven Spielberg""]"
twohopfact,296456,The name of the director of the movie featuring Patrick Bateman as the main character is,Mary Harron,"[""The movie featuring Patrick Bateman as the main character is"", ""The name of the director of American Psycho is""]","[""American Psycho"", ""Mary Harron""]","[""American Psycho."", ""Mary Harron""]"
twohopfact,296464,The name of the director of the movie featuring Seth Brundle as the main character is,David Cronenberg,"[""The movie featuring Seth Brundle as the main character is"", ""The name of the director of The Fly is""]","[""The Fly|Fly"", ""David Cronenberg|David Paul Cronenberg|David P. Cronenberg|David Cronenburg""]","[""The Fly"", ""David Cronenberg""]"
twohopfact,296465,The name of the director of the movie featuring Benjamin Gates as the main character is,Jon Turteltaub,"[""The movie featuring Benjamin Gates as the main character is"", ""The name of the director of National Treasure is""]","[""National Treasure"", ""Jon Turteltaub|Jonathan Charles \""Jon\"" Turteltaub|Jonathan Charles Turteltaub""]","[""National Treasure."", ""Jon Turteltaub""]"
twohopfact,296496,The name of the director of the movie featuring Newt Scamander as the main character is,David Yates,"[""The movie featuring Newt Scamander as the main character is"", ""The name of the director of Fantastic Beasts is""]","[""Fantastic Beasts"", ""David Yates""]","[""Fantastic Beasts and Where to Find Them"", ""David Yates""]"
twohopfact,297565,The movie featuring Jack Dawson as the main character was released in the country of,United States of America,"[""The movie featuring Jack Dawson as the main character is"", ""Titanic was released in the country of""]","[""Titanic"", ""United States of America|the United States of America|America|U.S.A.|USA|U.S.|US|the US|the USA|US of A|the United States|U. S. A.|U. S.|the States|the U.S.|United States|US of America|the U.S.A.|the US of America|the US of A|the U.S. of A|the U.S. of America|U.S. of America|Merica""]","[""Titanic."", ""United States""]"
twohopfact,297577,The movie featuring Mr. Incredible as the main character was released in the country of,United States of America,"[""The movie featuring Mr. Incredible as the main character is"", ""The Incredibles was released in the country of""]","[""The Incredibles|Incredibles"", ""United States of America|the United States of America|America|U.S.A.|USA|U.S.|US|the US|the USA|US of A|the United States|U. S. A.|U. S.|the States|the U.S.|United States|US of America|the U.S.A.|the US of America|the US of A|the U.S. of A|the U.S. of America|U.S. of America|Merica""]","[""The Incredibles"", ""United States""]"
twohopfact,297584,The movie featuring Colonel Kurtz as the main character was released in the country of,United States of America,"[""The movie featuring Colonel Kurtz as the main character is"", ""Apocalypse Now was released in the country of""]","[""Apocalypse Now|Apocalypse Now Final Cut"", ""United States of America|the United States of America|America|U.S.A.|USA|U.S.|US|the US|the USA|US of A|the United States|U. S. A.|U. S.|the States|the U.S.|United States|US of America|the U.S.A.|the US of America|the US of A|the U.S. of A|the U.S. of America|U.S. of America|Merica""]","[""Apocalypse Now."", ""United States""]"
twohopfact,297586,The movie featuring Prince Naveen as the main character was released in the country of,United States of America,"[""The movie featuring Prince Naveen as the main character is"", ""The Princess and the Frog was released in the country of""]","[""The Princess and the Frog|Princess and the Frog"", ""United States of America|the United States of America|America|U.S.A.|USA|U.S.|US|the US|the USA|US of A|the United States|U. S. A.|U. S.|the States|the U.S.|United States|US of America|the U.S.A.|the US of America|the US of A|the U.S. of A|the U.S. of America|U.S. of America|Merica""]","[""The Princess and the Frog."", ""United States""]"
twohopfact,297587,The movie featuring Tiana as the main character was released in the country of,United States of America,"[""The movie featuring Tiana as the main character is"", ""The Princess and the Frog was released in the country of""]","[""The Princess and the Frog|Princess and the Frog"", ""United States of America|the United States of America|America|U.S.A.|USA|U.S.|US|the US|the USA|US of A|the United States|U. S. A.|U. S.|the States|the U.S.|United States|US of America|the U.S.A.|the US of America|the US of A|the U.S. of A|the U.S. of America|U.S. of America|Merica""]","[""The Princess and the Frog"", ""United States""]"
twohopfact,297592,The movie featuring Frank Abagnale as the main character was released in the country of,United States of America,"[""The movie featuring Frank Abagnale as the main character is"", ""Catch Me If You Can was released in the country of""]","[""Catch Me If You Can"", ""United States of America|the United States of America|America|U.S.A.|USA|U.S.|US|the US|the USA|US of A|the United States|U. S. A.|U. S.|the States|the U.S.|United States|US of America|the U.S.A.|the US of America|the US of A|the U.S. of A|the U.S. of America|U.S. of America|Merica""]","[""Catch Me If You Can"", ""United States""]"
twohopfact,297594,The movie featuring Dorothy Gale as the main character was released in the country of,United States of America,"[""The movie featuring Dorothy Gale as the main character is"", ""The Wizard of Oz was released in the country of""]","[""The Wizard of Oz|Mass Mason The Wizard of Oz / God-Man-Boy"", ""United States of America|the United States of America|America|U.S.A.|USA|U.S.|US|the US|the USA|US of A|the United States|U. S. A.|U. S.|the States|the U.S.|United States|US of America|the U.S.A.|the US of America|the US of A|the U.S. of A|the U.S. of America|U.S. of America|Merica""]","[""The Wizard of Oz."", ""United States""]"
twohopfact,297599,The movie featuring Michael Jordan as the main character was released in the country of,United States of America,"[""The movie featuring Michael Jordan as the main character is"", ""Space Jam was released in the country of""]","[""Space Jam"", ""United States of America|the United States of America|America|U.S.A.|USA|U.S.|US|the US|the USA|US of A|the United States|U. S. A.|U. S.|the States|the U.S.|United States|US of America|the U.S.A.|the US of America|the US of A|the U.S. of A|the U.S. of America|U.S. of America|Merica""]","[""Space Jam"", ""United States""]"
twohopfact,297606,The movie featuring Tom Ripley as the main character was released in the country of,United States of America,"[""The movie featuring Tom Ripley as the main character is"", ""The Talented Mr. Ripley was released in the country of""]","[""The Talented Mr. Ripley|Talented Mr. Ripley|The Talented Mr Ripley|Talented Mr Ripley"", ""United States of America|the United States of America|America|U.S.A.|USA|U.S.|US|the US|the USA|US of A|the United States|U. S. A.|U. S.|the States|the U.S.|United States|US of America|the U.S.A.|the US of America|the US of A|the U.S. of A|the U.S. of America|U.S. of America|Merica""]","[""\""The Talented Mr. Ripley\""."", ""United States""]"
twohopfact,297610,The movie featuring Benjamin Gates as the main character was released in the country of,United States of America,"[""The movie featuring Benjamin Gates as the main character is"", ""National Treasure was released in the country of""]","[""National Treasure"", ""United States of America|the United States of America|America|U.S.A.|USA|U.S.|US|the US|the USA|US of A|the United States|U. S. A.|U. S.|the States|the U.S.|United States|US of America|the U.S.A.|the US of America|the US of A|the U.S. of A|the U.S. of America|U.S. of America|Merica""]","[""National Treasure."", ""United States""]"
twohopfact,297631,The movie featuring Bobby Boucher as the main character was released in the country of,United States of America,"[""The movie featuring Bobby Boucher as the main character is"", ""The Waterboy was released in the country of""]","[""The Waterboy|Waterboy"", ""United States of America|the United States of America|America|U.S.A.|USA|U.S.|US|the US|the USA|US of A|the United States|U. S. A.|U. S.|the States|the U.S.|United States|US of America|the U.S.A.|the US of America|the US of A|the U.S. of A|the U.S. of America|U.S. of America|Merica""]","[""\""The Waterboy\""."", ""United States""]"
twohopfact,298186,The novel with 'Alonso Quijano' as the main character was written by an author named,Miguel de Cervantes,"[""The novel with 'Alonso Quijano' as the main character is"", ""Don Quixote was written by an author named""]","[""Don Quixote|Cervantes Saavedra, Miguel de, 1547-1616. Don Quixote|Cervantes Saavedra, Miguel de, 1547-1616.|The Ingenious Gentleman Don Quixote of La Mancha"", ""Miguel de Cervantes|Miguel de Cervantes Saavedra|Cervantes|Miguel de Cervantes y Saavedra|Miguel de Cervantes Cortinas|Miguel de Cervantes y Cortinas|Miguel de Cerbantes""]","[""Don Quixote"", ""Miguel de Cervantes""]"
twohopfact,298190,The novel with 'Winston Smith' as the main character was written by an author named,George Orwell,"[""The novel with 'Winston Smith' as the main character is"", ""Nineteen Eighty-Four was written by an author named""]","[""Nineteen Eighty-Four|1984|Nineteen Eighty-Four by George Orwell"", ""George Orwell|Eric Blair|P. S. Burton|Eric Arthur Blair|John Freeman""]","[""1984."", ""George Orwell""]"
twohopfact,298191,The novel with 'Thorin Oakenshield' as the main character was written by an author named,J. R. R. Tolkien,"[""The novel with 'Thorin Oakenshield' as the main character is"", ""The Hobbit was written by an author named""]","[""The Hobbit|Hobbit|The Hobbit, or There and Back Again"", ""J. R. R. Tolkien|J-R-R Tolkien|Tolkien|John Ronald Reuel Tolkien|John Tolkien|J.R.R Tolkien|J.R.R. Tolkien|John R. R. Tolkien""]","[""The Hobbit."", ""J.R.R. Tolkien""]"
twohopfact,298193,The novel with 'Bilbo Baggins' as the main character was written by an author named,J. R. R. Tolkien,"[""The novel with 'Bilbo Baggins' as the main character is"", ""The Hobbit was written by an author named""]","[""The Hobbit|Hobbit|The Hobbit, or There and Back Again"", ""J. R. R. Tolkien|J-R-R Tolkien|Tolkien|John Ronald Reuel Tolkien|John Tolkien|J.R.R Tolkien|J.R.R. Tolkien|John R. R. Tolkien""]","[""The Hobbit."", ""J.R.R. Tolkien""]"
twohopfact,298195,The novel with 'Rodion Romanovich Raskolnikov' as the main character was written by an author named,Fyodor Dostoyevsky,"[""The novel with 'Rodion Romanovich Raskolnikov' as the main character is"", ""Crime and Punishment was written by an author named""]","[""Crime and Punishment"", ""Fyodor Dostoyevsky|Dostoievski|Fyodor Dostoievski|Fyodor Mikhaylovich Dostoievski|Fyodor Mikhaylovich Dostoyevsky|Fyodor Mikhailovich Dostoevsky|F.M. Dostoiewski|Fyodor Dostoevsky""]","[""\""Crime and Punishment\""."", ""Fyodor Dostoevsky""]"
twohopfact,298196,The novel with 'Elizabeth Bennet' as the main character was written by an author named,Jane Austen,"[""The novel with 'Elizabeth Bennet' as the main character is"", ""Pride and Prejudice was written by an author named""]","[""Pride and Prejudice|Pride & Prejudice|First Impressions"", ""Jane Austen""]","[""Pride and Prejudice."", ""Jane Austen""]"
twohopfact,298197,The novel with 'Mr. Darcy' as the main character was written by an author named,Jane Austen,"[""The novel with 'Mr. Darcy' as the main character is"", ""Pride and Prejudice was written by an author named""]","[""Pride and Prejudice|Pride & Prejudice|First Impressions"", ""Jane Austen""]","[""Pride and Prejudice."", ""Jane Austen""]"
twohopfact,298198,The novel with 'Andrei Nikolayevich Bolkonsky' as the main character was written by an author named,Leo Tolstoy,"[""The novel with 'Andrei Nikolayevich Bolkonsky' as the main character is"", ""War and Peace was written by an author named""]","[""War and Peace|Voyna i mir|War & Peace"", ""Leo Tolstoy|Count Lev Nikolayevich Tolstoy|Tolstoy, Leo, graf, 1828-1910|Tolstoĭ, Lev Nikolaevich, graf, 1828-1910|Lev Nikolayevich Tolstoĭ|Leo Tolstoi""]","[""War and Peace."", ""Leo Tolstoy""]"
twohopfact,298199,The novel with 'Pierre Bezukhov' as the main character was written by an author named,Leo Tolstoy,"[""The novel with 'Pierre Bezukhov' as the main character is"", ""War and Peace was written by an author named""]","[""War and Peace|Voyna i mir|War & Peace"", ""Leo Tolstoy|Count Lev Nikolayevich Tolstoy|Tolstoy, Leo, graf, 1828-1910|Tolstoĭ, Lev Nikolaevich, graf, 1828-1910|Lev Nikolayevich Tolstoĭ|Leo Tolstoi""]","[""\""War and Peace\""."", ""Leo Tolstoy""]"
twohopfact,298202,The novel with 'Amaranta Buendía' as the main character was written by an author named,Gabriel García Márquez,"[""The novel with 'Amaranta Buendía' as the main character is"", ""One Hundred Years of Solitude was written by an author named""]","[""One Hundred Years of Solitude|Cien años de soledad|100 Years of Solitude"", ""Gabriel García Márquez|Gabriel José García Márquez|Gabriel Garcia Marquez|Gabriel Jose Garcia Marquez|Gabriel José de la Concordia García Márquez|Gabriel Jose de la Concordia Garcia Marquez""]","[""\""One Hundred Years of Solitude\""."", ""Gabriel García Márquez""]"
twohopfact,298206,The novel with 'Cosette' as the main character was written by an author named,Victor Hugo,"[""The novel with 'Cosette' as the main character is"", ""Les Misérables was written by an author named""]","[""Les Misérables|Les Miserables|Les Mis"", ""Victor Hugo|Victor Marie Hugo|Victor-Marie Hugo|Victor Marie, Comte Hugo""]","[""Les Misérables"", ""Victor Hugo""]"
twohopfact,298207,The novel with 'Javert' as the main character was written by an author named,Victor Hugo,"[""The novel with 'Javert' as the main character is"", ""Les Misérables was written by an author named""]","[""Les Misérables|Les Miserables|Les Mis"", ""Victor Hugo|Victor Marie Hugo|Victor-Marie Hugo|Victor Marie, Comte Hugo""]","[""Les Misérables"", ""Victor Hugo""]"
twohopfact,298208,The novel with 'Jean Valjean' as the main character was written by an author named,Victor Hugo,"[""The novel with 'Jean Valjean' as the main character is"", ""Les Misérables was written by an author named""]","[""Les Misérables|Les Miserables|Les Mis"", ""Victor Hugo|Victor Marie Hugo|Victor-Marie Hugo|Victor Marie, Comte Hugo""]","[""\""Les Misérables\""."", ""Victor Hugo""]"
twohopfact,298215,The novel with 'D'Artagnan' as the main character was written by an author named,Alexandre Dumas,"[""The novel with 'D'Artagnan' as the main character is"", ""The Three Musketeers was written by an author named""]","[""The Three Musketeers"", ""Alexandre Dumas|Dumas Davy de la Pailleterie|Alexandre Dumas père|Alexandre Dumas pere|Alexandre Dumas, father|Alexandre Dumas, père|Alexandre Dumas Davy de la Pailleterie|Alexandre Dumas, the Elder""]","[""\""The Three Musketeers\""."", ""Alexandre Dumas""]"
twohopfact,298221,The novel with 'Little Mermaid' as the main character was written by an author named,Hans Christian Andersen,"[""The novel with 'Little Mermaid' as the main character is"", ""The Little Mermaid was written by an author named""]","[""The Little Mermaid"", ""Hans Christian Andersen|H.C. Andersen|Hans Andersen|H.Ch. Andersen""]","[""The Little Mermaid"", ""Hans Christian Andersen""]"
twohopfact,298222,The novel with 'Holden Caulfield' as the main character was written by an author named,J. D. Salinger,"[""The novel with 'Holden Caulfield' as the main character is"", ""The Catcher in the Rye was written by an author named""]","[""The Catcher in the Rye|Catcher in the Rye"", ""J. D. Salinger|Jerome David Salinger|Jerome Salinger""]","[""\""The Catcher in the Rye\""."", ""J.D. Salinger""]"
twohopfact,298228,The novel with 'Mina Harker' as the main character was written by an author named,Bram Stoker,"[""The novel with 'Mina Harker' as the main character is"", ""Dracula was written by an author named""]","[""Dracula"", ""Bram Stoker|Abraham Stoker""]","[""Dracula by Bram Stoker"", ""Bram Stoker""]"
twohopfact,298232,The novel with 'Jonathan Harker' as the main character was written by an author named,Bram Stoker,"[""The novel with 'Jonathan Harker' as the main character is"", ""Dracula was written by an author named""]","[""Dracula"", ""Bram Stoker|Abraham Stoker""]","[""\""Dracula\"" by Bram Stoker"", ""Bram Stoker""]"
twohopfact,298234,The novel with 'Heathcliff' as the main character was written by an author named,Emily Brontë,"[""The novel with 'Heathcliff' as the main character is"", ""Wuthering Heights was written by an author named""]","[""Wuthering Heights"", ""Emily Brontë|Ellis Bell|Emily Jane Bronte|Emily Jane Brontë|Emily Bronte""]","[""Wuthering Heights by Emily Brontë."", ""Emily Brontë""]"
twohopfact,298236,The novel with 'Catherine Earnshaw' as the main character was written by an author named,Emily Brontë,"[""The novel with 'Catherine Earnshaw' as the main character is"", ""Wuthering Heights was written by an author named""]","[""Wuthering Heights"", ""Emily Brontë|Ellis Bell|Emily Jane Bronte|Emily Jane Brontë|Emily Bronte""]","[""Wuthering Heights by Emily Brontë."", ""Emily Brontë""]"
twohopfact,298237,The novel with 'Captain Nemo' as the main character was written by an author named,Jules Verne,"[""The novel with 'Captain Nemo' as the main character is"", ""Twenty Thousand Leagues Under the Sea was written by an author named""]","[""Twenty Thousand Leagues Under the Sea|20,000 Leagues Under the Sea|20k Leagues Under the Sea|20,000 Thousand Leagues Under the Seas: An Underwater Tour of the World|20k Thousand Leagues Under the Seas: An Underwater Tour of the World|20 000 Leagues Under the Sea|20000 Leagues Under the Sea|20 000 Thousand Leagues Under the Seas: An Underwater Tour of the World|20000 Thousand Leagues Under the Seas: An Underwater Tour of the World|Twenty Thousand Leagues Under the Seas: An Underwater Tour of the World"", ""Jules Verne|Jules Gabriel Verne|Julius Verne""]","[""\""Twenty Thousand Leagues Under the Sea\""."", ""Jules Verne""]"
twohopfact,298247,The novel with 'Quasimodo' as the main character was written by an author named,Victor Hugo,"[""The novel with 'Quasimodo' as the main character is"", ""The Hunchback of Notre Dame was written by an author named""]","[""The Hunchback of Notre Dame|The Hunchback of Notre-Dame|Notre-Dame de Paris"", ""Victor Hugo|Victor Marie Hugo|Victor-Marie Hugo|Victor Marie, Comte Hugo""]","[""\""The Hunchback of Notre Dame\""."", ""Victor Hugo""]"
twohopfact,298250,The novel with 'Dorothy Gale' as the main character was written by an author named,L. Frank Baum,"[""The novel with 'Dorothy Gale' as the main character is"", ""The Wonderful Wizard of Oz was written by an author named""]","[""The Wonderful Wizard of Oz|The Wizard of Oz"", ""L. Frank Baum|Captain Hugh Fitzgerald|Suzanne Metcalf|Schuyler Staunton|Edith Van Dyne|George Brooks|Louis F. Baum|Capt. Hugh Fitzgerald|Lyman Frank Baum|Pete|Dugout|Floyd Akers|Laura Bancroft|John Estes Cooke""]","[""The Wizard of Oz."", ""L. Frank Baum""]"
twohopfact,298251,The novel with 'Guy Montag' as the main character was written by an author named,Ray Bradbury,"[""The novel with 'Guy Montag' as the main character is"", ""Fahrenheit 451 was written by an author named""]","[""Fahrenheit 451"", ""Ray Bradbury|Ray Douglas Bradbury|Raymond Douglas Bradbury""]","[""\"" Fahrenheit 451\""."", ""Ray Bradbury""]"
twohopfact,298256,The novel with 'The Tin Man' as the main character was written by an author named,L. Frank Baum,"[""The novel with 'The Tin Man' as the main character is"", ""The Wonderful Wizard of Oz was written by an author named""]","[""The Wonderful Wizard of Oz|The Wizard of Oz"", ""L. Frank Baum|Captain Hugh Fitzgerald|Suzanne Metcalf|Schuyler Staunton|Edith Van Dyne|George Brooks|Louis F. Baum|Capt. Hugh Fitzgerald|Lyman Frank Baum|Pete|Dugout|Floyd Akers|Laura Bancroft|John Estes Cooke""]","[""\""The Wizard of Oz\"""", ""L. Frank Baum""]"
twohopfact,298258,The novel with 'Mr. Rochester' as the main character was written by an author named,Charlotte Brontë,"[""The novel with 'Mr. Rochester' as the main character is"", ""Jane Eyre was written by an author named""]","[""Jane Eyre"", ""Charlotte Brontë|Sharlotta Bronte|Charles Wellesley|Charlotte Bronte|Douro|Karlotta Bronte|Mrs. Arthur Bell Nicholls|Tree|Florian Wellesley|Lord Charles Albert|Currer Bell|Charlotte Nicholls|Mrs. A. B. Nicholls|Captain Tree""]","[""\""Jane Eyre\""."", ""Charlotte Brontë""]"
twohopfact,298259,The novel with 'Atticus Finch' as the main character was written by an author named,Harper Lee,"[""The novel with 'Atticus Finch' as the main character is"", ""To Kill a Mockingbird was written by an author named""]","[""To Kill a Mockingbird"", ""Harper Lee|Nelle Harper Lee""]","[""To Kill a Mockingbird."", ""Harper Lee""]"
twohopfact,298260,The novel with 'Scarlett O'Hara' as the main character was written by an author named,Margaret Mitchell,"[""The novel with 'Scarlett O'Hara' as the main character is"", ""Gone with the Wind was written by an author named""]","[""Gone with the Wind"", ""Margaret Mitchell|Margaret Munnerlyn Mitchell""]","[""\""Gone with the Wind\""."", ""Margaret Mitchell""]"
twohopfact,298263,The novel with 'Mr. Hyde' as the main character was written by an author named,Robert Louis Stevenson,"[""The novel with 'Mr. Hyde' as the main character is"", ""Strange Case of Dr Jekyll and Mr Hyde was written by an author named""]","[""Strange Case of Dr Jekyll and Mr Hyde|The Strange Case of Dr. Jekyll and Mr. Hyde|The Strange Case of Dr Jekyll and Mr Hyde|Jekyll and Hyde|Dr. Jekyll and Mr. Hyde|Dr Jekyll and Mr Hyde|Doctor Jekyll and Mister Hyde|The Strange Case of Doctor Jekyll and Mister Hyde|Strange Case of Doctor Jekyll and Mister Hyde"", ""Robert Louis Stevenson|Robert Lewis Balfour Stevenson|Robert Luis Stivensoni|Shih-ti-wen-sheng|Stivenson|Robert Loui Sitivensin|Robert Louis Balfour Stevenson|Robert Lui Stivenson|RL Stivenson|RL Stevenson|RLS|R. L. Stevenson""]","[""\""Jekyll and Hyde\""."", ""Robert Louis Stevenson""]"
twohopfact,298262,The novel with 'Dr. Jekyll' as the main character was written by an author named,Robert Louis Stevenson,"[""The novel with 'Dr. Jekyll' as the main character is"", ""Strange Case of Dr Jekyll and Mr Hyde was written by an author named""]","[""Strange Case of Dr Jekyll and Mr Hyde|The Strange Case of Dr. Jekyll and Mr. Hyde|The Strange Case of Dr Jekyll and Mr Hyde|Jekyll and Hyde|Dr. Jekyll and Mr. Hyde|Dr Jekyll and Mr Hyde|Doctor Jekyll and Mister Hyde|The Strange Case of Doctor Jekyll and Mister Hyde|Strange Case of Doctor Jekyll and Mister Hyde"", ""Robert Louis Stevenson|Robert Lewis Balfour Stevenson|Robert Luis Stivensoni|Shih-ti-wen-sheng|Stivenson|Robert Loui Sitivensin|Robert Louis Balfour Stevenson|Robert Lui Stivenson|RL Stivenson|RL Stevenson|RLS|R. L. Stevenson""]","[""\""Robert Louis Stevenson's \""The Strange Case of Dr. Jekyll and Mr. Hyde\""."", ""Robert Louis Stevenson""]"
twohopfact,298281,The novel with 'Jo March' as the main character was written by an author named,Louisa May Alcott,"[""The novel with 'Jo March' as the main character is"", ""Little Women was written by an author named""]","[""Little Women|Meg, Jo, Beth, and Amy|Little Women, or, Meg, Jo, Beth, and Amy"", ""Louisa May Alcott|A. M. Barnard|Flora Fairfield|Flora Fairchild|Louisa Alcott|Louisa M. Alcott|Louisa Mary Alcott""]","[""\""Little Women\""."", ""Louisa May Alcott""]"
twohopfact,298285,The novel with 'Amy March' as the main character was written by an author named,Louisa May Alcott,"[""The novel with 'Amy March' as the main character is"", ""Little Women was written by an author named""]","[""Little Women|Meg, Jo, Beth, and Amy|Little Women, or, Meg, Jo, Beth, and Amy"", ""Louisa May Alcott|A. M. Barnard|Flora Fairfield|Flora Fairchild|Louisa Alcott|Louisa M. Alcott|Louisa Mary Alcott""]","[""Little Women."", ""Louisa May Alcott""]"
twohopfact,298301,The novel with 'Howard Roark' as the main character was written by an author named,Ayn Rand,"[""The novel with 'Howard Roark' as the main character is"", ""The Fountainhead was written by an author named""]","[""The Fountainhead"", ""Ayn Rand|Alisa Zinov'yevna Rosenbaum""]","[""Ayn Rand's \""The Fountainhead\""."", ""Ayn Rand""]"
twohopfact,298303,The novel with 'Mr. Toad' as the main character was written by an author named,Kenneth Grahame,"[""The novel with 'Mr. Toad' as the main character is"", ""The Wind in the Willows was written by an author named""]","[""The Wind in the Willows"", ""Kenneth Grahame""]","[""The Wind in the Willows"", ""Kenneth Grahame""]"
twohopfact,298328,The novel with 'Allan Quatermain' as the main character was written by an author named,H. Rider Haggard,"[""The novel with 'Allan Quatermain' as the main character is"", ""King Solomon's Mines was written by an author named""]","[""King Solomon's Mines"", ""H. Rider Haggard|Henry Rider Haggard|Sir Henry Rider Haggard|H. R. Haggard|H Rider Haggard""]","[""\""King Solomon's Mines\"" by H. Rider Haggard"", ""H. Rider Haggard""]"
twohopfact,298332,The novel with 'Wendy Darling' as the main character was written by an author named,J. M. Barrie,"[""The novel with 'Wendy Darling' as the main character is"", ""Peter Pan was written by an author named""]","[""Peter Pan|Peter and Wendy|Peter Pan; or, the Boy Who Wouldn't Grow Up"", ""J. M. Barrie|James Matthew Barrie|J.M. Barrie|Sir James Matthew Barrie, 1st Baronet|James Barrie|JM Barrie|James M. Barrie""]","[""Peter Pan."", ""J.M. Barrie""]"
twohopfact,298333,The novel with 'Ichabod Crane' as the main character was written by an author named,Washington Irving,"[""The novel with 'Ichabod Crane' as the main character is"", ""The Legend of Sleepy Hollow was written by an author named""]","[""The Legend of Sleepy Hollow"", ""Washington Irving|Diedrich Knickerbocker|Geoffrey Crayon|Lauuncelot Langstaff""]","[""The Legend of Sleepy Hollow"", ""Washington Irving""]"
twohopfact,300687,The organization led by CEO Andy Jassy was founded by the person named,Jeff Bezos,"[""The organization led by CEO Andy Jassy is"", ""Amazon was founded by the person named""]","[""Amazon|Amazon.com|Amazon.com, Inc."", ""Jeff Bezos|Jeffrey Preston Bezos|Jeffrey Preston Jorgensen|Jeffrey Bezos|Jeffrey Jorgensen|Jeff Jorgensen""]","[""Amazon"", ""Jeff Bezos""]"
twohopfact,302337,The organization led by CEO Satya Nadella has its headquarters in the city of,Redmond,"[""The organization led by CEO Satya Nadella is"", ""Microsoft has its headquarters in the city of""]","[""Microsoft|MS|MSFT|Microsoft Corp.|Micro-Soft|Microsoft Corporation|MICROSOFT TECHNOLOGY LICENSING, LLC (Redmond, WA)"", ""Redmond|Redmond, Washington|Redmond, WA""]","[""Microsoft Corporation"", ""Redmond.""]"
twohopfact,302338,The organization led by CEO Tim Cook has its headquarters in the city of,Cupertino,"[""The organization led by CEO Tim Cook is"", ""Apple has its headquarters in the city of""]","[""Apple|Apple Computer, Inc.|Apple Computer Inc|Apple Incorporated|Apple Computer Incorporated|Apple, Inc|Apple Computer Inc.|Apple Inc.|AAPL|Apple Inc.     (Cupertino, CA)"", ""Cupertino|City of Cupertino|Cupertino, California|Cupertino, CA""]","[""Apple Inc."", ""Cupertino.""]"
twohopfact,302339,The organization led by CEO Bob Chapek has its headquarters in the city of,Burbank,"[""The organization led by CEO Bob Chapek is"", ""The Walt Disney Company has its headquarters in the city of""]","[""The Walt Disney Company|Disney|Disney Brothers Cartoon Studio|The Walt Disney Studio|Walt Disney Productions|Walt Disney Company|Walt Disney"", ""Burbank|Burbank, California|Burbank, CA""]","[""The Walt Disney Company"", ""Burbank.""]"
twohopfact,302340,The organization led by CEO Andy Jassy has its headquarters in the city of,Seattle,"[""The organization led by CEO Andy Jassy is"", ""Amazon has its headquarters in the city of""]","[""Amazon|Amazon.com|Amazon.com, Inc."", ""Seattle|Seattle, Washington|Seattle, WA|Duwamps|New York Alki""]","[""Amazon"", ""Seattle.""]"
twohopfact,302361,The organization led by CEO Warren Buffett has its headquarters in the city of,Omaha,"[""The organization led by CEO Warren Buffett is"", ""Berkshire Hathaway has its headquarters in the city of""]","[""Berkshire Hathaway|Berkshire Hathaway Inc.|Valley Falls Company|Berkshire Hathaway Incorperation"", ""Omaha|Omaha, Nebraska|Omaha, NE""]","[""Berkshire Hathaway."", ""Omaha.""]"
twohopfact,302383,The organization led by CEO Fatih Birol has its headquarters in the city of,Paris,"[""The organization led by CEO Fatih Birol is"", ""International Energy Agency has its headquarters in the city of""]","[""International Energy Agency|IEA|iea.org"", ""Paris|City of Light|City of Love|Lutetia""]","[""International Energy Agency (IEA)"", ""Paris.""]"
twohopfact,302399,The organization led by CEO Jenő Vázsonyi has its headquarters in the city of,Budapest,"[""The organization led by CEO Jenő Vázsonyi is"", ""Hungarian State Railways has its headquarters in the city of""]","[""Hungarian State Railways|MÁV|Magyar Államvasutak Zrt.|MAV|Magyar Allamvasutak Zrt.|Royal Hungarian State Railways"", ""Budapest|Buda Pest|Buda-Pest|Budapešť|Budapesta|Budapeszt|Buda|Ofen|Budín|Budim|Budon|Pest|Pešť|Pešta|Alt-Ofen|Budapest, Hungary|Buda-Pesth""]","[""Hungarian Railways (MÁV)"", ""Budapest""]"
twohopfact,302537,The organization led by CEO Anne-Marie Slaughter has its headquarters in the city of,"Washington, D.C.","[""The organization led by CEO Anne-Marie Slaughter is"", ""New America has its headquarters in the city of""]","[""New America|New America Foundation"", ""Washington, D.C.|Washington|Washington DC|Washington, DC|DC|D.C.|District of Columbia|Washington, District of Columbia|Washington D.C.|The District|Washington, D.C., U.S.|US-DC|Washington, D. C.|D.C. Washington""]","[""The New America Foundation."", ""Washington D.C.""]"
twohopfact,304793,The organization led by CEO Satya Nadella has its headquarters in the country of,United States of America,"[""The organization led by CEO Satya Nadella is"", ""Microsoft has its headquarters in the country of""]","[""Microsoft|MS|MSFT|Microsoft Corp.|Micro-Soft|Microsoft Corporation|MICROSOFT TECHNOLOGY LICENSING, LLC (Redmond, WA)"", ""United States of America|the United States of America|America|U.S.A.|USA|U.S.|US|the US|the USA|US of A|the United States|U. S. A.|U. S.|the States|the U.S.|United States|US of America|the U.S.A.|the US of America|the US of A|the U.S. of A|the U.S. of America|U.S. of America|Merica""]","[""Microsoft Corporation"", ""United States.""]"
twohopfact,304795,The organization led by CEO Akio Toyoda has its headquarters in the country of,Japan,"[""The organization led by CEO Akio Toyoda is"", ""Toyota has its headquarters in the country of""]","[""Toyota|Toyota Motor Corporation|Toyota Jidosha KK|Toyota Jidōsha|TOYOTA JIDOSHA KABUSHIKI KAISHA|TOYOTA JIDOSHA KABUSHIKI KAISHA (Toyota)"", ""Japan|State of Japan|Land of the Rising Sun|Nihon|Nippon|JP|Nippon-koku|Nihon-koku|JPN|JAP|JA|🇯🇵|Iapan|Iapon|Land of Rising Sun""]","[""Toyota Motor Corporation"", ""Japan.""]"
twohopfact,304796,The organization led by CEO Bob Chapek has its headquarters in the country of,United States of America,"[""The organization led by CEO Bob Chapek is"", ""The Walt Disney Company has its headquarters in the country of""]","[""The Walt Disney Company|Disney|Disney Brothers Cartoon Studio|The Walt Disney Studio|Walt Disney Productions|Walt Disney Company|Walt Disney"", ""United States of America|the United States of America|America|U.S.A.|USA|U.S.|US|the US|the USA|US of A|the United States|U. S. A.|U. S.|the States|the U.S.|United States|US of America|the U.S.A.|the US of America|the US of A|the U.S. of A|the U.S. of America|U.S. of America|Merica""]","[""The Walt Disney Company"", ""United States""]"
twohopfact,304812,The organization led by CEO Mark Zuckerberg has its headquarters in the country of,United States of America,"[""The organization led by CEO Mark Zuckerberg is"", ""Meta Platforms has its headquarters in the country of""]","[""Meta Platforms|Meta Platforms, Inc.|Facebook, Inc.|Facebook|Meta|TheFacebook, Inc."", ""United States of America|the United States of America|America|U.S.A.|USA|U.S.|US|the US|the USA|US of A|the United States|U. S. A.|U. S.|the States|the U.S.|United States|US of America|the U.S.A.|the US of America|the US of A|the U.S. of A|the U.S. of America|U.S. of America|Merica""]","[""Facebook"", ""United States""]"
twohopfact,304824,The organization led by CEO Warren Buffett has its headquarters in the country of,United States of America,"[""The organization led by CEO Warren Buffett is"", ""Berkshire Hathaway has its headquarters in the country of""]","[""Berkshire Hathaway|Berkshire Hathaway Inc.|Valley Falls Company|Berkshire Hathaway Incorperation"", ""United States of America|the United States of America|America|U.S.A.|USA|U.S.|US|the US|the USA|US of A|the United States|U. S. A.|U. S.|the States|the U.S.|United States|US of America|the U.S.A.|the US of America|the US of A|the U.S. of A|the U.S. of America|U.S. of America|Merica""]","[""Berkshire Hathaway."", ""United States.""]"
twohopfact,304852,The organization led by CEO Larry Fink has its headquarters in the country of,United States of America,"[""The organization led by CEO Larry Fink is"", ""BlackRock has its headquarters in the country of""]","[""BlackRock|BlackRock, Inc.|BLK"", ""United States of America|the United States of America|America|U.S.A.|USA|U.S.|US|the US|the USA|US of A|the United States|U. S. A.|U. S.|the States|the U.S.|United States|US of America|the U.S.A.|the US of America|the US of A|the U.S. of A|the U.S. of America|U.S. of America|Merica""]","[""BlackRock"", ""United States.""]"
twohopfact,304891,The organization led by CEO Jenő Vázsonyi has its headquarters in the country of,Hungary,"[""The organization led by CEO Jenő Vázsonyi is"", ""Hungarian State Railways has its headquarters in the country of""]","[""Hungarian State Railways|MÁV|Magyar Államvasutak Zrt.|MAV|Magyar Allamvasutak Zrt.|Royal Hungarian State Railways"", ""Hungary|hu|🇭🇺|HUN""]","[""Hungarian Railways (MÁV)"", ""Hungary""]"
twohopfact,305098,The organization led by CEO Anne-Marie Slaughter has its headquarters in the country of,United States of America,"[""The organization led by CEO Anne-Marie Slaughter is"", ""New America has its headquarters in the country of""]","[""New America|New America Foundation"", ""United States of America|the United States of America|America|U.S.A.|USA|U.S.|US|the US|the USA|US of A|the United States|U. S. A.|U. S.|the States|the U.S.|United States|US of America|the U.S.A.|the US of America|the US of A|the U.S. of A|the U.S. of America|U.S. of America|Merica""]","[""The New America Foundation."", ""United States.""]"
twohopfact,309009,The organization led by CEO Andy Jassy is listed on a stock exchange named,Nasdaq,"[""The organization led by CEO Andy Jassy is"", ""Amazon is listed on a stock exchange named""]","[""Amazon|Amazon.com|Amazon.com, Inc."", ""Nasdaq|National Association of Securities Dealers Automated Quotations|Nasdaq Stock Market|NASDAQ - All Markets""]","[""Amazon"", ""NASDAQ""]"
twohopfact,309013,The organization led by CEO Mark Zuckerberg is listed on a stock exchange named,Nasdaq,"[""The organization led by CEO Mark Zuckerberg is"", ""Meta Platforms is listed on a stock exchange named""]","[""Meta Platforms|Meta Platforms, Inc.|Facebook, Inc.|Facebook|Meta|TheFacebook, Inc."", ""Nasdaq|National Association of Securities Dealers Automated Quotations|Nasdaq Stock Market|NASDAQ - All Markets""]","[""Facebook"", ""NASDAQ""]"
twohopfact,309019,The organization led by CEO Warren Buffett is listed on a stock exchange named,New York Stock Exchange,"[""The organization led by CEO Warren Buffett is"", ""Berkshire Hathaway is listed on a stock exchange named""]","[""Berkshire Hathaway|Berkshire Hathaway Inc.|Valley Falls Company|Berkshire Hathaway Incorperation"", ""New York Stock Exchange|NYSE|Big Board|The New York Stock Exchange|NY Stock Exchange|N. Y. Stock Exchange|N.Y. Stock Exchange|XNYS""]","[""Berkshire Hathaway."", ""New York Stock Exchange (NYSE)""]"
twohopfact,309029,The organization led by CEO Larry Fink is listed on a stock exchange named,New York Stock Exchange,"[""The organization led by CEO Larry Fink is"", ""BlackRock is listed on a stock exchange named""]","[""BlackRock|BlackRock, Inc.|BLK"", ""New York Stock Exchange|NYSE|Big Board|The New York Stock Exchange|NY Stock Exchange|N. Y. Stock Exchange|N.Y. Stock Exchange|XNYS""]","[""BlackRock"", ""New York Stock Exchange (NYSE)""]"
twohopfact,309459,The president of Russia was born in the city of,Saint Petersburg,"[""The president of Russia is"", ""Vladimir Putin was born in the city of""]","[""Vladimir Putin|Vladimir Vladimirovich Putin|Putin"", ""Saint Petersburg|St. Petersburg|Petrograd|Leningrad|Petersburg|Sankt-Peterburg|St Petersburg""]","[""Vladimir Putin"", ""Leningrad.""]"
twohopfact,309471,The president of Venezuela was born in the city of,Caracas,"[""The president of Venezuela is"", ""Nicolás Maduro was born in the city of""]","[""Nicolás Maduro|Nicolás Maduro Moros|Nicolas Maduro Moros|Nicolas Maduro|Maduro"", ""Caracas|Santiago de Leon de Caracas|CCS|Santiago de León de Caracas""]","[""Nicolas Maduro"", ""Caracas.""]"
twohopfact,309490,The president of Liberia was born in the city of,Monrovia,"[""The president of Liberia is"", ""George Weah was born in the city of""]","[""George Weah|George Manneh Oppong Weah"", ""Monrovia""]","[""George Weah"", ""Monrovia.""]"
twohopfact,309754,The president of United States of America was born in the country of,United States of America,"[""The president of United States of America is"", ""Joe Biden was born in the country of""]","[""Joe Biden|Joseph Biden|Joseph R. Biden|Joseph R. Biden Jr.|Joseph R. Biden, Jr.|Biden|JRB|POTUS 46|Joe R. Biden Jr.|Joseph Robinette Biden|President Biden|President Joe Biden|President Joseph Biden|President Joseph R. Biden|Joseph Robinette Biden Jr.|President Joseph Biden Jr.|President Joseph Robinette Biden|President Joseph R. Biden Jr.|Joe R. Biden|President Joseph Robinette Biden Jr.|Joe Biden Jr.|Robin Ware|Robert L. Peters|JRB Ware"", ""United States of America|the United States of America|America|U.S.A.|USA|U.S.|US|the US|the USA|US of A|the United States|U. S. A.|U. S.|the States|the U.S.|United States|US of America|the U.S.A.|the US of America|the US of A|the U.S. of A|the U.S. of America|U.S. of America|Merica""]","[""Joe Biden"", ""United States""]"
twohopfact,309755,The president of Russia was born in the country of,Russia,"[""The president of Russia is"", ""Vladimir Putin was born in the country of""]","[""Vladimir Putin|Vladimir Vladimirovich Putin|Putin"", ""Russia|Rossiya|Rossija|RU|RUS|Rossijskaja Federatsija|Russian Federation|Rossiyskaya Federatsiya|RF|Российская Федерация|Россия|Federation of Russia""]","[""Vladimir Putin"", ""Russia""]"
twohopfact,309760,The president of Iran was born in the country of,Iran,"[""The president of Iran is"", ""Ali Khamenei was born in the country of""]","[""Ali Khamenei|Alī Ḥoseynī Khāmeneī|Imam Khamenei|Sayyid Ali Khamenei|Sayyid Ali Hoseyni Khamenei|Ayatollah Khamenei|Ayatollah Ali Khamenei"", ""Iran|Islamic Republic of Iran|Persia|ir|Islamic Rep. Iran|🇮🇷|irn""]","[""Ayatollah Ali Khamenei"", ""Iran.""]"
twohopfact,309767,The president of Venezuela was born in the country of,Venezuela,"[""The president of Venezuela is"", ""Nicolás Maduro was born in the country of""]","[""Nicolás Maduro|Nicolás Maduro Moros|Nicolas Maduro Moros|Nicolas Maduro|Maduro"", ""Venezuela|Bolivarian Republic of Venezuela|BR Venezuela|VE|🇻🇪|Estados Unidos de Venezuela|Vzla|VEN""]","[""Nicolas Maduro"", ""Venezuela.""]"
twohopfact,309779,The president of Eritrea was born in the country of,Eritrea,"[""The president of Eritrea is"", ""Isaias Afwerki was born in the country of""]","[""Isaias Afwerki"", ""Eritrea|State of Eritrea|Ertrā|Iritriyā|er|🇪🇷|ERI|IRI""]","[""Isaias Afwerki"", ""Eritrea""]"
twohopfact,309786,The president of Liberia was born in the country of,Liberia,"[""The president of Liberia is"", ""George Weah was born in the country of""]","[""George Weah|George Manneh Oppong Weah"", ""Liberia|Republic of Liberia|lr|🇱🇷|LBR""]","[""George Weah"", ""Liberia""]"
twohopfact,310344,The singer of 'Tik Tok' was born in the city of,Los Angeles,"[""The singer of 'Tik Tok' is"", ""Kesha was born in the city of""]","[""Kesha|Ke$ha|Kesha Rose Sebert|Kesha Sebert"", ""Los Angeles|Los Angeles, California|Pink City|The town of Our Lady the Queen of the Angels of the Little Portion|La La Land|Tinsel Town|City of Angels|City of Los Angeles|LA, California|L.A.|LA|Double Dubuque|Los Ángeles|Los Angeles, CA""]","[""Ke$ha"", ""Los Angeles""]"
twohopfact,310391,The singer of 'Summertime Sadness' was born in the city of,New York City,"[""The singer of 'Summertime Sadness' is"", ""Lana Del Rey was born in the city of""]","[""Lana Del Rey|May Jailer|Elizabeth Grant|Lizzy Grant|Elizabeth Woolridge Grant|Lana Del Ray|Lana|لانا دل راي|دل راي|إليزابيث وولريدج غرانت|إليزابيث غرانت|ليزي غرانت|ليزي|لانا"", ""New York City|NYC|the five boroughs|Big Apple|City of New York|NY City|New York, New York|New York City, New York|New York, NY|New York City, NY|Caput Mundi|The City So Nice They Named It Twice|Capital of the World|New York|New York City (NYC)|New York (city)|Center of the Universe""]","[""Lana Del Rey"", ""New York City.""]"
twohopfact,310404,The singer of 'Still D.R.E.' was born in the city of,Long Beach,"[""The singer of 'Still D.R.E.' is"", ""Snoop Dogg was born in the city of""]","[""Snoop Dogg|Snoop Doggy Dogg|Bigg Snoop Dogg|Snoop Lion|Calvin Broadus|Snoopzilla|Cordozar Calvin Broadus|Snoop D.O. Double G|Snoop Rock|Calvin Cordozar Broadus Jr.|Calvin Broadus Jr.|Cordozar Calvin Broadus Jr.|Keresztes Ildikó|Calvin Corde Broadus|Snoop-A-Loop"", ""Long Beach|Long Beach, California|Long Beach, CA""]","[""Snoop Dogg"", ""Long Beach""]"
twohopfact,310525,The singer of 'Turn the Page' was born in the city of,Detroit,"[""The singer of 'Turn the Page' is"", ""Bob Seger was born in the city of""]","[""Bob Seger|Robert Clark Seger"", ""Detroit|Motor City|Detroit, Michigan|Detroiit|Detroit, MI|The D|City of Detroit""]","[""Bob Seger"", ""Detroit""]"
twohopfact,310530,The singer of 'Maybellene' was born in the city of,St. Louis,"[""The singer of 'Maybellene' is"", ""Chuck Berry was born in the city of""]","[""Chuck Berry|Charles Edward Anderson Berry|Charles Edward Anderson Chuck Berry|Charles Edward Anderson|Charles Edward Berry"", ""St. Louis|St. Louis, Missouri|City of St. Louis|St. Louis City|Saint Louis|St Louis|St. Louis, MO|Saint Louis, MO""]","[""Chuck Berry"", ""St. Louis""]"
twohopfact,310536,The singer of 'You Never Can Tell' was born in the city of,St. Louis,"[""The singer of 'You Never Can Tell' is"", ""Chuck Berry was born in the city of""]","[""Chuck Berry|Charles Edward Anderson Berry|Charles Edward Anderson Chuck Berry|Charles Edward Anderson|Charles Edward Berry"", ""St. Louis|St. Louis, Missouri|City of St. Louis|St. Louis City|Saint Louis|St Louis|St. Louis, MO|Saint Louis, MO""]","[""Chuck Berry"", ""St. Louis""]"
twohopfact,310552,The singer of 'Brown Eyed Girl' was born in the city of,Belfast,"[""The singer of 'Brown Eyed Girl' is"", ""Van Morrison was born in the city of""]","[""Van Morrison|George Morrison|George Ivan Morrison|Sir George Morrison|Sir George Ivan Morrison|Van the Man"", ""Belfast|Béal Feirste|Beal Feirste|Belfast, Northern Ireland""]","[""Van Morrison"", ""Belfast.""]"
twohopfact,310613,The singer of 'Black Velvet' was born in the city of,Toronto,"[""The singer of 'Black Velvet' is"", ""Alannah Myles was born in the city of""]","[""Alannah Myles|Alannah Byles"", ""Toronto|City of Toronto|The Six|T-O|The 416|Hogtown|Toronto, Ontario|Toronto, ON|Toronto, Canada""]","[""Alannah Myles"", ""Toronto.""]"
twohopfact,310661,The singer of 'The Needle and the Damage Done' was born in the city of,Toronto,"[""The singer of 'The Needle and the Damage Done' is"", ""Neil Young was born in the city of""]","[""Neil Young|Neil Percival Young|Shakey|Godfather of Grunge|Neil Percival Kenneth Robert Ragland Young"", ""Toronto|City of Toronto|The Six|T-O|The 416|Hogtown|Toronto, Ontario|Toronto, ON|Toronto, Canada""]","[""Neil Young"", ""Toronto.""]"
twohopfact,310890,The singer of 'Cat Scratch Fever' was born in the city of,Detroit,"[""The singer of 'Cat Scratch Fever' is"", ""Ted Nugent was born in the city of""]","[""Ted Nugent|Theodore Anthony Nugent|Theodore Nugent|Theodore Anthony"", ""Detroit|Motor City|Detroit, Michigan|Detroiit|Detroit, MI|The D|City of Detroit""]","[""Ted Nugent"", ""Detroit""]"
twohopfact,328373,The singer of 'Earth Song' was born in the country of,United States of America,"[""The singer of 'Earth Song' is"", ""Michael Jackson was born in the country of""]","[""Michael Jackson|MJ|The King of Pop|Michael Joe Jackson|Michael Joseph Jackson|M.J.|M. J.|King of Pop|King of Music"", ""United States of America|the United States of America|America|U.S.A.|USA|U.S.|US|the US|the USA|US of A|the United States|U. S. A.|U. S.|the States|the U.S.|United States|US of America|the U.S.A.|the US of America|the US of A|the U.S. of A|the U.S. of America|U.S. of America|Merica""]","[""Michael Jackson"", ""United States""]"
twohopfact,328382,The singer of 'Complicated' was born in the country of,Canada,"[""The singer of 'Complicated' is"", ""Avril Lavigne was born in the country of""]","[""Avril Lavigne|Avril Ramona Lavigne"", ""Canada|CAN|CA""]","[""Avril Lavigne"", ""Canada""]"
twohopfact,328381,The singer of 'Piece of Me' was born in the country of,United States of America,"[""The singer of 'Piece of Me' is"", ""Britney Spears was born in the country of""]","[""Britney Spears|Britney Jean Spears|Britney Bitch|The Princess of Pop|Princess of Pop"", ""United States of America|the United States of America|America|U.S.A.|USA|U.S.|US|the US|the USA|US of A|the United States|U. S. A.|U. S.|the States|the U.S.|United States|US of America|the U.S.A.|the US of America|the US of A|the U.S. of A|the U.S. of America|U.S. of America|Merica""]","[""Britney Spears"", ""United States""]"
twohopfact,328386,The singer of 'Sk8er Boi' was born in the country of,Canada,"[""The singer of 'Sk8er Boi' is"", ""Avril Lavigne was born in the country of""]","[""Avril Lavigne|Avril Ramona Lavigne"", ""Canada|CAN|CA""]","[""Avril Lavigne"", ""Canada""]"
twohopfact,328388,The singer of 'Chandelier' was born in the country of,Australia,"[""The singer of 'Chandelier' is"", ""Sia was born in the country of""]","[""Sia|Sia Kate Isobelle Furler|Sia Furler"", ""Australia|Commonwealth of Australia|AU|AUS|🇦🇺|Straya|Aussieland|Oz|Stralia|New Holland|New Hollandia|Nova Hollandia|Down Under""]","[""Sia Furler"", ""Australia""]"
twohopfact,328393,The singer of 'Lose Yourself' was born in the country of,United States of America,"[""The singer of 'Lose Yourself' is"", ""Eminem was born in the country of""]","[""Eminem|EMINƎM|Slim Shady|Marshall Mathers|Marshall Bruce Mathers III"", ""United States of America|the United States of America|America|U.S.A.|USA|U.S.|US|the US|the USA|US of A|the United States|U. S. A.|U. S.|the States|the U.S.|United States|US of America|the U.S.A.|the US of America|the US of A|the U.S. of A|the U.S. of America|U.S. of America|Merica""]","[""Eminem"", ""United States""]"
twohopfact,328397,The singer of '(You Drive Me) Crazy' was born in the country of,United States of America,"[""The singer of '(You Drive Me) Crazy' is"", ""Britney Spears was born in the country of""]","[""Britney Spears|Britney Jean Spears|Britney Bitch|The Princess of Pop|Princess of Pop"", ""United States of America|the United States of America|America|U.S.A.|USA|U.S.|US|the US|the USA|US of A|the United States|U. S. A.|U. S.|the States|the U.S.|United States|US of America|the U.S.A.|the US of America|the US of A|the U.S. of A|the U.S. of America|U.S. of America|Merica""]","[""Britney Spears"", ""United States""]"
twohopfact,328402,The singer of 'Happy' was born in the country of,United States of America,"[""The singer of 'Happy' is"", ""Pharrell Williams was born in the country of""]","[""Pharrell Williams|Magnum, the Verb Lord|Skateboard P|Pharrell|Sk8board|Auto Goon|Station Wagon P|Pharrell Lanscilo Williams"", ""United States of America|the United States of America|America|U.S.A.|USA|U.S.|US|the US|the USA|US of A|the United States|U. S. A.|U. S.|the States|the U.S.|United States|US of America|the U.S.A.|the US of America|the US of A|the U.S. of A|the U.S. of America|U.S. of America|Merica""]","[""Pharrell Williams"", ""United States""]"
twohopfact,328415,The singer of 'I'm a Slave 4 U' was born in the country of,United States of America,"[""The singer of 'I'm a Slave 4 U' is"", ""Britney Spears was born in the country of""]","[""Britney Spears|Britney Jean Spears|Britney Bitch|The Princess of Pop|Princess of Pop"", ""United States of America|the United States of America|America|U.S.A.|USA|U.S.|US|the US|the USA|US of A|the United States|U. S. A.|U. S.|the States|the U.S.|United States|US of America|the U.S.A.|the US of America|the US of A|the U.S. of A|the U.S. of America|U.S. of America|Merica""]","[""Britney Spears"", ""United States""]"
twohopfact,328426,The singer of 'Summer of '69' was born in the country of,Canada,"[""The singer of 'Summer of '69' is"", ""Bryan Adams was born in the country of""]","[""Bryan Adams|Bryan Guy Adams"", ""Canada|CAN|CA""]","[""Bryan Adams"", ""Canada""]"
twohopfact,328433,The singer of 'Love Me Tender' was born in the country of,United States of America,"[""The singer of 'Love Me Tender' is"", ""Elvis Presley was born in the country of""]","[""Elvis Presley|Elvis|Elvis Aaron Presley|The King of Rock'n'Roll|King of Rock'n'Roll|Elvis Aron Presley|The King of Rock 'n' Roll|King of Rock 'n' Roll|Elvis A. Presley"", ""United States of America|the United States of America|America|U.S.A.|USA|U.S.|US|the US|the USA|US of A|the United States|U. S. A.|U. S.|the States|the U.S.|United States|US of America|the U.S.A.|the US of America|the US of A|the U.S. of A|the U.S. of America|U.S. of America|Merica""]","[""Elvis Presley"", ""United States""]"
twohopfact,328439,The singer of 'Summertime Sadness' was born in the country of,United States of America,"[""The singer of 'Summertime Sadness' is"", ""Lana Del Rey was born in the country of""]","[""Lana Del Rey|May Jailer|Elizabeth Grant|Lizzy Grant|Elizabeth Woolridge Grant|Lana Del Ray|Lana|لانا دل راي|دل راي|إليزابيث وولريدج غرانت|إليزابيث غرانت|ليزي غرانت|ليزي|لانا"", ""United States of America|the United States of America|America|U.S.A.|USA|U.S.|US|the US|the USA|US of A|the United States|U. S. A.|U. S.|the States|the U.S.|United States|US of America|the U.S.A.|the US of America|the US of A|the U.S. of A|the U.S. of America|U.S. of America|Merica""]","[""Lana Del Rey"", ""United States""]"
twohopfact,328452,The singer of 'Still D.R.E.' was born in the country of,United States of America,"[""The singer of 'Still D.R.E.' is"", ""Snoop Dogg was born in the country of""]","[""Snoop Dogg|Snoop Doggy Dogg|Bigg Snoop Dogg|Snoop Lion|Calvin Broadus|Snoopzilla|Cordozar Calvin Broadus|Snoop D.O. Double G|Snoop Rock|Calvin Cordozar Broadus Jr.|Calvin Broadus Jr.|Cordozar Calvin Broadus Jr.|Keresztes Ildikó|Calvin Corde Broadus|Snoop-A-Loop"", ""United States of America|the United States of America|America|U.S.A.|USA|U.S.|US|the US|the USA|US of A|the United States|U. S. A.|U. S.|the States|the U.S.|United States|US of America|the U.S.A.|the US of America|the US of A|the U.S. of A|the U.S. of America|U.S. of America|Merica""]","[""Snoop Dogg"", ""United States""]"
twohopfact,328459,The singer of 'Stronger (What Doesn't Kill You)' was born in the country of,United States of America,"[""The singer of 'Stronger (What Doesn't Kill You)' is"", ""Kelly Clarkson was born in the country of""]","[""Kelly Clarkson|Kelly Brianne Clarkson|Kelly Brianne"", ""United States of America|the United States of America|America|U.S.A.|USA|U.S.|US|the US|the USA|US of A|the United States|U. S. A.|U. S.|the States|the U.S.|United States|US of America|the U.S.A.|the US of America|the US of A|the U.S. of A|the U.S. of America|U.S. of America|Merica""]","[""Kelly Clarkson"", ""United States""]"
twohopfact,328492,The singer of 'Born to Run' was born in the country of,United States of America,"[""The singer of 'Born to Run' is"", ""Bruce Springsteen was born in the country of""]","[""Bruce Springsteen|Bruce Springsteen & The E Street Band|Bruce Frederick Joseph Springsteen|The Boss"", ""United States of America|the United States of America|America|U.S.A.|USA|U.S.|US|the US|the USA|US of A|the United States|U. S. A.|U. S.|the States|the U.S.|United States|US of America|the U.S.A.|the US of America|the US of A|the U.S. of A|the U.S. of America|U.S. of America|Merica""]","[""Bruce Springsteen"", ""United States""]"
twohopfact,328552,The singer of 'Forgot About Dre' was born in the country of,United States of America,"[""The singer of 'Forgot About Dre' is"", ""Eminem was born in the country of""]","[""Eminem|EMINƎM|Slim Shady|Marshall Mathers|Marshall Bruce Mathers III"", ""United States of America|the United States of America|America|U.S.A.|USA|U.S.|US|the US|the USA|US of A|the United States|U. S. A.|U. S.|the States|the U.S.|United States|US of America|the U.S.A.|the US of America|the US of A|the U.S. of A|the U.S. of America|U.S. of America|Merica""]","[""Eminem"", ""United States""]"
twohopfact,328581,The singer of 'Maybellene' was born in the country of,United States of America,"[""The singer of 'Maybellene' is"", ""Chuck Berry was born in the country of""]","[""Chuck Berry|Charles Edward Anderson Berry|Charles Edward Anderson Chuck Berry|Charles Edward Anderson|Charles Edward Berry"", ""United States of America|the United States of America|America|U.S.A.|USA|U.S.|US|the US|the USA|US of A|the United States|U. S. A.|U. S.|the States|the U.S.|United States|US of America|the U.S.A.|the US of America|the US of A|the U.S. of A|the U.S. of America|U.S. of America|Merica""]","[""Chuck Berry"", ""United States""]"
twohopfact,328582,The singer of 'You Never Can Tell' was born in the country of,United States of America,"[""The singer of 'You Never Can Tell' is"", ""Chuck Berry was born in the country of""]","[""Chuck Berry|Charles Edward Anderson Berry|Charles Edward Anderson Chuck Berry|Charles Edward Anderson|Charles Edward Berry"", ""United States of America|the United States of America|America|U.S.A.|USA|U.S.|US|the US|the USA|US of A|the United States|U. S. A.|U. S.|the States|the U.S.|United States|US of America|the U.S.A.|the US of America|the US of A|the U.S. of A|the U.S. of America|U.S. of America|Merica""]","[""Chuck Berry"", ""United States""]"
twohopfact,328714,The singer of 'The Needle and the Damage Done' was born in the country of,Canada,"[""The singer of 'The Needle and the Damage Done' is"", ""Neil Young was born in the country of""]","[""Neil Young|Neil Percival Young|Shakey|Godfather of Grunge|Neil Percival Kenneth Robert Ragland Young"", ""Canada|CAN|CA""]","[""Neil Young"", ""Canada""]"
twohopfact,329589,The singer of 'G.I. Blues' was born in the country of,United States of America,"[""The singer of 'G.I. Blues' is"", ""Elvis Presley was born in the country of""]","[""Elvis Presley|Elvis|Elvis Aaron Presley|The King of Rock'n'Roll|King of Rock'n'Roll|Elvis Aron Presley|The King of Rock 'n' Roll|King of Rock 'n' Roll|Elvis A. Presley"", ""United States of America|the United States of America|America|U.S.A.|USA|U.S.|US|the US|the USA|US of A|the United States|U. S. A.|U. S.|the States|the U.S.|United States|US of America|the U.S.A.|the US of America|the US of A|the U.S. of A|the U.S. of America|U.S. of America|Merica""]","[""Elvis Presley"", ""United States""]"
twohopfact,346234,The father of the singer of 'Love Story' is named,Scott Swift,"[""The singer of 'Love Story' is"", ""The father of Taylor Swift is named""]","[""Taylor Swift|Taylor Alison Swift|Nils Sjöberg"", ""Scott Swift|Scott Kingsley Swift""]","[""Taylor Swift"", ""Scott Kingsley Swift""]"
twohopfact,346239,The father of the singer of '(You Drive Me) Crazy' is named,James Parnell Spears,"[""The singer of '(You Drive Me) Crazy' is"", ""The father of Britney Spears is named""]","[""Britney Spears|Britney Jean Spears|Britney Bitch|The Princess of Pop|Princess of Pop"", ""James Parnell Spears|Jamie Spears""]","[""Britney Spears"", ""Jamie Spears.""]"
twohopfact,346241,The father of the singer of 'You Belong with Me' is named,Scott Swift,"[""The singer of 'You Belong with Me' is"", ""The father of Taylor Swift is named""]","[""Taylor Swift|Taylor Alison Swift|Nils Sjöberg"", ""Scott Swift|Scott Kingsley Swift""]","[""Taylor Swift"", ""Scott Kingsley Swift""]"
twohopfact,346256,The father of the singer of 'I'm a Slave 4 U' is named,James Parnell Spears,"[""The singer of 'I'm a Slave 4 U' is"", ""The father of Britney Spears is named""]","[""Britney Spears|Britney Jean Spears|Britney Bitch|The Princess of Pop|Princess of Pop"", ""James Parnell Spears|Jamie Spears""]","[""Britney Spears"", ""Jamie Spears.""]"
twohopfact,346257,The father of the singer of 'Wrecking Ball' is named,Billy Ray Cyrus,"[""The singer of 'Wrecking Ball' is"", ""The father of Miley Cyrus is named""]","[""Miley Cyrus|Destiny Hope Cyrus|Miley Ray Cyrus|Ashley O|Smiley Miley|Miley R. Cyrus|Miley Cyrus Love|Hannah Montana"", ""Billy Ray Cyrus|William Ray Cyrus""]","[""Miley Cyrus"", ""Billy Ray Cyrus.""]"
twohopfact,346258,The father of the singer of 'Thinking Out Loud' is named,John Sheeran,"[""The singer of 'Thinking Out Loud' is"", ""The father of Ed Sheeran is named""]","[""Ed Sheeran|Edward Christopher Sheeran|Edward Sheeran"", ""John Sheeran""]","[""Ed Sheeran"", ""John Sheeran""]"
twohopfact,346263,The father of the singer of 'I Knew You Were Trouble' is named,Scott Swift,"[""The singer of 'I Knew You Were Trouble' is"", ""The father of Taylor Swift is named""]","[""Taylor Swift|Taylor Alison Swift|Nils Sjöberg"", ""Scott Swift|Scott Kingsley Swift""]","[""Taylor Swift"", ""Scott Kingsley Swift""]"
twohopfact,346264,The father of the singer of 'Party in the U.S.A.' is named,Billy Ray Cyrus,"[""The singer of 'Party in the U.S.A.' is"", ""The father of Miley Cyrus is named""]","[""Miley Cyrus|Destiny Hope Cyrus|Miley Ray Cyrus|Ashley O|Smiley Miley|Miley R. Cyrus|Miley Cyrus Love|Hannah Montana"", ""Billy Ray Cyrus|William Ray Cyrus""]","[""Miley Cyrus"", ""Billy Ray Cyrus""]"
twohopfact,346308,The father of the singer of 'The Story of Us' is named,Scott Swift,"[""The singer of 'The Story of Us' is"", ""The father of Taylor Swift is named""]","[""Taylor Swift|Taylor Alison Swift|Nils Sjöberg"", ""Scott Swift|Scott Kingsley Swift""]","[""Taylor Swift"", ""Scott Kingsley Swift""]"
twohopfact,346317,The father of the singer of 'Fearless' is named,Scott Swift,"[""The singer of 'Fearless' is"", ""The father of Taylor Swift is named""]","[""Taylor Swift|Taylor Alison Swift|Nils Sjöberg"", ""Scott Swift|Scott Kingsley Swift""]","[""Taylor Swift"", ""Scott Kingsley Swift""]"
twohopfact,346833,The father of the singer of 'I Know Places' is named,Scott Swift,"[""The singer of 'I Know Places' is"", ""The father of Taylor Swift is named""]","[""Taylor Swift|Taylor Alison Swift|Nils Sjöberg"", ""Scott Swift|Scott Kingsley Swift""]","[""Taylor Swift"", ""Scott Kingsley Swift""]"
twohopfact,352109,The mother of the singer of 'Earth Song' is named,Katherine Jackson,"[""The singer of 'Earth Song' is"", ""The mother of Michael Jackson is named""]","[""Michael Jackson|MJ|The King of Pop|Michael Joe Jackson|Michael Joseph Jackson|M.J.|M. J.|King of Pop|King of Music"", ""Katherine Jackson|Kattie B. Screws|Katherine Scruse|Katherine Esther Scruse|Katherine Esther Jackson""]","[""Michael Jackson"", ""Katherine Esther Jackson""]"
twohopfact,352234,The mother of the singer of 'Do the Bartman' is named,Katherine Jackson,"[""The singer of 'Do the Bartman' is"", ""The mother of Michael Jackson is named""]","[""Michael Jackson|MJ|The King of Pop|Michael Joe Jackson|Michael Joseph Jackson|M.J.|M. J.|King of Pop|King of Music"", ""Katherine Jackson|Kattie B. Screws|Katherine Scruse|Katherine Esther Scruse|Katherine Esther Jackson""]","[""Michael Jackson"", ""Katherine Esther Jackson""]"
twohopfact,352242,The mother of the singer of 'Maybe I'm Amazed' is named,Mary McCartney,"[""The singer of 'Maybe I'm Amazed' is"", ""The mother of Paul McCartney is named""]","[""Paul McCartney|Sir Paul McCartney|Macca|James Paul McCartney"", ""Mary McCartney""]","[""Paul McCartney"", ""Mary McCartney""]"
twohopfact,352469,The mother of the singer of 'Bound 2' is named,Donda West,"[""The singer of 'Bound 2' is"", ""The mother of Kanye West is named""]","[""Kanye West|Kanye Omari West|Yeezy|Yeezus|Ye|Saint Pablo|Louis Vuitton Don|Ye West|Mr. West|Kanye|LeBron of Rhyme"", ""Donda West|Donda W.|mother of Kanye West|Momager""]","[""Kanye West"", ""Donda West.""]"
twohopfact,362717,The spouse of Barack Obama was born in the city of,Chicago,"[""The spouse of Barack Obama is"", ""Michelle Obama was born in the city of""]","[""Michelle Obama|Michelle LaVaughn Obama|Michelle Robinson|Michelle LaVaughn Robinson Obama|First Lady Michelle Obama"", ""Chicago|Chicago, Illinois|The Windy City|City by the Lake|The Queen of the West|Chi-Town|Chitown|The Second City|City of Chicago|City of Broad Shoulders|Chi-Raq|Chicago, IL""]","[""Michelle Obama"", ""Chicago.""]"
twohopfact,362807,The spouse of Jessica Biel was born in the city of,Memphis,"[""The spouse of Jessica Biel is"", ""Justin Timberlake was born in the city of""]","[""Justin Timberlake|Justin Ran|Justin Randall Timberlake"", ""Memphis|Memphis, Tennessee|Memphis, TN""]","[""Justin Timberlake"", ""Memphis""]"
twohopfact,381781,The spouse of Barack Obama was born in the country of,United States of America,"[""The spouse of Barack Obama is"", ""Michelle Obama was born in the country of""]","[""Michelle Obama|Michelle LaVaughn Obama|Michelle Robinson|Michelle LaVaughn Robinson Obama|First Lady Michelle Obama"", ""United States of America|the United States of America|America|U.S.A.|USA|U.S.|US|the US|the USA|US of A|the United States|U. S. A.|U. S.|the States|the U.S.|United States|US of America|the U.S.A.|the US of America|the US of A|the U.S. of A|the U.S. of America|U.S. of America|Merica""]","[""Michelle Obama"", ""United States""]"
twohopfact,381784,The spouse of Volodymyr Zelenskyy was born in the country of,Ukraine,"[""The spouse of Volodymyr Zelenskyy is"", ""Olena Zelenska was born in the country of""]","[""Olena Zelenska|Olena Kiyashko|Olena Volodymyrivna Zelenska|Olena Kyiashko|Olena Volodymyrivna Kyiashko|Elena Vladimirovna Zelenskaya|Elena Kiyashko|Elena Vladimirovna Kiyashko"", ""Ukraine|UA|UKR|Ukrainia|🇺🇦|Ukr.|Ukraina|the Ukraine|Ukraïna|Urkrain""]","[""Olena Zelenska"", ""Ukraine""]"
twohopfact,381787,The spouse of Jimmy Carter was born in the country of,United States of America,"[""The spouse of Jimmy Carter is"", ""Rosalynn Carter was born in the country of""]","[""Rosalynn Carter|Eleanor Rosalynn Smith Carter|Rosalynn Smith|Eleanor Rosalynn Carter|Eleanor Rosalynn Smith|Eleanor Smith|Rosalynn Smith Carter|Eleanor Carter"", ""United States of America|the United States of America|America|U.S.A.|USA|U.S.|US|the US|the USA|US of A|the United States|U. S. A.|U. S.|the States|the U.S.|United States|US of America|the U.S.A.|the US of America|the US of A|the U.S. of A|the U.S. of America|U.S. of America|Merica""]","[""Rosalynn Carter"", ""United States""]"
twohopfact,381789,The spouse of Justin Bieber was born in the country of,United States of America,"[""The spouse of Justin Bieber is"", ""Hailey Bieber was born in the country of""]","[""Hailey Bieber|Hailey Rhode Bieber|Hailey Rhode Baldwin|Hailey Rhode|Hailey R. Bieber|Hailey R. Baldwin|Hailey Rhode-Bieber|Hailey Rhode-Baldwin|Hailey Rhode Baldwin Bieber|Hailey Baldwin Bieber|Hailey Baldwin"", ""United States of America|the United States of America|America|U.S.A.|USA|U.S.|US|the US|the USA|US of A|the United States|U. S. A.|U. S.|the States|the U.S.|United States|US of America|the U.S.A.|the US of America|the US of A|the U.S. of A|the U.S. of America|U.S. of America|Merica""]","[""Hailey Baldwin"", ""United States""]"
twohopfact,381793,The spouse of Mark Zuckerberg was born in the country of,United States of America,"[""The spouse of Mark Zuckerberg is"", ""Priscilla Chan was born in the country of""]","[""Priscilla Chan"", ""United States of America|the United States of America|America|U.S.A.|USA|U.S.|US|the US|the USA|US of A|the United States|U. S. A.|U. S.|the States|the U.S.|United States|US of America|the U.S.A.|the US of America|the US of A|the U.S. of A|the U.S. of America|U.S. of America|Merica""]","[""Priscilla Chan"", ""United States""]"
twohopfact,381799,The spouse of Will Smith was born in the country of,United States of America,"[""The spouse of Will Smith is"", ""Jada Pinkett Smith was born in the country of""]","[""Jada Pinkett Smith|Jada Koren Pinkett Smith|Jada Koren|Jada Pinkett|Jada Pinkett-Smith"", ""United States of America|the United States of America|America|U.S.A.|USA|U.S.|US|the US|the USA|US of A|the United States|U. S. A.|U. S.|the States|the U.S.|United States|US of America|the U.S.A.|the US of America|the US of A|the U.S. of A|the U.S. of America|U.S. of America|Merica""]","[""Jada Pinkett Smith"", ""United States""]"
twohopfact,381800,The spouse of Justin Trudeau was born in the country of,Canada,"[""The spouse of Justin Trudeau is"", ""Sophie Grégoire was born in the country of""]","[""Sophie Grégoire|Sophie Gregoire|Sophie Grégoire Trudeau|Sophie Trudeau"", ""Canada|CAN|CA""]","[""Sophie Grégoire"", ""I don't have information on a person named Sophie Grégoire being born in a specific country. Can you provide more context or details about who Sophie Grégoire is?""]"
twohopfact,381811,The spouse of Amitabh Bachchan was born in the country of,India,"[""The spouse of Amitabh Bachchan is"", ""Jaya Bachchan was born in the country of""]","[""Jaya Bachchan|Jaya Bhaduri Bachchan"", ""India|Republic of India|Bharat|Bharatvarsh|Hindustan|IN|IND|🇮🇳|Bharata|Hindoostan|Indostan|Bharat Ganarajya""]","[""Jaya Bachchan"", ""India""]"
twohopfact,381860,The spouse of Edward I of England was born in the country of,France,"[""The spouse of Edward I of England is"", ""Margaret of France was born in the country of""]","[""Margaret of France"", ""France|fr|Republic of France|French Republic|FRA|the Hexagon""]","[""Margaret of France"", ""France""]"
twohopfact,381971,The spouse of Virat Kohli was born in the country of,India,"[""The spouse of Virat Kohli is"", ""Anushka Sharma was born in the country of""]","[""Anushka Sharma"", ""India|Republic of India|Bharat|Bharatvarsh|Hindustan|IN|IND|🇮🇳|Bharata|Hindoostan|Indostan|Bharat Ganarajya""]","[""Anushka Sharma"", ""India""]"
twohopfact,382059,The spouse of The Miz was born in the country of,Canada,"[""The spouse of The Miz is"", ""Maryse Mizanin was born in the country of""]","[""Maryse Mizanin|Maryse (wrestler)|Maryse Ouellet|Maryse Ouellet Mizanin|Maryse"", ""Canada|CAN|CA""]","[""Mary Sefton"", ""Canada""]"
twohopfact,382068,The spouse of Hailey Bieber was born in the country of,Canada,"[""The spouse of Hailey Bieber is"", ""Justin Bieber was born in the country of""]","[""Justin Bieber|Justin Drew Bieber"", ""Canada|CAN|CA""]","[""Justin Bieber"", ""Canada""]"
twohopfact,400899,The father of the spouse of Justin Bieber is named,Stephen Baldwin,"[""The spouse of Justin Bieber is"", ""The father of Hailey Bieber is named""]","[""Hailey Bieber|Hailey Rhode Bieber|Hailey Rhode Baldwin|Hailey Rhode|Hailey R. Bieber|Hailey R. Baldwin|Hailey Rhode-Bieber|Hailey Rhode-Baldwin|Hailey Rhode Baldwin Bieber|Hailey Baldwin Bieber|Hailey Baldwin"", ""Stephen Baldwin|Stephen Andrew Baldwin""]","[""Hailey Baldwin"", ""Stephen Baldwin.""]"
twohopfact,400933,"The father of the spouse of Prince Harry, Duke of Sussex is named",Thomas Markle,"[""The spouse of Prince Harry, Duke of Sussex is"", ""The father of Meghan, Duchess of Sussex is named""]","[""Meghan, Duchess of Sussex|Rachel Meghan Markle|Meghan Markle|Duchess Meghan|Meghan Sussex|Rachel Markle|Duchess Rachel|Rachel Sussex"", ""Thomas Markle|Thomas Wayne Markle|Thomas W. Markle|Tom Markle""]","[""Meghan Markle"", ""Thomas Markle.""]"
twohopfact,403450,The mother of the spouse of Aishwarya Rai Bachchan is named,Jaya Bachchan,"[""The spouse of Aishwarya Rai Bachchan is"", ""The mother of Abhishek Bachchan is named""]","[""Abhishek Bachchan|Abhishek A Bachchan|Abhishek Amitabh Bachchan"", ""Jaya Bachchan|Jaya Bhaduri Bachchan""]","[""Abhishek Bachchan"", ""Jaya Bachchan""]"
twohopfact,403457,"The mother of the spouse of Prince Harry, Duke of Sussex is named",Doria Ragland,"[""The spouse of Prince Harry, Duke of Sussex is"", ""The mother of Meghan, Duchess of Sussex is named""]","[""Meghan, Duchess of Sussex|Rachel Meghan Markle|Meghan Markle|Duchess Meghan|Meghan Sussex|Rachel Markle|Duchess Rachel|Rachel Sussex"", ""Doria Ragland|Doria Loyce Ragland|Doria Markle|Doria Loyce Markle""]","[""Meghan Markle"", ""Doria Ragland.""]"
twohopfact,403503,The mother of the spouse of Hailey Bieber is named,Pattie Mallette,"[""The spouse of Hailey Bieber is"", ""The mother of Justin Bieber is named""]","[""Justin Bieber|Justin Drew Bieber"", ""Pattie Mallette|Patricia Mallette""]","[""Justin Bieber"", ""Pattie Mallette""]"
twohopfact,404940,Jack Layton's undergrad university was founded by the person named,James McGill,"[""Jack Layton's undergrad university is"", ""McGill University was founded by the person named""]","[""McGill University|Royal institution of advanced learning|University of McGill College|McGill college|McGill|mcgill.ca"", ""James McGill""]","[""McGill University"", ""James McGill""]"
twohopfact,405134,Junuthula  N. Reddy's undergrad university was founded by the person named,"Osman Ali Khan, Asaf Jah VII","[""Junuthula  N. Reddy's undergrad university is"", ""Osmania University was founded by the person named""]","[""Osmania University"", ""Osman Ali Khan, Asaf Jah VII|Osman Ali Pasha|Asaf Jah 7|Nizam sarkar|7th nizam|Nizam VII|Osman Ali Khan|Mir Osman Ali khan|Sir Mir Osman Ali Khan""]","[""Osmania University"", ""Osman Ali Khan Mulla""]"
twohopfact,421802,Joe Biden's undergrad university has its headquarters in the city of,Newark,"[""Joe Biden's undergrad university is"", ""University of Delaware has its headquarters in the city of""]","[""University of Delaware|University of Delaware Emergency Care Unit|UD|Delaware College|udel.edu"", ""Newark|Newark, Delaware|Newark, DE""]","[""University of Delaware"", ""Newark.""]"
twohopfact,421838,Jill Biden's undergrad university has its headquarters in the city of,Newark,"[""Jill Biden's undergrad university is"", ""University of Delaware has its headquarters in the city of""]","[""University of Delaware|University of Delaware Emergency Care Unit|UD|Delaware College|udel.edu"", ""Newark|Newark, Delaware|Newark, DE""]","[""University of Delaware"", ""Newark.""]"
twohopfact,421839,William Gibson's undergrad university has its headquarters in the city of,Vancouver,"[""William Gibson's undergrad university is"", ""University of British Columbia has its headquarters in the city of""]","[""University of British Columbia|UBC|The University of British Columbia|McGill University College of British Columbia|ubc.ca|UBC Vancouver"", ""Vancouver|City of Vancouver|Vancouver, BC|Vancouver, British Columbia""]","[""University of British Columbia"", ""Vancouver.""]"
twohopfact,421840,Marvin Minsky's undergrad university has its headquarters in the city of,Cambridge,"[""Marvin Minsky's undergrad university is"", ""Harvard University has its headquarters in the city of""]","[""Harvard University|Harvard|University of Harvard|Harvard Graduate School|harvard.edu"", ""Cambridge|Cambridge, Massachusetts|Cambridge, MA""]","[""Harvard University"", ""Cambridge.""]"
twohopfact,421845,Jeb Bush's undergrad university has its headquarters in the city of,Austin,"[""Jeb Bush's undergrad university is"", ""University of Texas at Austin has its headquarters in the city of""]","[""University of Texas at Austin|UT-Austin|UT Austin|UT|University of Texas, Austin|utexas.edu|University of Texas|UTA|The University of Texas at Austin|TTexas Longhorns swimming and diving"", ""Austin|Austin, Texas|Austin, TX""]","[""University of Texas at Austin"", ""Austin.""]"
twohopfact,421908,Catherine Cortez Masto's undergrad university has its headquarters in the city of,Reno,"[""Catherine Cortez Masto's undergrad university is"", ""University of Nevada, Reno has its headquarters in the city of""]","[""University of Nevada, Reno|University of Nevada|Nevada State University|University of Nevada Reno|University of Nevada - Reno|State University of Nevada|UNR|unr.edu"", ""Reno|Reno, Nevada|Reno, NV""]","[""University of Nevada, Reno"", ""Reno""]"
twohopfact,421924,Jack Layton's undergrad university has its headquarters in the city of,Montreal,"[""Jack Layton's undergrad university is"", ""McGill University has its headquarters in the city of""]","[""McGill University|Royal institution of advanced learning|University of McGill College|McGill college|McGill|mcgill.ca"", ""Montreal|Montréal|City of Montreal|Ville de Montréal|Ville de Montreal|Montreal, Quebec|Montreal, Canada""]","[""McGill University"", ""Montreal.""]"
twohopfact,421980,Denton Cooley's undergrad university has its headquarters in the city of,Austin,"[""Denton Cooley's undergrad university is"", ""University of Texas at Austin has its headquarters in the city of""]","[""University of Texas at Austin|UT-Austin|UT Austin|UT|University of Texas, Austin|utexas.edu|University of Texas|UTA|The University of Texas at Austin|TTexas Longhorns swimming and diving"", ""Austin|Austin, Texas|Austin, TX""]","[""University of Texas at Austin"", ""Austin.""]"
twohopfact,422036,Karl Deisseroth's undergrad university has its headquarters in the city of,Cambridge,"[""Karl Deisseroth's undergrad university is"", ""Harvard University has its headquarters in the city of""]","[""Harvard University|Harvard|University of Harvard|Harvard Graduate School|harvard.edu"", ""Cambridge|Cambridge, Massachusetts|Cambridge, MA""]","[""Harvard University"", ""Cambridge.""]"
twohopfact,422049,Lucy Worsley's undergrad university has its headquarters in the city of,Oxford,"[""Lucy Worsley's undergrad university is"", ""University of Oxford has its headquarters in the city of""]","[""University of Oxford|Oxford University|Oxon.|Oxf|Universitas Oxoniensis|Oxford"", ""Oxford|Oxford, England""]","[""University of Oxford"", ""Oxford.""]"
twohopfact,422153,Mary Douglas Tindale's undergrad university has its headquarters in the city of,Sydney,"[""Mary Douglas Tindale's undergrad university is"", ""University of Sydney has its headquarters in the city of""]","[""University of Sydney|Sydney University|USyd|Sydney Uni|The University of Sydney"", ""Sydney|Sydney, Australia|Sydney, New South Wales, Australia|Sydney, New South Wales|Sydney, NSW, Australia|Sydney, NSW|Emerald City|Harbour City|Port Jackson|Greater Sydney|Sydney, N.S.W.|Gadi|Eora|Sydney, N. S. W.""]","[""University of Sydney"", ""Sydney""]"
twohopfact,422166,Adora Svitak's undergrad university has its headquarters in the city of,Berkeley,"[""Adora Svitak's undergrad university is"", ""University of California, Berkeley has its headquarters in the city of""]","[""University of California, Berkeley|University of California Berkeley|UC Berkeley|Berkeley|Cal|Univ. of California Berkeley|Cal-Berkeley|berkeley.edu|University of California at Berkeley|Berkeley University|UCB"", ""Berkeley|Berkeley, California|Bkly|Berkeley, CA|BURK""]","[""University of California, Berkeley"", ""Berkeley""]"
twohopfact,422167,David Nabarro's undergrad university has its headquarters in the city of,Oxford,"[""David Nabarro's undergrad university is"", ""University of Oxford has its headquarters in the city of""]","[""University of Oxford|Oxford University|Oxon.|Oxf|Universitas Oxoniensis|Oxford"", ""Oxford|Oxford, England""]","[""University of Oxford"", ""Oxford.""]"
twohopfact,422171,Diane Wakoski's undergrad university has its headquarters in the city of,Berkeley,"[""Diane Wakoski's undergrad university is"", ""University of California, Berkeley has its headquarters in the city of""]","[""University of California, Berkeley|University of California Berkeley|UC Berkeley|Berkeley|Cal|Univ. of California Berkeley|Cal-Berkeley|berkeley.edu|University of California at Berkeley|Berkeley University|UCB"", ""Berkeley|Berkeley, California|Bkly|Berkeley, CA|BURK""]","[""University of California, Berkeley"", ""Berkeley""]"
twohopfact,422206,Junuthula  N. Reddy's undergrad university has its headquarters in the city of,Hyderabad,"[""Junuthula  N. Reddy's undergrad university is"", ""Osmania University has its headquarters in the city of""]","[""Osmania University"", ""Hyderabad|City of Pearls|Hyderabad, India""]","[""Osmania University"", ""Hyderabad.""]"
twohopfact,422232,Kevin Plank's undergrad university has its headquarters in the city of,College Park,"[""Kevin Plank's undergrad university is"", ""University of Maryland has its headquarters in the city of""]","[""University of Maryland|The University of Maryland|UM|UMD|UMCP|University of Maryland at College Park|University of Maryland, College Park|Maryland State College|umd.edu"", ""College Park|College Park, Maryland|College Park, MD""]","[""University of Maryland"", ""College Park.""]"
twohopfact,422298,Wab Kinew's undergrad university has its headquarters in the city of,Winnipeg,"[""Wab Kinew's undergrad university is"", ""University of Manitoba has its headquarters in the city of""]","[""University of Manitoba|umanitoba.ca"", ""Winnipeg|Winnipeg, Manitoba|City of Winnipeg|Winnipeg, MB""]","[""University of Manitoba"", ""Winnipeg.""]"
twohopfact,422402,Nikki Fried's undergrad university has its headquarters in the city of,Gainesville,"[""Nikki Fried's undergrad university is"", ""University of Florida has its headquarters in the city of""]","[""University of Florida|UF|University of the State of Florida|Florida University|ufl.edu"", ""Gainesville|Gainesville, Florida|Gainesville, FL""]","[""University of Florida"", ""Gainesville.""]"
twohopfact,422529,Annie Webb Blanton's undergrad university has its headquarters in the city of,Austin,"[""Annie Webb Blanton's undergrad university is"", ""University of Texas at Austin has its headquarters in the city of""]","[""University of Texas at Austin|UT-Austin|UT Austin|UT|University of Texas, Austin|utexas.edu|University of Texas|UTA|The University of Texas at Austin|TTexas Longhorns swimming and diving"", ""Austin|Austin, Texas|Austin, TX""]","[""University of Texas at Austin"", ""Austin.""]"
twohopfact,422549,Winthrop Jordan's undergrad university has its headquarters in the city of,Cambridge,"[""Winthrop Jordan's undergrad university is"", ""Harvard University has its headquarters in the city of""]","[""Harvard University|Harvard|University of Harvard|Harvard Graduate School|harvard.edu"", ""Cambridge|Cambridge, Massachusetts|Cambridge, MA""]","[""Harvard University"", ""Cambridge.""]"
twohopfact,422755,Charles Allerton Coolidge's undergrad university has its headquarters in the city of,Cambridge,"[""Charles Allerton Coolidge's undergrad university is"", ""Harvard University has its headquarters in the city of""]","[""Harvard University|Harvard|University of Harvard|Harvard Graduate School|harvard.edu"", ""Cambridge|Cambridge, Massachusetts|Cambridge, MA""]","[""Harvard University"", ""Cambridge.""]"
twohopfact,422764,Stanford Lyman's undergrad university has its headquarters in the city of,Berkeley,"[""Stanford Lyman's undergrad university is"", ""University of California, Berkeley has its headquarters in the city of""]","[""University of California, Berkeley|University of California Berkeley|UC Berkeley|Berkeley|Cal|Univ. of California Berkeley|Cal-Berkeley|berkeley.edu|University of California at Berkeley|Berkeley University|UCB"", ""Berkeley|Berkeley, California|Bkly|Berkeley, CA|BURK""]","[""University of California, Berkeley"", ""Berkeley""]"
twohopfact,422808,Duane Linklater's undergrad university has its headquarters in the city of,Edmonton,"[""Duane Linklater's undergrad university is"", ""University of Alberta has its headquarters in the city of""]","[""University of Alberta|Ualberta|UofA|ualberta.ca"", ""Edmonton|Edmonton, Alberta|Edmonton, AB|City of Edmonton""]","[""University of Alberta"", ""Edmonton.""]"
twohopfact,422901,George Cyril Bailey's undergrad university has its headquarters in the city of,Manchester,"[""George Cyril Bailey's undergrad university is"", ""Victoria University of Manchester has its headquarters in the city of""]","[""Victoria University of Manchester|Owens College|Owens College, Manchester|University of Manchester"", ""Manchester|Manchester, England|Manchester, UK|Cottonopolis|Warehouse City|Madchester|Capital of the North|Manchester, Lancashire""]","[""University of Manchester"", ""Manchester""]"
twohopfact,423098,Fergus William Campbell's undergrad university has its headquarters in the city of,Glasgow,"[""Fergus William Campbell's undergrad university is"", ""University of Glasgow has its headquarters in the city of""]","[""University of Glasgow|Glasgow University|Glasgow Uni|gla.ac.uk"", ""Glasgow|Glasgow, Scotland|Glasgow, UK""]","[""University of Glasgow"", ""Glasgow.""]"
twohopfact,423405,Gareth Martin Winrow's undergrad university has its headquarters in the city of,Oxford,"[""Gareth Martin Winrow's undergrad university is"", ""University of Oxford has its headquarters in the city of""]","[""University of Oxford|Oxford University|Oxon.|Oxf|Universitas Oxoniensis|Oxford"", ""Oxford|Oxford, England""]","[""University of Oxford"", ""Oxford.""]"
twohopfact,423421,Jamie Pleydell-Bouverie's undergrad university has its headquarters in the city of,Cambridge,"[""Jamie Pleydell-Bouverie's undergrad university is"", ""University of Cambridge has its headquarters in the city of""]","[""University of Cambridge|Cambridge University|Cambridge|Universitas Cantabrigiensis|The Chancellor, Masters, and Scholars of the University of Cambridge|The University of Cambridge"", ""Cambridge""]","[""University of Cambridge"", ""Cambridge.""]"
twohopfact,423482,Efstathios E. Michaelides's undergrad university has its headquarters in the city of,Oxford,"[""Efstathios E. Michaelides's undergrad university is"", ""University of Oxford has its headquarters in the city of""]","[""University of Oxford|Oxford University|Oxon.|Oxf|Universitas Oxoniensis|Oxford"", ""Oxford|Oxford, England""]","[""University of Oxford"", ""Oxford.""]"
twohopfact,443618,Joe Biden's undergrad university has its headquarters in the country of,United States of America,"[""Joe Biden's undergrad university is"", ""University of Delaware has its headquarters in the country of""]","[""University of Delaware|University of Delaware Emergency Care Unit|UD|Delaware College|udel.edu"", ""United States of America|the United States of America|America|U.S.A.|USA|U.S.|US|the US|the USA|US of A|the United States|U. S. A.|U. S.|the States|the U.S.|United States|US of America|the U.S.A.|the US of America|the US of A|the U.S. of A|the U.S. of America|U.S. of America|Merica""]","[""University of Delaware"", ""United States.""]"
twohopfact,443625,Justin Trudeau's undergrad university has its headquarters in the country of,Canada,"[""Justin Trudeau's undergrad university is"", ""McGill University has its headquarters in the country of""]","[""McGill University|Royal institution of advanced learning|University of McGill College|McGill college|McGill|mcgill.ca"", ""Canada|CAN|CA""]","[""McGill University"", ""Canada.""]"
twohopfact,443654,Jill Biden's undergrad university has its headquarters in the country of,United States of America,"[""Jill Biden's undergrad university is"", ""University of Delaware has its headquarters in the country of""]","[""University of Delaware|University of Delaware Emergency Care Unit|UD|Delaware College|udel.edu"", ""United States of America|the United States of America|America|U.S.A.|USA|U.S.|US|the US|the USA|US of A|the United States|U. S. A.|U. S.|the States|the U.S.|United States|US of America|the U.S.A.|the US of America|the US of A|the U.S. of A|the U.S. of America|U.S. of America|Merica""]","[""University of Delaware"", ""United States.""]"
twohopfact,443656,Marvin Minsky's undergrad university has its headquarters in the country of,United States of America,"[""Marvin Minsky's undergrad university is"", ""Harvard University has its headquarters in the country of""]","[""Harvard University|Harvard|University of Harvard|Harvard Graduate School|harvard.edu"", ""United States of America|the United States of America|America|U.S.A.|USA|U.S.|US|the US|the USA|US of A|the United States|U. S. A.|U. S.|the States|the U.S.|United States|US of America|the U.S.A.|the US of America|the US of A|the U.S. of A|the U.S. of America|U.S. of America|Merica""]","[""Harvard University"", ""United States.""]"
twohopfact,443661,Jeb Bush's undergrad university has its headquarters in the country of,United States of America,"[""Jeb Bush's undergrad university is"", ""University of Texas at Austin has its headquarters in the country of""]","[""University of Texas at Austin|UT-Austin|UT Austin|UT|University of Texas, Austin|utexas.edu|University of Texas|UTA|The University of Texas at Austin|TTexas Longhorns swimming and diving"", ""United States of America|the United States of America|America|U.S.A.|USA|U.S.|US|the US|the USA|US of A|the United States|U. S. A.|U. S.|the States|the U.S.|United States|US of America|the U.S.A.|the US of America|the US of A|the U.S. of A|the U.S. of America|U.S. of America|Merica""]","[""University of Texas at Austin"", ""United States""]"
twohopfact,443675,Mayim Bialik's undergrad university has its headquarters in the country of,United States of America,"[""Mayim Bialik's undergrad university is"", ""University of California, Los Angeles has its headquarters in the country of""]","[""University of California, Los Angeles|UCLA|UC Los Angeles|University of California-Los Angeles|Los Angeles University of California|University of California at Los Angeles|State Normal School at Los Angeles|University of California Southern Branch|University of California Los Angeles|ucla.edu"", ""United States of America|the United States of America|America|U.S.A.|USA|U.S.|US|the US|the USA|US of A|the United States|U. S. A.|U. S.|the States|the U.S.|United States|US of America|the U.S.A.|the US of America|the US of A|the U.S. of A|the U.S. of America|U.S. of America|Merica""]","[""University of California, Los Angeles (UCLA)"", ""United States.""]"
twohopfact,443724,Catherine Cortez Masto's undergrad university has its headquarters in the country of,United States of America,"[""Catherine Cortez Masto's undergrad university is"", ""University of Nevada, Reno has its headquarters in the country of""]","[""University of Nevada, Reno|University of Nevada|Nevada State University|University of Nevada Reno|University of Nevada - Reno|State University of Nevada|UNR|unr.edu"", ""United States of America|the United States of America|America|U.S.A.|USA|U.S.|US|the US|the USA|US of A|the United States|U. S. A.|U. S.|the States|the U.S.|United States|US of America|the U.S.A.|the US of America|the US of A|the U.S. of A|the U.S. of America|U.S. of America|Merica""]","[""University of Nevada, Reno"", ""United States.""]"
twohopfact,443740,Jack Layton's undergrad university has its headquarters in the country of,Canada,"[""Jack Layton's undergrad university is"", ""McGill University has its headquarters in the country of""]","[""McGill University|Royal institution of advanced learning|University of McGill College|McGill college|McGill|mcgill.ca"", ""Canada|CAN|CA""]","[""McGill University"", ""Canada.""]"
twohopfact,443758,Mona Simpson's undergrad university has its headquarters in the country of,United States of America,"[""Mona Simpson's undergrad university is"", ""University of California, Berkeley has its headquarters in the country of""]","[""University of California, Berkeley|University of California Berkeley|UC Berkeley|Berkeley|Cal|Univ. of California Berkeley|Cal-Berkeley|berkeley.edu|University of California at Berkeley|Berkeley University|UCB"", ""United States of America|the United States of America|America|U.S.A.|USA|U.S.|US|the US|the USA|US of A|the United States|U. S. A.|U. S.|the States|the U.S.|United States|US of America|the U.S.A.|the US of America|the US of A|the U.S. of A|the U.S. of America|U.S. of America|Merica""]","[""University of California, Berkeley"", ""United States.""]"
twohopfact,443796,Denton Cooley's undergrad university has its headquarters in the country of,United States of America,"[""Denton Cooley's undergrad university is"", ""University of Texas at Austin has its headquarters in the country of""]","[""University of Texas at Austin|UT-Austin|UT Austin|UT|University of Texas, Austin|utexas.edu|University of Texas|UTA|The University of Texas at Austin|TTexas Longhorns swimming and diving"", ""United States of America|the United States of America|America|U.S.A.|USA|U.S.|US|the US|the USA|US of A|the United States|U. S. A.|U. S.|the States|the U.S.|United States|US of America|the U.S.A.|the US of America|the US of A|the U.S. of A|the U.S. of America|U.S. of America|Merica""]","[""University of Texas at Austin"", ""United States.""]"
twohopfact,443846,Allan Alcorn's undergrad university has its headquarters in the country of,United States of America,"[""Allan Alcorn's undergrad university is"", ""University of California, Berkeley has its headquarters in the country of""]","[""University of California, Berkeley|University of California Berkeley|UC Berkeley|Berkeley|Cal|Univ. of California Berkeley|Cal-Berkeley|berkeley.edu|University of California at Berkeley|Berkeley University|UCB"", ""United States of America|the United States of America|America|U.S.A.|USA|U.S.|US|the US|the USA|US of A|the United States|U. S. A.|U. S.|the States|the U.S.|United States|US of America|the U.S.A.|the US of America|the US of A|the U.S. of A|the U.S. of America|U.S. of America|Merica""]","[""University of California, Berkeley"", ""United States""]"
twohopfact,443866,Lucy Worsley's undergrad university has its headquarters in the country of,United Kingdom,"[""Lucy Worsley's undergrad university is"", ""University of Oxford has its headquarters in the country of""]","[""University of Oxford|Oxford University|Oxon.|Oxf|Universitas Oxoniensis|Oxford"", ""United Kingdom|🇬🇧|UK|United Kingdom of Great Britain and Northern Ireland|U.K.|GBR|GB|U. K.|U K|G.B.|G. B.|G B|Great Britain|G.B.R.|G B R|Britain|Great Britain and Northern Ireland|The United Kingdom of Great Britain and Northern Ireland|The UK""]","[""University of Oxford"", ""United Kingdom""]"
twohopfact,443969,Mary Douglas Tindale's undergrad university has its headquarters in the country of,Australia,"[""Mary Douglas Tindale's undergrad university is"", ""University of Sydney has its headquarters in the country of""]","[""University of Sydney|Sydney University|USyd|Sydney Uni|The University of Sydney"", ""Australia|Commonwealth of Australia|AU|AUS|🇦🇺|Straya|Aussieland|Oz|Stralia|New Holland|New Hollandia|Nova Hollandia|Down Under""]","[""University of Sydney"", ""Australia""]"
twohopfact,443982,Adora Svitak's undergrad university has its headquarters in the country of,United States of America,"[""Adora Svitak's undergrad university is"", ""University of California, Berkeley has its headquarters in the country of""]","[""University of California, Berkeley|University of California Berkeley|UC Berkeley|Berkeley|Cal|Univ. of California Berkeley|Cal-Berkeley|berkeley.edu|University of California at Berkeley|Berkeley University|UCB"", ""United States of America|the United States of America|America|U.S.A.|USA|U.S.|US|the US|the USA|US of A|the United States|U. S. A.|U. S.|the States|the U.S.|United States|US of America|the U.S.A.|the US of America|the US of A|the U.S. of A|the U.S. of America|U.S. of America|Merica""]","[""University of California, Berkeley"", ""United States""]"
twohopfact,443985,David Nabarro's undergrad university has its headquarters in the country of,United Kingdom,"[""David Nabarro's undergrad university is"", ""University of Oxford has its headquarters in the country of""]","[""University of Oxford|Oxford University|Oxon.|Oxf|Universitas Oxoniensis|Oxford"", ""United Kingdom|🇬🇧|UK|United Kingdom of Great Britain and Northern Ireland|U.K.|GBR|GB|U. K.|U K|G.B.|G. B.|G B|Great Britain|G.B.R.|G B R|Britain|Great Britain and Northern Ireland|The United Kingdom of Great Britain and Northern Ireland|The UK""]","[""University of Oxford"", ""United Kingdom""]"
twohopfact,443987,Diane Wakoski's undergrad university has its headquarters in the country of,United States of America,"[""Diane Wakoski's undergrad university is"", ""University of California, Berkeley has its headquarters in the country of""]","[""University of California, Berkeley|University of California Berkeley|UC Berkeley|Berkeley|Cal|Univ. of California Berkeley|Cal-Berkeley|berkeley.edu|University of California at Berkeley|Berkeley University|UCB"", ""United States of America|the United States of America|America|U.S.A.|USA|U.S.|US|the US|the USA|US of A|the United States|U. S. A.|U. S.|the States|the U.S.|United States|US of America|the U.S.A.|the US of America|the US of A|the U.S. of A|the U.S. of America|U.S. of America|Merica""]","[""University of California, Berkeley"", ""United States.""]"
twohopfact,444027,Junuthula  N. Reddy's undergrad university has its headquarters in the country of,India,"[""Junuthula  N. Reddy's undergrad university is"", ""Osmania University has its headquarters in the country of""]","[""Osmania University"", ""India|Republic of India|Bharat|Bharatvarsh|Hindustan|IN|IND|🇮🇳|Bharata|Hindoostan|Indostan|Bharat Ganarajya""]","[""Osmania University"", ""India""]"
twohopfact,444051,Kevin Plank's undergrad university has its headquarters in the country of,United States of America,"[""Kevin Plank's undergrad university is"", ""University of Maryland has its headquarters in the country of""]","[""University of Maryland|The University of Maryland|UM|UMD|UMCP|University of Maryland at College Park|University of Maryland, College Park|Maryland State College|umd.edu"", ""United States of America|the United States of America|America|U.S.A.|USA|U.S.|US|the US|the USA|US of A|the United States|U. S. A.|U. S.|the States|the U.S.|United States|US of America|the U.S.A.|the US of America|the US of A|the U.S. of A|the U.S. of America|U.S. of America|Merica""]","[""University of Maryland"", ""United States.""]"
twohopfact,444115,Wab Kinew's undergrad university has its headquarters in the country of,Canada,"[""Wab Kinew's undergrad university is"", ""University of Manitoba has its headquarters in the country of""]","[""University of Manitoba|umanitoba.ca"", ""Canada|CAN|CA""]","[""University of Manitoba"", ""Canada""]"
twohopfact,444215,Nikki Fried's undergrad university has its headquarters in the country of,United States of America,"[""Nikki Fried's undergrad university is"", ""University of Florida has its headquarters in the country of""]","[""University of Florida|UF|University of the State of Florida|Florida University|ufl.edu"", ""United States of America|the United States of America|America|U.S.A.|USA|U.S.|US|the US|the USA|US of A|the United States|U. S. A.|U. S.|the States|the U.S.|United States|US of America|the U.S.A.|the US of America|the US of A|the U.S. of A|the U.S. of America|U.S. of America|Merica""]","[""University of Florida"", ""United States.""]"
twohopfact,444367,Winthrop Jordan's undergrad university has its headquarters in the country of,United States of America,"[""Winthrop Jordan's undergrad university is"", ""Harvard University has its headquarters in the country of""]","[""Harvard University|Harvard|University of Harvard|Harvard Graduate School|harvard.edu"", ""United States of America|the United States of America|America|U.S.A.|USA|U.S.|US|the US|the USA|US of A|the United States|U. S. A.|U. S.|the States|the U.S.|United States|US of America|the U.S.A.|the US of America|the US of A|the U.S. of A|the U.S. of America|U.S. of America|Merica""]","[""Harvard University"", ""United States""]"
twohopfact,444574,Charles Allerton Coolidge's undergrad university has its headquarters in the country of,United States of America,"[""Charles Allerton Coolidge's undergrad university is"", ""Harvard University has its headquarters in the country of""]","[""Harvard University|Harvard|University of Harvard|Harvard Graduate School|harvard.edu"", ""United States of America|the United States of America|America|U.S.A.|USA|U.S.|US|the US|the USA|US of A|the United States|U. S. A.|U. S.|the States|the U.S.|United States|US of America|the U.S.A.|the US of America|the US of A|the U.S. of A|the U.S. of America|U.S. of America|Merica""]","[""Harvard University"", ""United States""]"
twohopfact,444575,Stanford Lyman's undergrad university has its headquarters in the country of,United States of America,"[""Stanford Lyman's undergrad university is"", ""University of California, Berkeley has its headquarters in the country of""]","[""University of California, Berkeley|University of California Berkeley|UC Berkeley|Berkeley|Cal|Univ. of California Berkeley|Cal-Berkeley|berkeley.edu|University of California at Berkeley|Berkeley University|UCB"", ""United States of America|the United States of America|America|U.S.A.|USA|U.S.|US|the US|the USA|US of A|the United States|U. S. A.|U. S.|the States|the U.S.|United States|US of America|the U.S.A.|the US of America|the US of A|the U.S. of A|the U.S. of America|U.S. of America|Merica""]","[""University of California, Berkeley"", ""United States""]"
twohopfact,445300,Efstathios E. Michaelides's undergrad university has its headquarters in the country of,United Kingdom,"[""Efstathios E. Michaelides's undergrad university is"", ""University of Oxford has its headquarters in the country of""]","[""University of Oxford|Oxford University|Oxon.|Oxf|Universitas Oxoniensis|Oxford"", ""United Kingdom|🇬🇧|UK|United Kingdom of Great Britain and Northern Ireland|U.K.|GBR|GB|U. K.|U K|G.B.|G. B.|G B|Great Britain|G.B.R.|G B R|Britain|Great Britain and Northern Ireland|The United Kingdom of Great Britain and Northern Ireland|The UK""]","[""University of Oxford"", ""United Kingdom""]"
twohopfact,465480,The university founded by Joseph Wharton has its headquarters in the city of,Philadelphia,"[""The university founded by Joseph Wharton is"", ""The Wharton School has its headquarters in the city of""]","[""The Wharton School|Wharton School|Wharton School of Business|Wharton|University of Pennsylvania Wharton School|Wharton School of the University of Pennsylvania|Wharton Business School"", ""Philadelphia|Philly|City of Brotherly Love|Cradle of Liberty|Philadelphia, Pennsylvania|City of Philadelphia|Philadelphia, PA|Philadelphia, Pa.""]","[""Wharton College of Engineering"", ""Philadelphia.""]"
twohopfact,465484,The university founded by Massachusetts General Court has its headquarters in the city of,Cambridge,"[""The university founded by Massachusetts General Court is"", ""Harvard University has its headquarters in the city of""]","[""Harvard University|Harvard|University of Harvard|Harvard Graduate School|harvard.edu"", ""Cambridge|Cambridge, Massachusetts|Cambridge, MA""]","[""Harvard University"", ""Cambridge.""]"
twohopfact,465491,The university founded by Brigham Young has its headquarters in the city of,Provo,"[""The university founded by Brigham Young is"", ""Brigham Young University has its headquarters in the city of""]","[""Brigham Young University|BYU|The Y"", ""Provo|Provo, Utah|Provo, UT""]","[""Brigham Young University (BYU)."", ""Provo.""]"
twohopfact,465504,The university founded by James Buchanan Duke has its headquarters in the city of,Durham,"[""The university founded by James Buchanan Duke is"", ""Duke University has its headquarters in the city of""]","[""Duke University|Duke|duke.edu|Duke U|Visroom"", ""Durham|Durham, North Carolina|Durham, NC""]","[""Duke University"", ""Durham.""]"
twohopfact,465522,The university founded by François de Laval has its headquarters in the city of,Quebec City,"[""The university founded by François de Laval is"", ""Laval University has its headquarters in the city of""]","[""Laval University|Université Laval|ulaval.ca"", ""Quebec City|Quebec|Ville de Québec|Québec|City of Québec|City of Quebec|Ville de Quebec|3rd Summit of the Americas|Quebec, Quebec|Québec, Québec""]","[""Laval University"", ""Quebec City""]"
twohopfact,465526,The university founded by George IV of the United Kingdom has its headquarters in the city of,London,"[""The university founded by George IV of the United Kingdom is"", ""King's College London has its headquarters in the city of""]","[""King's College London|Kings College London|King's|KCL"", ""London|London, UK|London, United Kingdom|London, England|London UK|London U.K.|Greater London|Londinium|Loñ|Lundenwic|Londinio|Londini|Londiniensium|Augusta|Trinovantum|Kaerlud|Karelundein|Lunden|Big Smoke|the Big Smoke|Lundenburh|Lundenburgh|Llyn Dain|Llan Dian|Londinion|Loniniensi|Lon.|Loñ.|Lond.|LDN""]","[""King's College London"", ""London.""]"
twohopfact,465528,The university founded by Jakob Ulvsson has its headquarters in the city of,Uppsala,"[""The university founded by Jakob Ulvsson is"", ""Uppsala University has its headquarters in the city of""]","[""Uppsala University|Uppsala universitet|uu.se|University of Uppsala"", ""Uppsala|Upsala""]","[""Uppsala University"", ""Uppsala""]"
twohopfact,465532,The university founded by Wilhelm von Humboldt has its headquarters in the city of,Berlin,"[""The university founded by Wilhelm von Humboldt is"", ""Humboldt University of Berlin has its headquarters in the city of""]","[""Humboldt University of Berlin|Humboldt-Universität zu Berlin|Universitas Humboldtiana Berolinensis|University of Berlin|HU Berlin|Universität zu Berlin|Humboldt University|UBER"", ""Berlin|Berlin, Germany|Berlin (Germany)|DE-BE""]","[""Humboldt University of Berlin"", ""Berlin""]"
twohopfact,465536,"The university founded by Osman Ali Khan, Asaf Jah VII has its headquarters in the city of",Hyderabad,"[""The university founded by Osman Ali Khan, Asaf Jah VII is"", ""Osmania University has its headquarters in the city of""]","[""Osmania University"", ""Hyderabad|City of Pearls|Hyderabad, India""]","[""Osmania University"", ""Hyderabad.""]"
twohopfact,465558,The university founded by Charles IV has its headquarters in the city of,Prague,"[""The university founded by Charles IV is"", ""Charles University has its headquarters in the city of""]","[""Charles University|Univerzita Karlova v Praze|Universitas Carolina|Univerzita Karlova|University of Prague|Karls-Universität Prag|Charles-Ferdinand University|cuni.cz"", ""Prague|Praha|Hlavní město Praha|City of Prague""]","[""Charles University in Prague."", ""Prague""]"
twohopfact,466224,The university founded by Joseph Wharton has its headquarters in the country of,United States of America,"[""The university founded by Joseph Wharton is"", ""The Wharton School has its headquarters in the country of""]","[""The Wharton School|Wharton School|Wharton School of Business|Wharton|University of Pennsylvania Wharton School|Wharton School of the University of Pennsylvania|Wharton Business School"", ""United States of America|the United States of America|America|U.S.A.|USA|U.S.|US|the US|the USA|US of A|the United States|U. S. A.|U. S.|the States|the U.S.|United States|US of America|the U.S.A.|the US of America|the US of A|the U.S. of A|the U.S. of America|U.S. of America|Merica""]","[""Wharton College of Engineering"", ""United States""]"
twohopfact,466227,The university founded by James McGill has its headquarters in the country of,Canada,"[""The university founded by James McGill is"", ""McGill University has its headquarters in the country of""]","[""McGill University|Royal institution of advanced learning|University of McGill College|McGill college|McGill|mcgill.ca"", ""Canada|CAN|CA""]","[""McGill University"", ""Canada.""]"
twohopfact,466228,The university founded by Massachusetts General Court has its headquarters in the country of,United States of America,"[""The university founded by Massachusetts General Court is"", ""Harvard University has its headquarters in the country of""]","[""Harvard University|Harvard|University of Harvard|Harvard Graduate School|harvard.edu"", ""United States of America|the United States of America|America|U.S.A.|USA|U.S.|US|the US|the USA|US of A|the United States|U. S. A.|U. S.|the States|the U.S.|United States|US of America|the U.S.A.|the US of America|the US of A|the U.S. of A|the U.S. of America|U.S. of America|Merica""]","[""Harvard University"", ""United States.""]"
twohopfact,466235,The university founded by Brigham Young has its headquarters in the country of,United States of America,"[""The university founded by Brigham Young is"", ""Brigham Young University has its headquarters in the country of""]","[""Brigham Young University|BYU|The Y"", ""United States of America|the United States of America|America|U.S.A.|USA|U.S.|US|the US|the USA|US of A|the United States|U. S. A.|U. S.|the States|the U.S.|United States|US of America|the U.S.A.|the US of America|the US of A|the U.S. of A|the U.S. of America|U.S. of America|Merica""]","[""Brigham Young University (BYU)."", ""United States.""]"
twohopfact,466248,The university founded by James Buchanan Duke has its headquarters in the country of,United States of America,"[""The university founded by James Buchanan Duke is"", ""Duke University has its headquarters in the country of""]","[""Duke University|Duke|duke.edu|Duke U|Visroom"", ""United States of America|the United States of America|America|U.S.A.|USA|U.S.|US|the US|the USA|US of A|the United States|U. S. A.|U. S.|the States|the U.S.|United States|US of America|the U.S.A.|the US of America|the US of A|the U.S. of A|the U.S. of America|U.S. of America|Merica""]","[""Duke University"", ""United States.""]"
twohopfact,466267,The university founded by François de Laval has its headquarters in the country of,Canada,"[""The university founded by François de Laval is"", ""Laval University has its headquarters in the country of""]","[""Laval University|Université Laval|ulaval.ca"", ""Canada|CAN|CA""]","[""Laval University"", ""Canada""]"
twohopfact,466270,The university founded by George IV of the United Kingdom has its headquarters in the country of,United Kingdom,"[""The university founded by George IV of the United Kingdom is"", ""King's College London has its headquarters in the country of""]","[""King's College London|Kings College London|King's|KCL"", ""United Kingdom|🇬🇧|UK|United Kingdom of Great Britain and Northern Ireland|U.K.|GBR|GB|U. K.|U K|G.B.|G. B.|G B|Great Britain|G.B.R.|G B R|Britain|Great Britain and Northern Ireland|The United Kingdom of Great Britain and Northern Ireland|The UK""]","[""King's College London"", ""United Kingdom""]"
twohopfact,466276,The university founded by Wilhelm von Humboldt has its headquarters in the country of,Germany,"[""The university founded by Wilhelm von Humboldt is"", ""Humboldt University of Berlin has its headquarters in the country of""]","[""Humboldt University of Berlin|Humboldt-Universität zu Berlin|Universitas Humboldtiana Berolinensis|University of Berlin|HU Berlin|Universität zu Berlin|Humboldt University|UBER"", ""Germany|Federal Republic of Germany|Deutschland|GER|BR Deutschland|DE|BRD|Bundesrepublik Deutschland|GFR""]","[""Humboldt University of Berlin"", ""Germany""]"
twohopfact,466280,"The university founded by Osman Ali Khan, Asaf Jah VII has its headquarters in the country of",India,"[""The university founded by Osman Ali Khan, Asaf Jah VII is"", ""Osmania University has its headquarters in the country of""]","[""Osmania University"", ""India|Republic of India|Bharat|Bharatvarsh|Hindustan|IN|IND|🇮🇳|Bharata|Hindoostan|Indostan|Bharat Ganarajya""]","[""Osmania University"", ""India""]"
twohopfact,466286,The university founded by Alexandru Ioan Cuza has its headquarters in the country of,Romania,"[""The university founded by Alexandru Ioan Cuza is"", ""University of Bucharest has its headquarters in the country of""]","[""University of Bucharest|Universitatea din București|UB|Universitatea din Bucureşti|Universitatea Bucureşti|Bucharest University|UniBuc"", ""Romania|Roumania|Rumania|România|ro|🇷🇴""]","[""Istria University of Bucharest"", ""Romania""]"
twohopfact,466302,The university founded by Charles IV has its headquarters in the country of,Czech Republic,"[""The university founded by Charles IV is"", ""Charles University has its headquarters in the country of""]","[""Charles University|Univerzita Karlova v Praze|Universitas Carolina|Univerzita Karlova|University of Prague|Karls-Universität Prag|Charles-Ferdinand University|cuni.cz"", ""Czech Republic|CZR|Česko|Česká republika|ČR|CZE|CZ|Czechia""]","[""Charles University in Prague"", ""Czech Republic""]"
