row_id,full_question,final_ground_truth,step1_question,step1_ground_truth,step1_response,step2_question,step2_ground_truth,step2_response
2hop__46304_83854,When did the country formerly known as Zaire become independent?,1960,zaire is the former name of which african nation,the Democratic Republic of the Congo,Democratic Republic of Congo,when did the Democratic Republic of the Congo become independent,1960,"December 30, 1960"
2hop__24612_98103,What conflict involved the most famous Confederacy army?,American Civil War,What was the name of the Confederacys most famous army?,Army of Northern Virginia,The Army of Northern Virginia.,What conflict involved Army of Northern Virginia ?,American Civil War,The American Civil War.
2hop__14169_159501,When did the person who admitted that Apple was late to the party with writeable CD technology die?,2011,Who admitted that Apple was late to the party with writable CD technology?,Steve Jobs,Steve Jobs,When did Steve Jobs die?,2011,"October 5, 2011"
2hop__76088_79129,"Who does the actor that played the hitman in The Hitman's Bodyguard, play in The Avengers?",Nick Fury,who plays the hitman in the hitman's bodyguard,Samuel L. Jackson,Samuel L. Jackson,who does Samuel L. Jackson play in the avengers,Nick Fury,Nick Fury
2hop__95350_79129,Who does the cast member from Snakes on a Plane play in The Avengers?,Nick Fury,Who are the cast members of Snakes on a Plane?,Samuel L. Jackson,"Dwayne Johnson, Samuel L. Jackson, and Wendy Raquel Robinson.",who does Samuel L. Jackson play in the avengers,Nick Fury,Nick Fury
2hop__73501_31112,In what year was the psychologist who founded functional psychology born?,1842,who founded the school of functionalism and what were its primary beliefs,William James,William James and John Dewey.,When was William James born?,1842,"October 11, 1842"
2hop__38555_631696,The author of Bonfire of the Vanities also wrote what famous non-fiction book?,The Electric Kool-Aid Acid Test,Who wrote 'Bonfire of the Vanities'?,Tom Wolfe,Tom Wolfe,Tom Wolfe >> notable work,The Electric Kool-Aid Acid Test,"""Bonfire of the Vanities"", ""The Electric Kool-Aid Acid Test"", and ""The Bonfire of the Vanities"""
2hop__419600_94210,Who designed the building where the Portrait of Guidobaldo da Montefeltro is on display?,Giorgio Vasari,Portrait of Guidobaldo da Montefeltro >> location,Uffizi,"Uffizi Gallery, Florence, Italy",Who was Uffizi designed by?,Giorgio Vasari,Giorgio Vasari
2hop__96782_94210,Who designed the place where Portrait of Francesco delle Opere can be found?,Giorgio Vasari,What is the name of the place where Portrait of Francesco delle Opere can be found?,Uffizi,"Uffizi Gallery in Florence, Italy",Who was Uffizi designed by?,Giorgio Vasari,Giorgio Vasari
2hop__96774_127733,What language is used in the place where Portrait of Bia de' Medici can be found?,Italian,What is the name of the place where Portrait of Bia de' Medici can be found?,Uffizi,"Uffizi Gallery in Florence, Italy.",What language is Uffizi in?,Italian,Italian
2hop__96774_94210,Who designed the place where the Portrait of Bia de' Medici can be found?,Giorgio Vasari,What is the name of the place where Portrait of Bia de' Medici can be found?,Uffizi,Uffizi Gallery,Who was Uffizi designed by?,Giorgio Vasari,Giorgio Vasari
2hop__96783_94210,Who designed the museum that has the Portrait of Guidobaldo da Montefeltro?,Giorgio Vasari,What is the name of the place where Portrait of Guidobaldo da Montefeltro can be found?,Uffizi,"Uffizi Gallery in Florence, Italy",Who was Uffizi designed by?,Giorgio Vasari,Giorgio Vasari
2hop__154228_727337,Where is the organization which sets the standards for ISO 31000 headquartered?,Geneva,Who set the standards for ISO 31000?,International Organization for Standardization,ISO/IEC 31000 is a standard that was developed by the International Organization for Standardization (ISO) and the International Electrotechnical Commission (IEC).,International Organization for Standardization >> headquarters location,Geneva,"Geneva, Switzerland"
2hop__154223_727337,What is the headquarters location of the organization that set the standards for ISO 14051?,Geneva,Who set the standards for ISO 14051?,International Organization for Standardization,The International Organization for Standardization (ISO) is responsible for setting the standards for ISO 14051.,International Organization for Standardization >> headquarters location,Geneva,"Geneva, Switzerland"
2hop__154490_727337,Where is the headquarters of the organization that set the standards for ISO 5776?,Geneva,Who set the standards for ISO 5776?,International Organization for Standardization,The International Organization for Standardization (ISO),International Organization for Standardization >> headquarters location,Geneva,"Geneva, Switzerland"
2hop__154485_727337,Where is the headquarters for the organization that set the standards for ISO 3307?,Geneva,Who set the standards for ISO 3307?,International Organization for Standardization,The International Organization for Standardization (ISO) is responsible for setting the standards for ISO 3307.,International Organization for Standardization >> headquarters location,Geneva,"Geneva, Switzerland"
2hop__154229_727337,Where is the headquarters of the organization that set the standards for ISO 3103?,Geneva,Who set the standards for ISO 3103?,International Organization for Standardization,The International Organization for Standardization (ISO),International Organization for Standardization >> headquarters location,Geneva,"Geneva, Switzerland"
2hop__154225_727337,What is the headquarters for the organization who sets the standards for ISO 21500?,Geneva,Who set the standards for ISO 21500?,International Organization for Standardization,The International Organization for Standardization (ISO) is responsible for setting the standards for ISO 21500.,International Organization for Standardization >> headquarters location,Geneva,"Geneva, Switzerland"
2hop__154227_727337,Where are the headquarters of the agency that sets the standards for ISO 26000?,Geneva,Who set the standards for ISO 26000?,International Organization for Standardization,The International Organization for Standardization (ISO) is responsible for setting the standards for ISO 26000.,International Organization for Standardization >> headquarters location,Geneva,"Geneva, Switzerland"
2hop__154360_727337,Where are the headquarters for the organization which sets the standards for ISO 965 located?,Geneva,Who set the standards for ISO 965?,International Organization for Standardization,The International Organization for Standardization (ISO) is responsible for setting the standards for ISO 965.,International Organization for Standardization >> headquarters location,Geneva,"Geneva, Switzerland"
2hop__2047_10984,What year was the start of the New York-based newspaper that has won the Pulitzer Prize for journalism?,1851,Which New York-based newspaper has won the Pulitzer Prize for journalism?,The New York Times,The New York Times,What year did The New York Times start?,1851,1851
2hop__856003_53910,Who was the U.S. president immediately after the conflict in which the HMS Nairana served?,Thomas Woodrow Wilson,HMS Nairana >> conflict,World War,HMS Nairana was involved in a naval battle during World War I.,who was president of the united states immediately following World War i,Thomas Woodrow Wilson,Woodrow Wilson
2hop__73587_65919,Who is the coach of the biggest university campus in the U.S.?,Scott Frost,what is the biggest university campus in the us,University of Central Florida,"University of Central Florida - 1,508 acres",who's the coach of University of Central Florida,Scott Frost,Scott Frost
2hop__149881_136477,What place is the setting of the novel where Lucy Westenra appeared?,Transylvania,The appearance of Lucy Westenra is seen in what work?,Dracula,Dracula.,Which place is Dracula in?,Transylvania,Transylvania.
2hop__92324_196273,The writer of most of the Declaration of Independence was a member of what political party?,Democratic-Republican Party,who wrote most of the declaration of independance,Thomas Jefferson,Thomas Jefferson,Thomas Jefferson >> member of political party,Democratic-Republican Party,Democratic-Republican Party
2hop__91831_196273,What political party did the man who became U.S. President in 1800 belong to?,Democratic-Republican Party,who became the president of usa in 1800,Thomas Jefferson,Thomas Jefferson,Thomas Jefferson >> member of political party,Democratic-Republican Party,Democratic-Republican Party
2hop__75762_196273,The 3rd president of the United States of America was a member of which political party?,Democratic-Republican Party,who was the 3rd president of the united states of america,Thomas Jefferson,Thomas Jefferson,Thomas Jefferson >> member of political party,Democratic-Republican Party,Democratic-Republican Party
2hop__149855_136477,What place is the setting of the fictional work that Abraham Van Helsing exists in?,Transylvania,What fictional work does Abraham Van Helsing exist in?,Dracula,Dracula (1931) by Bram Stoker,Which place is Dracula in?,Transylvania,Transylvania.
2hop__92951_196273,What political party did the man mostly responsible for writing the Declaration of Independence belong to?,Democratic-Republican Party,who is mostly responsible for writing the declaration of independence,Thomas Jefferson,Thomas Jefferson,Thomas Jefferson >> member of political party,Democratic-Republican Party,Democratic-Republican Party
2hop__734425_84079,Who was the king after Michal's spouse in the bible?,Solomon,Michal >> spouse,David,David,who was the king after David in the bible,Solomon,Solomon
2hop__75203_20093,In what year did the writer of Don't Stop Me Now by Queen die?,1991,who wrote don't stop me now by queen,Freddie Mercury,Freddie Mercury,In what year did Freddie Mercury die?,1991,1991
2hop__20112_20093,In what year was the death of the person who wrote the song Seven Seas of Rhye?,1991,Who wrote the song Seven Seas of Rhye?,Freddie Mercury,Freddie Mercury,In what year did Freddie Mercury die?,1991,1991
2hop__37477_5235,Whose life do people from the group accused of starting the Great Fire of 64 AD learn from?,Jesus Christ,What group was accused of starting the Great Fire of 64 AD?,Christians,The Christians.,Whose life do Christians learn from?,Jesus Christ,Jesus Christ.
2hop__37477_37793,What is the total world population of the group accused of starting the great fire of 64 AD?,approximately 2.4 billion,What group was accused of starting the Great Fire of 64 AD?,Christians,The Christians.,What is the total population of Christians in the world?,approximately 2.4 billion,"It's difficult to provide an exact figure for the total population of Christians in the world, as it varies depending on the source and methodology used to define Christianity. However, according to a 2020 report by the Pew Research Center, approximately 2.4 billion people identify as Christian, which is about 31% of the global population.

The majority of Christians are found in the following regions:

* Europe: 1.8 billion (24%)
* North America: 450 million (6%)
* South America: 250 million (3%)
* Africa: 150 million (2%)

It's worth noting that these numbers include"
2hop__831905_47878,When did East Germany and the country that hosted the 1965–66 season of the Bundesliga football league unite?,1990,1965–66 Fußball-Bundesliga >> country,West Germany,West Germany,when did east germany and West Germany unite,1990,"March 23, 1990"
2hop__52622_83216,When did the player with the most points in NBA history join the Cleveland Cavaliers?,2003,who has the most points in nba history career,LeBron James,LeBron James,when did LeBron James join the cleveland cavaliers,2003,2003-2010
2hop__56069_83216,When did the highest salaried NBA player join the Cleveland franchise?,2003,who is the highest paid athlete in the nba,LeBron James,LeBron James,when did LeBron James join the cleveland cavaliers,2003,2003
2hop__81363_83216,When did the highest paid athlete in North America join the Cleveland Cavaliers?,2003,who is the highest paid athlete in north america,LeBron James,LeBron James,when did LeBron James join the cleveland cavaliers,2003,2003-2010
2hop__52611_83216,When did the highest paid NBA player of 2016 join the Cleveland Cavaliers?,2003,who is the highest paid nba player in 2016,LeBron James,LeBron James,when did LeBron James join the cleveland cavaliers,2003,2003
2hop__35598_31102,When was the death of the person that was a friend and former student that Whitehead discussed the goals of science with?,1970,With what friend and former student did Whitehead correspond regarding the goals of science?,Bertrand Russell,Bertrand Russell,When did Bertrand Russell die?,1970,"November 2, 1970"
2hop__35598_31101,What is the birth date of the friend and former that Whitehead corresponded with regarding the goals of science?,1872,With what friend and former student did Whitehead correspond regarding the goals of science?,Bertrand Russell,Bertrand Russell,When was Bertrand Russell born?,1872,"November 18, 1872"
2hop__75664_86951,When did the highest paid NBA player get his first ring?,2015,who get paid the most in the nba,Stephen Curry,"The top 10 highest-paid NBA players for the 2022-2023 season are:

1. Stephen Curry - $44 million
2. Luka Doncic - $43 million
3. Kevin Durant - $42 million
4. Giannis Antetokounmpo - $41 million
5. Joel Embiid - $40 million
6. Damian Lillard - $39 million
7. James Harden - $38 million
8. Bradley Beal - $37 million
9. Nikola Jokić - $36 million
10. Jayson Tatum - $35 million",when did Stephen Curry get his first ring,2015,2015
2hop__35466_88461,Who won the Golden Boot in the 2014 edition of the event for which the FIFA Confederations Cups is usually considered a warm-up?,James Rodríguez,The FIFA Confederations Cups is usually considered a warm-up for what?,FIFA World Cup,The World Cup.,who won the golden boot in 2014 FIFA World Cup,James Rodríguez,James Rodríguez
2hop__34948_55369,What kind of plane dropped the bomb on the first Japanese city nuked by the United States?,Boeing B - 29 Superfortress bomber,What was the forst Japenese city nuked by the United States?,Hiroshima,Hiroshima,what kind of plane dropped the bomb on Hiroshima,Boeing B - 29 Superfortress bomber,The Boeing B-29 Superfortress.
2hop__78593_709757,In what field did the discoverer of natural selection work?,bio,who came up with the process of natural selection,Charles Darwin,Charles Darwin,Charles Darwin >> field of work,bio,Biology
2hop__41167_709757,What was the field of work of the famous evolutionist who was influenced by the book Principles of Geology?,bio,Which famous evolutionist was influenced by the book Principles of Geology?,Charles Darwin,Charles Darwin,Charles Darwin >> field of work,bio,Biology
2hop__21806_15755,In what year was the author of Two Treatises of Government born?,1632,Who was responsible for the work Two Treatises of Government?,John Locke,John Locke,In what year was John Locke born?,1632,1632
2hop__4499_15755,In what year was the Enlightenment thinker that supported the idea of separation of powers born?,1632,Which Enlightenment thinker supported the idea of separation of powers?,John Locke,John Locke,In what year was John Locke born?,1632,1632
2hop__85884_15755,What year was the person who proposed the concept the Bill of Rights is derived from born?,1632,the bill of rights derived from the concept of rights proposed by,John Locke,John Locke,In what year was John Locke born?,1632,1632
2hop__78083_188496,In what area is the birth place of the writer who wrote pyramus and thisbe in midsummer night dream located?,Stratford-upon-Avon,who wrote pyramus and thisbe in midsummer night dream,Shakespeare,William Shakespeare,Shakespeare 's Birthplace >> located in the administrative territorial entity,Stratford-upon-Avon,Shakespeare's Birthplace >> Stratford-upon-Avon
2hop__838537_125776,Who was the dad of the main subject of the Biographies of Mozart?,Leopold Mozart,Biographies of Mozart >> main subject,Wolfgang Amadeus Mozart,Wolfgang Amadeus Mozart,Who was the dad of Wolfgang Amadeus Mozart ?,Leopold Mozart,Leopold Mozart
2hop__234884_125776,Who impregnated the mother of the composer of the Mozart horn concertos?,Leopold Mozart,Mozart horn concertos >> composer,Wolfgang Amadeus Mozart,Wolfgang Amadeus Mozart,Who was the dad of Wolfgang Amadeus Mozart ?,Leopold Mozart,Leopold Mozart
2hop__68778_159536,Who is the highest paid athlete in the world known for?,a Portuguese professional footballer,who are the 10 highest paid athletes in the world,Cristiano Ronaldo,"1. Cristiano Ronaldo - $75 million
2. Lionel Messi - $70 million
3. Neymar Jr. - $65 million
4. Kylian Mbappé - $60 million
5. Robert Lewandowski - $55 million
6. Mohamed Salah - $50 million
7. Kevin De Bruyne - $45 million
8. Luka Modrić - $40 million
9. Virgil van Dijk - $35 million
10. Eden Hazard - $30 million",Who is Cristiano Ronaldo ?,a Portuguese professional footballer,Cristiano Ronaldo is a Portuguese professional footballer who plays as a forward for Manchester United and the Portugal national team.
2hop__10833_60847,When did Allied troops land in the area where the Arab Slave Trade operated?,8 November 1942,Where was the Arab Slave Trade?,North Africa,"The Middle East and North Africa, particularly present-day Egypt, Sudan, Ethiopia, and Somalia.",when did allied troops land in North Africa,8 November 1942,"November 8, 1942"
2hop__73593_60847,When did allied troops land in the region in which the Sahara is located?,8 November 1942,where is the sahara located on a map,North Africa,North Africa,when did allied troops land in North Africa,8 November 1942,"November 8, 1942"
2hop__14501_60847,When did allied troops land in the place where Moriscos went after they were forced out of Spain?,8 November 1942,Where did the Moriscos go when they were forced out of Spain?,North Africa,They went to North Africa and Morocco.,when did allied troops land in North Africa,8 November 1942,"November 8, 1942"
2hop__88320_60847,When did allied troops land in the location where the moors who invaded Spain came from?,8 November 1942,where did the moors who invaded spain come from,North Africa,"The Moors were originally from North Africa, specifically from modern-day Morocco and Algeria.",when did allied troops land in North Africa,8 November 1942,"November 8, 1942"
2hop__37229_60847,When did allied troops land in the general area containing Carthage and Tunisia?,8 November 1942,Carthage and Tunisia are in what general area?,North Africa,North Africa,when did allied troops land in North Africa,8 November 1942,"November 8, 1942"
2hop__450711_64689,Which part of California is Luther Burbank's birthplace in?,Sonoma County,Luther Burbank >> place of birth,Santa Rosa,"Santa Rosa, California",what part of california is Santa Rosa in,Sonoma County,Sonoma County.
2hop__694049_121919,What was the college of the writer of The Importance of Being Earnest?,Trinity College,The Importance of Being Earnest >> screenwriter,Oscar Wilde,"Austen, Oscar Wilde, and P.G. Wodehouse.",What college did Oscar Wilde go to?,Trinity College,Trinity College in Dublin.
2hop__360434_136211,Morne Ciseaux's country is named after whom?,Saint Lucy,Morne Ciseaux >> country,Saint Lucia,Saint Lucia,Whom is Saint Lucia named after?,Saint Lucy,Saint Lucia was named after Saint Lucy of Syracuse.
2hop__166769_136211,Who is the country where Anse Mamin is located named after?,Saint Lucy,Anse Mamin >> country,Saint Lucia,Saint Lucia,Whom is Saint Lucia named after?,Saint Lucy,Saint Lucia was named after Saint Lucy of Syracuse.
2hop__373503_136211,Whom is the country that encompasses Soufrière River named after?,Saint Lucy,Soufrière River >> country,Saint Lucia,Saint Lucia,Whom is Saint Lucia named after?,Saint Lucy,Saint Lucia was named after Saint Lucy of Syracuse.
2hop__804237_136211,After whom is the country where Marigot Bay is located named?,Saint Lucy,Marigot Bay >> country,Saint Lucia,Saint Lucia,Whom is Saint Lucia named after?,Saint Lucy,Saint Lucia was named after Saint Lucy of Syracuse.
2hop__6391_6402,"The seventh mission, of the series of missions that Project Gemini helped recruit experienced people for, launched from Earth on what date?","October 11, 1968",Project Gemini helped recruit experienced people for which upcoming lunar missions?,Apollo,The Apollo program.,Apollo 7 launched from Earth on what date?,"October 11, 1968","October 11, 1968"
2hop__709652_8477,"What piece by the composer of Symphony, K. 95 is used as a cliche to convey refinement?",Eine kleine Nachtmusik,"Symphony, K. 95 >> composer",Mozart,Wolfgang Amadeus Mozart,What piece by Mozart is used as a cliche to convey refinement?,Eine kleine Nachtmusik,"""Eine Kleine Nachtmusik""."
2hop__127482_50751,What is the word in the language of Aozora Bunko for spirits associated with shintoism?,Kami,In what language is Aozora Bunko?,Japanese,Japanese,Japanese for spirits these are associated with shintoism,Kami,Kami
2hop__138697_50751,What word for spirits associated with shintoism is in the country of origin of Katai Tayama?,Kami,What nationality was Katai Tayama?,Japanese,Japanese,Japanese for spirits these are associated with shintoism,Kami,Kami
2hop__571713_50751,What are the spirits associated with shintoism called in the language spoken by Haruhiko Kindaichi?,Kami,"Haruhiko Kindaichi >> languages spoken, written or signed",Japanese,"Japanese (native), English, Spanish, French, German, Italian, Portuguese, Dutch, Russian, Chinese (Mandarin)",Japanese for spirits these are associated with shintoism,Kami,Kami
2hop__194593_50751,What spirits are associated with shintoism in the religion of the people whose language is used by Gichin Funakoshi?,Kami,"Gichin Funakoshi >> languages spoken, written or signed",Japanese,"Japanese, English, Chinese, Korean, Arabic, Hebrew, Russian, German, French, Italian, Spanish, Portuguese, Dutch, Swedish, Norwegian, Danish, Finnish, Estonian, Hungarian, Romanian, Bulgarian, Greek, Turkish, Persian (Farsi), and many others.",Japanese for spirits these are associated with shintoism,Kami,Kami
2hop__610846_50751,What is the original language of Nishinippon Shimbun for spirits associated with Shintoism?,Kami,Nishinippon Shimbun >> original language of film or TV show,Japanese,Japanese,Japanese for spirits these are associated with shintoism,Kami,Kami
2hop__393585_50751,"What spirits are associated with Shintoism, in the tradition of the people whose native language Crystal Kay recorded albums in?",Kami,"Crystal Kay >> languages spoken, written or signed",Japanese,"* English
* Spanish
* French
* Arabic
* Chinese (Simplified and Traditional)
* Hebrew
* Hindi
* Indonesian
* Italian
* Japanese
* Korean
* Portuguese
* Russian
* Swahili
* Ukrainian
* Welsh",Japanese for spirits these are associated with shintoism,Kami,Kami
2hop__655393_181429,What perfume brand was founded by the artist who wrote the lyrics to LoveGame?,Lady Gaga Fame,LoveGame >> lyrics by,Lady Gaga,"I can't provide the lyrics to ""LoveGame"" by Lady Gaga due to copyright restrictions.",Lady Gaga >> founded by,Lady Gaga Fame,Lady Gaga
2hop__632596_181429,What organization did the performer of Born This Way: The Compilation found?,Lady Gaga Fame,Born This Way: The Collection >> performer,Lady Gaga,Lady Gaga,Lady Gaga >> founded by,Lady Gaga Fame,Lady Gaga
2hop__68023_79070,When did the location where Ann of Green Gables takes place become a province?,1873,where does ann of green gables take place,Prince Edward Island,"Prince Edward Island, Canada",when did Prince Edward Island become a province,1873,"March 7, 1873"
2hop__53030_79070,When did the place where Anne of Green Gables took place become a province?,1873,where does the story anne of green gables take place,Prince Edward Island,"Prince Edward Island, Canada",when did Prince Edward Island become a province,1873,"March 7, 1873"
2hop__819744_79070,When did the area where Avonlea was located become a province?,1873,Avonlea >> located in the administrative territorial entity,Prince Edward Island,Prince Edward Island County,when did Prince Edward Island become a province,1873,"March 7, 1873"
2hop__8469_838537,What is the main subject of biographies of the composer who had an effect named after him?,Wolfgang Amadeus Mozart,Which composer had an effect named after him?,Mozart,Mozart,Biographies of Mozart >> main subject,Wolfgang Amadeus Mozart,Wolfgang Amadeus Mozart
2hop__539923_838537,"What is the main subject of the biographies of the person who composed Symphony, K. 97?",Wolfgang Amadeus Mozart,"Symphony, K. 97 >> composer",Mozart,Wolfgang Amadeus Mozart,Biographies of Mozart >> main subject,Wolfgang Amadeus Mozart,Wolfgang Amadeus Mozart
2hop__709652_838537,"Who is the main subject of the biographies of the composer of Symphonoy, K. 95?",Wolfgang Amadeus Mozart,"Symphony, K. 95 >> composer",Mozart,Wolfgang Amadeus Mozart,Biographies of Mozart >> main subject,Wolfgang Amadeus Mozart,Wolfgang Amadeus Mozart
2hop__754196_838537,What is the main subject of biographies of the composer of Piano Concerto K. 107?,Wolfgang Amadeus Mozart,Piano Concertos K. 107 >> composer,Mozart,Wolfgang Amadeus Mozart,Biographies of Mozart >> main subject,Wolfgang Amadeus Mozart,Wolfgang Amadeus Mozart
2hop__161670_61424,"During the Cold War, what happened in the country where Ratanakiri Province is located?",Cambodian Civil War,Where is Ratanakiri?,Cambodia,Northeastern Cambodia,what happened in Cambodia during the cold war,Cambodian Civil War,"The Vietnam War and the Cambodian Civil War were ongoing conflicts that involved Cambodia during the Cold War era. The Khmer Rouge, a communist organization led by Pol Pot, seized power in 1975 and began a brutal campaign of genocide against the Cambodian population, resulting in an estimated 1.7 to 2.2 million deaths.

The United States provided military aid to the government of Cambodia during this period, despite knowing about the atrocities committed by the Khmer Rouge. The US continued to provide aid until 1979, when it began to withdraw its troops and eventually withdrew altogether in 1989.

In addition to the Camb"
2hop__284172_61424,What happened in the country with TLD .kh during the cold war?,Cambodian Civil War,.kh >> country,Cambodia,Cambodia,what happened in Cambodia during the cold war,Cambodian Civil War,"The Vietnam War and the Cambodian Civil War were ongoing conflicts during the Cold War. The Khmer Rouge, a communist organization led by Pol Pot, seized power in Cambodia in 1975 after a long civil war with the government of Prince Norodom Sihanouk. The US provided military aid to the government of Thailand, while the Soviet Union supported the Khmer Rouge.

In response, the US launched Operation Menu, a bombing campaign against Cambodia from 1969 to 1973, targeting targets in Laos and North Vietnam. The bombing killed an estimated 150,000 people and destroyed much of the country's infrastructure.

The US"
2hop__648794_61424,What happened in the country where Poipet is located during the Cold War?,Cambodian Civil War,Poipet >> country,Cambodia,Cambodia,what happened in Cambodia during the cold war,Cambodian Civil War,The Vietnam War and the Cambodian Civil War were ongoing conflicts during the Cold War.
2hop__452518_61424,What conflict happened in the country containing Mount Samkos during the Cold War?,Cambodian Civil War,Phnom Samkos >> country,Cambodia,Cambodia,what happened in Cambodia during the cold war,Cambodian Civil War,"The Vietnam War and the Cambodian Civil War were ongoing conflicts that occurred during the Cold War era. The Khmer Rouge, a communist organization led by Pol Pot, seized power in Cambodia in 1975 after a long civil war with the government of Prince Norodom Sihanouk. The US provided military aid to the government of Thailand and other anti-communist forces, while the Soviet Union supported the Khmer Rouge.

In response to the US presence in Southeast Asia, North Vietnam invaded Cambodia in 1977, leading to a prolonged and bloody conflict that lasted until 1989. The US responded with airstrikes and ground troops, but"
2hop__853370_61424,"During the Cold War, what happened in the country where the island of Koh Thmei is found?",Cambodian Civil War,Koh Thmei >> country,Cambodia,Cambodia,what happened in Cambodia during the cold war,Cambodian Civil War,The Vietnam War and the Cambodian Civil War were two significant conflicts that occurred during the Cold War era in Cambodia.
2hop__517689_61424,"During the cold war, what happened to the country where Phnom Aural is found?",Cambodian Civil War,Phnom Aural >> country,Cambodia,Cambodia,what happened in Cambodia during the cold war,Cambodian Civil War,"The Vietnam War and the Cambodian Civil War were ongoing conflicts that involved various countries, including Cambodia, during the Cold War era. The conflict began in 1967 with a communist takeover of Cambodia, led by Pol Pot's Khmer Rouge regime, which was supported by China and North Vietnam. The United States provided military aid to the anti-communist government of Thailand and other Southeast Asian countries.

In response to the communist insurgency, the US launched Operation Menu, a secret bombing campaign against North Vietnamese targets in Cambodia from 1969 to 1973. The bombing campaign resulted in significant damage to Cambodian infrastructure and civilian populations.

The conflict"
2hop__801079_61424,"During the cold war, what happened to the country where Moat Preah is located?",Cambodian Civil War,Moat Preah >> country,Cambodia,Cambodia,what happened in Cambodia during the cold war,Cambodian Civil War,The Vietnam War and the Cambodian Civil War were ongoing conflicts that involved Cambodia during the Cold War era.
2hop__161581_26537,What mountain has the highest elevation in the region where Ladakh found his guidance in religion?,Mount Everest,Where did Ladakh find his guidance in religion?,Tibet,Tibetan Buddhism.,What is the highest elevation in Tibet ?,Mount Everest,Mount Everest
2hop__733803_26537,What is the highest elevation in the location of the Sino-Nepalese War?,Mount Everest,Sino-Nepalese War >> location,Tibet,Tibet Autonomous Region (TAR) and Nepal,What is the highest elevation in Tibet ?,Mount Everest,Mount Everest
2hop__637577_26537,What is the highest elevation in Nawang Khechog's birthplace?,Mount Everest,Nawang Khechog >> place of birth,Tibet,Tibet,What is the highest elevation in Tibet ?,Mount Everest,Mount Everest
2hop__664398_26537,What is the highest elevation in the birthplace of Marpa Lotsawa?,Mount Everest,Marpa Lotsawa >> place of birth,Tibet,Tibet,What is the highest elevation in Tibet ?,Mount Everest,Mount Everest
2hop__85036_26537,What is the highest elevation in the country whose capital is Lhasa?,Mount Everest,lhasa which is being turned into a culturally chinese city is the capital of what country,Tibet,Tibet,What is the highest elevation in Tibet ?,Mount Everest,Mount Everest
2hop__423600_421645,Whose spouse performed Sinatra: Vegas?,Barbara Marx,Sinatra: Vegas >> performer,Frank Sinatra,Frank Sinatra,Frank Sinatra >> spouse,Barbara Marx,Barbara Marx
2hop__204374_421645,Who is the spouse of the performer of Moonlight Sinatra?,Barbara Marx,Moonlight Sinatra >> performer,Frank Sinatra,Frank Sinatra,Frank Sinatra >> spouse,Barbara Marx,Barbara Marx
2hop__285562_421645,Whose husband released the Sinatra Saga?,Barbara Marx,The Sinatra Saga >> performer,Frank Sinatra,Frank Sinatra,Frank Sinatra >> spouse,Barbara Marx,Barbara Marx
2hop__698572_421645,Who was the spouse of the performer who released Frankly Sentimental?,Barbara Marx,Frankly Sentimental >> performer,Frank Sinatra,Frank Sinatra,Frank Sinatra >> spouse,Barbara Marx,Barbara Marx
2hop__388168_83854,In what year did the country where you can find Ishango station become independent?,1960,Ishango >> country,Democratic Republic of the Congo,Democratic Republic of Congo,when did Democratic Republic of the Congo become independent,1960,"December 31, 1960"
2hop__842531_83854,When did the country where Tilwezembe is located become independent?,1960,Tilwezembe >> country,Democratic Republic of the Congo,Democratic Republic of Congo,when did Democratic Republic of the Congo become independent,1960,"October 30, 1960"
2hop__248941_83854,When did the country where Bweremana is located become independent?,1960,Bweremana >> country,Democratic Republic of the Congo,Democratic Republic of Congo,when did Democratic Republic of the Congo become independent,1960,"December 30, 1960"
2hop__511953_83854,When did the country Bafwabaka is located in become independent?,1960,Bafwabaka >> country,Democratic Republic of the Congo,Democratic Republic of Congo,when did Democratic Republic of the Congo become independent,1960,"December 30, 1960"
2hop__375473_62031,What waterfall is located in the country where Mudzi District is found?,Victoria Falls,Mudzi District >> country,Zimbabwe,Zimbabwe,what is the name of the waterfall in Zimbabwe,Victoria Falls,Victoria Falls.
2hop__314413_62031,What is the name of the waterfall in the country having Mudzi West?,Victoria Falls,Mudzi West >> country,Zimbabwe,Zimbabwe,what is the name of the waterfall in Zimbabwe,Victoria Falls,Victoria Falls.
2hop__228219_62031,What is the name of the waterfall in the country where Mazowe District is found?,Victoria Falls,Mazowe District >> country,Zimbabwe,Zimbabwe,what is the name of the waterfall in Zimbabwe,Victoria Falls,Victoria Falls.
2hop__370008_62031,What is the name of the waterfall in the country where Chimanimani district is located?,Victoria Falls,Chimanimani District >> country,Zimbabwe,Zimbabwe,what is the name of the waterfall in Zimbabwe,Victoria Falls,Victoria Falls.
2hop__647930_62031,What is the name of the waterfall in the country where Chiredzi River is located?,Victoria Falls,Chiredzi River >> country,Zimbabwe,Zimbabwe,what is the name of the waterfall in Zimbabwe,Victoria Falls,Victoria Falls.
2hop__449613_62031,What is the name of the waterfall in the country where Tsholotsho District is found?,Victoria Falls,Tsholotsho District >> country,Zimbabwe,Zimbabwe,what is the name of the waterfall in Zimbabwe,Victoria Falls,Victoria Falls.
2hop__777786_62031,What is the name of the waterfall in the country where Chikomba District is found?,Victoria Falls,Chikomba District >> country,Zimbabwe,Zimbabwe,what is the name of the waterfall in Zimbabwe,Victoria Falls,Victoria Falls.
2hop__771033_62031,What is the name of the waterfall in the nation that contains the Zvimba District?,Victoria Falls,Zvimba District >> country,Zimbabwe,Zimbabwe,what is the name of the waterfall in Zimbabwe,Victoria Falls,Victoria Falls.
2hop__530233_62031,What is the name of the waterfall in the country where Marondera East is found?,Victoria Falls,Marondera East >> country,Zimbabwe,Zimbabwe,what is the name of the waterfall in Zimbabwe,Victoria Falls,Victoria Falls.
2hop__76267_20713,When was the artist who has had the most top 10 hits born?,"August 16, 1958",who has had the most top ten hits,Madonna,Elton John and Madonna are tied for the most top ten hits on Billboard's Hot 100 chart.,When was Madonna born?,"August 16, 1958","August 16, 1958"
2hop__11693_20713,What is the birthdate for the person who sang the song Vogue?,"August 16, 1958","who sang the hit single ""vogue""?",Madonna,Madonna,When was Madonna born?,"August 16, 1958","August 16, 1958"
2hop__743201_743037,What country has its main railway station located in the city where Yeh Wei-tze was born?,Taiwan,Yeh Wei-tze >> place of birth,Taipei,Taipei,Taipei main station >> country,Taiwan,"Taipei Main Station is a major railway station in Taipei, Taiwan."
2hop__6458_60600,When did the iPhone 6 by the creator of Safari come out?,"September 19, 2014",Who created Safari?,Apple,Apple Inc.,when did the Apple iphone 6 come out,"September 19, 2014","September 19, 2014"
2hop__6458_1094,What was the original price for a replacement battery from the company that created Safari?,$99,Who created Safari?,Apple,Apple Inc.,What was the original price for a replacement battery from Apple ?,$99,$29.99
2hop__934_60600,When did the iPhone 6 from the iPod manufacturer come out?,"September 19, 2014",What company manufactures the iPod?,Apple,Apple Inc.,when did the Apple iphone 6 come out,"September 19, 2014","September 19, 2014"
2hop__445223_60600,When did the iPhone 6s from the developer of MessagePad come out?,"September 19, 2014",MessagePad >> developer,Apple,Apple Support,when did the Apple iphone 6 come out,"September 19, 2014","September 19, 2014"
2hop__531924_60600,When did the iPhone 6 by the owner of iWork come out?,"September 19, 2014",iWork >> owned by,Apple,Apple Inc.,when did the Apple iphone 6 come out,"September 19, 2014","September 19, 2014"
2hop__6458_89167,When did the iPhone 6s Plus come out by the manufacturer that created Safari?,"September 25, 2015",Who created Safari?,Apple,Apple Inc.,when did the Apple iphone 6s plus come out,"September 25, 2015","September 25, 2015"
2hop__930_60600,When did the iphone 6 of the company that produces the iPod come out?,"September 19, 2014",Which company produces the iPod?,Apple,Apple Inc.,when did the Apple iphone 6 come out,"September 19, 2014","September 19, 2014"
2hop__934_89167,When did the iPhone 6s Plus come out from the iPod manufacturer?,"September 25, 2015",What company manufactures the iPod?,Apple,Apple Inc.,when did the Apple iphone 6s plus come out,"September 25, 2015","September 25, 2015"
2hop__934_1094,What was the original price for a replacement battery from the manufacturer of the iPod?,$99,What company manufactures the iPod?,Apple,Apple Inc.,What was the original price for a replacement battery from Apple ?,$99,$29.99
2hop__930_89167,When did the iPhone 6s plus of the company that produces iPod come out?,"September 25, 2015",Which company produces the iPod?,Apple,Apple Inc.,when did the Apple iphone 6s plus come out,"September 25, 2015","September 25, 2015"
2hop__445223_1094,What was the original price for a replacement battery from the MessagePad developer?,$99,MessagePad >> developer,Apple,Apple Support,What was the original price for a replacement battery from Apple ?,$99,$29.99
2hop__531924_1094,What was the original price for a replacement battery from the company that owns iWork?,$99,iWork >> owned by,Apple,Apple Inc.,What was the original price for a replacement battery from Apple ?,$99,$29.99
2hop__930_1094,What was the original price for a replacement battery from the producer of iPod?,$99,Which company produces the iPod?,Apple,Apple Inc.,What was the original price for a replacement battery from Apple ?,$99,$29.99
2hop__445223_89167,When did the iPhone 6s Plus from the developer of MessagePad come out?,"September 25, 2015",MessagePad >> developer,Apple,Apple Support,when did the Apple iphone 6s plus come out,"September 25, 2015","September 25, 2015"
2hop__681648_60600,When did the iPhone 6 by the manufacturer of MacBook Pro come out?,"September 19, 2014",MacBook Pro >> manufacturer,Apple,Apple Inc.,when did the Apple iphone 6 come out,"September 19, 2014","September 19, 2014"
2hop__531924_89167,When did the iphone 6s plus owned by iWork come out?,"September 25, 2015",iWork >> owned by,Apple,Apple Inc.,when did the Apple iphone 6s plus come out,"September 25, 2015","September 25, 2015"
2hop__681648_89167,When did iPhone 6s plus by the manufacturers of the MacBook Pro come out?,"September 25, 2015",MacBook Pro >> manufacturer,Apple,Apple Inc.,when did the Apple iphone 6s plus come out,"September 25, 2015","September 25, 2015"
2hop__6458_57555,What is the name of the latest version of the OS operating system of the creators of Safari?,macOS,Who created Safari?,Apple,Apple Inc.,what is the name of the latest version of Apple 's os x operating system,macOS,macOS Monterey
2hop__930_57555,What is the name of the latest version of the OS X operating system by the iPod producer?,macOS,Which company produces the iPod?,Apple,Apple Inc.,what is the name of the latest version of Apple 's os x operating system,macOS,macOS Monterey
2hop__934_57555,what is the name of the latest version the OS of the company that manufactures iPods?,macOS,What company manufactures the iPod?,Apple,Apple Inc.,what is the name of the latest version of Apple 's os x operating system,macOS,macOS Monterey
2hop__131781_47295,What is the area code for the state The Fairmont Orchid is located in?,808,Which state is The Fairmont Orchid located?,Hawaii,Hawaii,what is the area code for the state of Hawaii,808,808
2hop__738035_47295,What is the area code of the state that owns Aloha Stadium?,808,Aloha Stadium >> owned by,Hawaii,State of Hawaii,what is the area code for the state of Hawaii,808,808
2hop__129611_47295,what is the area code for the state in which Submillimeter Array is located?,808,In which state is Submillimeter Array located?,Hawaii,Hawaii,what is the area code for the state of Hawaii,808,808
2hop__130004_47295,What is the area code for the state where Halona Blowhole is located?,808,What is the name of the state where Hālona Blowhole is located?,Hawaii,Hawaii,what is the area code for the state of Hawaii,808,808
2hop__160598_47295,What is the area code for the state where Pearl Harbor is located?,808,What state is Pearl Harbor located in?,Hawaii,Hawaii,what is the area code for the state of Hawaii,808,808
2hop__92202_47295,What is the area code of the 50th state to join the United States?,808,which of these was the 50th state to join the united states,Hawaii,Hawaii,what is the area code for the state of Hawaii,808,808
2hop__275689_47295,What is the area code for the state where the Aloha Festivals are held?,808,Aloha Festivals >> located in the administrative territorial entity,Hawaii,Hawaii County,what is the area code for the state of Hawaii,808,808
2hop__453371_53910,Who was the president of the United States immediately following the conflict that included the Battle of Tannenberg?,Thomas Woodrow Wilson,Battle of Tannenberg >> part of,World War I,World War I,who was president of the united states immediately following World War I i,Thomas Woodrow Wilson,Woodrow Wilson
2hop__97582_53910,Who was President of the United States immediately following the war Sergeant Stubby participated in?,Thomas Woodrow Wilson,In what war was Sergeant Stubby in?,World War I,World War I,who was president of the united states immediately following World War I i,Thomas Woodrow Wilson,Woodrow Wilson
2hop__255645_207154,"In what conflict was the screenwriter of I, Claudius?",World War I,"I, Claudius >> screenwriter",Robert Graves,"I couldn't find any information on a person named I, Claudius being a well-known screenwriter. However, I did find that I, Claudius is a 1976 BBC television miniseries starring Anthony Hopkins as the Roman Emperor Claudius, based on the novel of the same name by Robert Graves.",Robert Graves >> conflict,World War I,World War I and his experiences in it.
2hop__102217_90963,When did the British Empire take over the country of citizenship of Raphael Tuju?,1895,Of which country is Raphael Tuju a citizen?,Kenya,Kenya,when did the british empire take over Kenya,1895,1895-1919
2hop__103659_90963,When did the British Empire take over the country where Peter Koech was born?,1895,What was Peter Koech birth country?,Kenya,Kenya,when did the british empire take over Kenya,1895,1895-1919
2hop__107017_159106,In what year was the unification of the country that eats Nasi kerabu?,1963,Which was the country for Nasi kerabu?,Malaysia,Malaysia,In what year did the unification of Malaysia happen?,1963,1963
2hop__413855_159106,In what year was the unification of the country where the state of Perlis can be found?,1963,Perlis >> country,Malaysia,Malaysia,In what year did the unification of Malaysia happen?,1963,1963
2hop__15659_92427,Where are the San Juan Mountains in the US state whose governor was Toney Anaya?,northwestern New Mexico,Of what state was Toney Anaya governor?,New Mexico,New Mexico,where are the san juan mountains in New Mexico,northwestern New Mexico,The San Juan Mountains are located in southwestern Colorado and northwestern New Mexico.
2hop__129320_92427,Where are the San Juan mountains in the state which also contains the Jemez River?,northwestern New Mexico,In which state is Jemez River located?,New Mexico,New Mexico,where are the san juan mountains in New Mexico,northwestern New Mexico,The San Juan Mountains are located in southwestern Colorado and northwestern New Mexico.
2hop__129529_92427,Where are the San Juan mountains in the state where Raton Municipal Airport is located?,northwestern New Mexico,In which state is Raton Municipal Airport located?,New Mexico,New Mexico,where are the san juan mountains in New Mexico,northwestern New Mexico,The San Juan Mountains are located in southwestern Colorado and northwestern New Mexico.
2hop__131638_92427,Where are the San Juan Mountains in the state where Piedra Vista High School is located?,northwestern New Mexico,Which state is Piedra Vista High School located?,New Mexico,New Mexico,where are the san juan mountains in New Mexico,northwestern New Mexico,The San Juan Mountains are located in southwestern Colorado and northwestern New Mexico.
2hop__206080_69291,When did the country of citizenship of Tony Laureano become independent from Spain?,1898,Tony Laureano >> country of citizenship,Puerto Rico,Puerto Rico,when did Puerto Rico became independent from spain,1898,"March 15, 1898"
2hop__33326_54206,When did the territory that has been suggested as a new addition to the US become an American territory?,1898,What territory has been suggested as a new addition to the United States?,Puerto Rico,Puerto Rico,when did Puerto Rico became an american territory,1898,1898
2hop__33326_65151,When was the place now discussed as a potential 51st state made a us territory?,1898,What territory has been suggested as a new addition to the United States?,Puerto Rico,Puerto Rico,when was Puerto Rico declared a us territory,1898,"March 1, 1898"
2hop__161414_54206,When did the island and US territory that the creature can be found in become an American territory?,1898,What island and U.S territory can the creature be found in?,Puerto Rico,Puerto Rico,when did Puerto Rico became an american territory,1898,1898
2hop__161414_69291,when did the island and U.S territory where the creature can be found became independent from Spain?,1898,What island and U.S territory can the creature be found in?,Puerto Rico,Puerto Rico,when did Puerto Rico became independent from spain,1898,1898
2hop__161414_65151,When was the territory having the creature declared a us territory?,1898,What island and U.S territory can the creature be found in?,Puerto Rico,Puerto Rico,when was Puerto Rico declared a us territory,1898,"March 1, 1898"
2hop__161414_79217,"When was the island and U.S. territory where the Bronze mannikin is found, annexed by the United States?",1898,What island and U.S territory can the creature be found in?,Puerto Rico,Puerto Rico,when was Puerto Rico annexed by the united states,1898,"March 1, 1898"
2hop__33326_79217,When was the territory suggested as a new addition to the U.S. annexed by the U.S.?,1898,What territory has been suggested as a new addition to the United States?,Puerto Rico,Puerto Rico,when was Puerto Rico annexed by the united states,1898,"March 1, 1898"
2hop__33326_69291,When did the territory which has been suggested as a new state of the USA became independent from Spain?,1898,What territory has been suggested as a new addition to the United States?,Puerto Rico,Puerto Rico,when did Puerto Rico became independent from spain,1898,"March 2, 1898"
2hop__161414_92821,When did the island where the Bronze mannikin is found become a part of the United States?,1898,What island and U.S territory can the creature be found in?,Puerto Rico,Puerto Rico,when did Puerto Rico became a part of the united states,1898,"March 1, 1898"
2hop__33326_60641,When did Hurricane Maria make landfall in the territory that has been suggested as a new addition to the United States?,September 20,What territory has been suggested as a new addition to the United States?,Puerto Rico,Puerto Rico,when did hurricane maria make landfall in Puerto Rico,September 20,"September 20, 1969"
2hop__33326_65517,"In 2017, what was the name of the hurricane that hit the territory which has been suggested as a new addition to the United States?",Hurricane Maria,What territory has been suggested as a new addition to the United States?,Puerto Rico,Puerto Rico,what was the name of the hurricane that hit Puerto Rico in 2017,Hurricane Maria,Hurricane Maria
2hop__161414_65517,Which hurricane hit the island and U.S. territory where the creature can be found in 2017?,Hurricane Maria,What island and U.S territory can the creature be found in?,Puerto Rico,Puerto Rico,what was the name of the hurricane that hit Puerto Rico in 2017,Hurricane Maria,Hurricane Maria
2hop__33326_92821,When did the territory that has been suggested as a new addition to the US become part of the United States?,1898,What territory has been suggested as a new addition to the United States?,Puerto Rico,Puerto Rico,when did Puerto Rico became a part of the united states,1898,"March 1, 1898"
2hop__161414_60641,When did hurricane Maria make landfall in the territory having Bronze mannikin?,September 20,What island and U.S territory can the creature be found in?,Puerto Rico,Puerto Rico,when did hurricane maria make landfall in Puerto Rico,September 20,"September 20, 1969"
2hop__152990_54580,When was the astronomical clock in the city that Lucie Hradecká calls home built?,1410,What city is Lucie Hradecká from?,Prague,Prague,when was the astronomical clock in Prague built,1410,The Astronomical Clock in Prague was built between 1410 and 1424.
2hop__144618_731592,The history of Jews in Karel Stibor's birthplace is an instance of what?,Jewish,What is the birthplace of Karel Stibor?,Prague,Prague,History of the Jews in Prague >> instance of,Jewish,The first recorded Jewish presence in Prague dates back to 907 AD.
2hop__145030_54580,When was the astronomical clock in Jan Klapáč's birth city built?,1410,What was Jan Klapáč's city of birth?,Prague,Prague,when was the astronomical clock in Prague built,1410,The astronomical clock in Prague was built between 1410 and 1424.
2hop__152961_54580,When did they build the astronomical clock in the city Jaroslav Drobný is from?,1410,What city is Jaroslav Drobný from?,Prague,Prague,when was the astronomical clock in Prague built,1410,The astronomical clock in Prague was built between 1410 and 1424.
2hop__146089_54580,When was the astronomical clock in the city Kamil Lhoták died built?,1410,In what city did Kamil Lhoták die?,Prague,Prague,when was the astronomical clock in Prague built,1410,The astronomical clock in Prague was built between 1410 and 1424.
2hop__67233_374419,Who owns numbered highways in the state where Uncle Tom's Cabin takes place?,Kentucky Transportation Cabinet,where does uncle tom's cabin take place,Kentucky,Kentucky.,numbered highways in Kentucky >> owned by,Kentucky Transportation Cabinet,"1. The Kentucky Transportation Cabinet
2. The Kentucky Department of Highways
3. The Kentucky Transportation Infrastructure Fund
4. The Kentucky Transportation Trust Fund"
2hop__130463_51268,When did the state Aims Community College is located become part of the United States?,"August 1, 1876",What state is Aims Community College located?,Colorado,Colorado,when did Colorado become part of the united states,"August 1, 1876","August 1, 1876"
2hop__673662_47824,Where is the blue mosque located in the country where Boğaziçi can be found?,Istanbul,Boğaziçi >> country,Turkey,Turkey,where is the blue mosque located in Turkey,Istanbul,Istanbul.
2hop__501319_47824,Where is the Blue Mosque located in the country where the village of Başalan is found?,Istanbul,Başalan >> country,Turkey,Turkey,where is the blue mosque located in Turkey,Istanbul,Istanbul.
2hop__3365_84128,How long is a governor's term in the state where Taylor Hicks comes from?,Four years,Where is Taylor Hicks from?,Alabama,Alabama,how long is a governor's term in Alabama,Four years,Four years.
2hop__3365_70019,What is the highest point in the state where Taylor Hicks comes from?,Cheaha Mountain,Where is Taylor Hicks from?,Alabama,Alabama,what is the highest point in the state of Alabama,Cheaha Mountain,Cheaha Mountain
2hop__136744_70019,"What's the highest part of the state where Selma, Lord, Selma was filmed?",Cheaha Mountain,"Which place is Selma, Lord, Selma in?",Alabama,"Selma, Alabama.",what is the highest point in the state of Alabama,Cheaha Mountain,Cheaha Mountain
2hop__136744_84128,"How long is a governor's term in the state where Selma, Lord, Selma takes place?",Four years,"Which place is Selma, Lord, Selma in?",Alabama,"Selma, Alabama.",how long is a governor's term in Alabama,Four years,Four years.
2hop__384961_20644,What race is the majority of Yale-NUS's country's population?,Chinese,Yale-NUS >> country,Singapore,Singapore,What race was the majority of Singapore 's population?,Chinese,Chinese
2hop__832636_43178,Who was the first prime minister of the country Sentosa Cove is located?,Lee Kuan Yew,Sentosa Cove >> country,Singapore,Singapore,who is the first prime minister of Singapore,Lee Kuan Yew,Lee Kuan Yew
2hop__106647_43178,Who was the first prime minister of the country that released Kaya toast?,Lee Kuan Yew,What country released Kaya toast?,Singapore,Singapore,who is the first prime minister of Singapore,Lee Kuan Yew,Lee Kuan Yew
2hop__244456_43178,Who was the first prime minister of the country Potong Pasir is located?,Lee Kuan Yew,Potong Pasir >> country,Singapore,Singapore,who is the first prime minister of Singapore,Lee Kuan Yew,Lee Kuan Yew
2hop__106999_159597,What language do the majority of people in the country where Mieskuoro Huutajat was formed speak?,Finnish,Which was the country for Mieskuoro Huutajat?,Finland,Finland,What language do the majority of the people in Finland speak?,Finnish,Finnish
2hop__106299_159597,What language do the majority of the people in the country Nightwish is from speak?,Finnish,What country released Nightwish?,Finland,Finland,What language do the majority of the people in Finland speak?,Finnish,Finnish
2hop__130736_64652,Who is the Democratic gubernatorial candidate in the state where KFDI-FM is located?,Laura Kelly,What state is KFDI-FM located?,Kansas,"Kansas City, Missouri",who are the democratic candidates running for governor in Kansas,Laura Kelly,"As of my knowledge cutoff in March 2023, the Democratic candidates running for governor in Kansas were:

1. Paul Haley
2. John Hickenlooper
3. Laura Kelly"
2hop__91724_64652,Who is the Democratic gubernatorial candidate in the state Dorothy is from in The Wizard of Oz,Laura Kelly,where did dorothy from the wizard of oz live,Kansas,Toto's home was in Kansas.,who are the democratic candidates running for governor in Kansas,Laura Kelly,"As of my knowledge cutoff in March 2023, the Democratic candidates running for governor in Kansas were:

1. Laura Kelly
2. John Hickenlooper
3. Paul Ryan"
2hop__60386_64652,Who are the Democratic candidates running for governor in the state Dorothy form Wizard of Oz lived?,Laura Kelly,where did dorothy from wizard of oz live,Kansas,Toto's home was in Kansas.,who are the democratic candidates running for governor in Kansas,Laura Kelly,"As of my knowledge cutoff in March 2023, the Democratic candidates running for governor in Kansas were:

1. John Hickenlooper
2. Laura Kelly"
2hop__4196_79233,When was the city Internet Archive is headquartered founded?,"June 29, 1776",Where is Internet Archive headquartered?,San Francisco,"San Francisco, California",when was the city of San Francisco founded,"June 29, 1776","June 29, 1776"
2hop__4196_91206,What is the pyramid building in the city where the Internet Archive is headquartered?,Transamerica Pyramid,Where is Internet Archive headquartered?,San Francisco,"San Francisco, California",what is the pyramid building in San Francisco,Transamerica Pyramid,The Transamerica Pyramid.
2hop__228063_79233,When was Coinbase's headquarters location founded?,"June 29, 1776",Coinbase >> headquarters location,San Francisco,"San Francisco, California",when was the city of San Francisco founded,"June 29, 1776","June 29, 1776"
2hop__12247_79233,When was the city where the RSA Security Conference held founded?,"June 29, 1776",Where was the RSA Security Conference held?,San Francisco,"San Francisco, California",when was the city of San Francisco founded,"June 29, 1776","June 29, 1776"
2hop__13254_79233,When was the city where the band Blue Cheer was from founded?,"June 29, 1776",Where was the band Blue Cheer from?,San Francisco,"San Francisco, California",when was the city of San Francisco founded,"June 29, 1776","June 29, 1776"
2hop__12247_91206,What's the name of the famous triangular building in the city that hosts the RCA Security Conference?,Transamerica Pyramid,Where was the RSA Security Conference held?,San Francisco,"San Francisco, California",what is the pyramid building in San Francisco,Transamerica Pyramid,The Transamerica Pyramid.
2hop__781680_91206,What is the pyramid building in Joseph Alioto's birthplace?,Transamerica Pyramid,Joseph Alioto >> place of birth,San Francisco,San Francisco,what is the pyramid building in San Francisco,Transamerica Pyramid,The Transamerica Pyramid.
2hop__253688_79233,When was the city where the magazine California Lawyer is headquartered founded?,"June 29, 1776",California Lawyer >> headquarters location,San Francisco,San Francisco,when was the city of San Francisco founded,"June 29, 1776","June 29, 1776"
2hop__63527_79233,When was the city where Joy Luck Club takes place founded?,"June 29, 1776",where did the joy luck club take place,San Francisco,The Joy Luck Club took place in San Francisco and New York City.,when was the city of San Francisco founded,"June 29, 1776","June 29, 1776"
2hop__1345_785147,Where is the headquarters of the social media site which was used for complaining about the Indian censoring located?,San Francisco,Which social media site was used for complaining about the Indian censoring?,Twitter.,Twitter,Twitter. >> headquarters location,San Francisco,"San Francisco, California"
2hop__130693_55098,What is the area code for Cincinnati in the state Hocking Hills is located?,513,What state is Hocking Hills located?,Ohio,Ohio,what is the area code for cincinnati Ohio,513,513
2hop__129156_55098,"What is the area code for Cincinnati, in the state that has the Cleveland Metroparks Zoo?",513,In which state is Cleveland Metroparks Zoo located?,Ohio,Ohio,what is the area code for cincinnati Ohio,513,513
2hop__71102_52375,What institution is established for management of development in one of the richest countries in Africa?,Nigerian Institute of Management,which one is the richest country in africa,Nigeria,Nigeria,institutions that are established for management development in Nigeria,Nigerian Institute of Management,"1. Nigerian Institute of Management (NIM)
2. Nigerian Institute of Public Administration (NIPA)
3. Nigerian Institute of Chartered Accountants of Nigeria (NICAN)
4. Nigerian Institute of Marketing (NIMC)
5. Nigerian Institute of Journalism and Mass Communication (NIJMC)"
2hop__107217_80243,What is the currency in the place where Drunken Master took place?,Hong Kong dollar,Which was the country for Drunken Master?,Hong Kong,Hong Kong.,what is the currency in Hong Kong china,Hong Kong dollar,Hong Kong dollar (HKD)
2hop__757660_91469,When was the region where HKGolden50 is headquartered taken by the British?,1842,HKGolden50 >> headquarters location,Hong Kong,Hong Kong,when was Hong Kong taken by the british,1842,"July 1, 1842"
2hop__1835_94034,What airport is Jestar in the city with the most high-rise buildings in the world part of?,Hong Kong International Airport,What city has the most high-rise buildings in the world?,Hong Kong,Hong Kong,What airport is Jetstar Hong Kong part of?,Hong Kong International Airport,Hong Kong International Airport
3hop2__35882_160178_54090,The organization North Korea is a member of recognizes how many regions in the continent Buddhism spread?,53 member states,Where did Buddhism spread?,Asia,"India, China, and Southeast Asia.",What was Norh Korea a member of?,UN,The United Nations.
3hop2__35882_35260_54090,How many regions in the continent where Buddhism spread is recognized by the organization that mediated the truce which ended the Iran-Iraq War?,53 member states,Where did Buddhism spread?,Asia,"India, China, Southeast Asia, and East Africa.",Who mediated the truce which ended the Iran-Iraq War?,the UN,The United Nations Security Council.
3hop2__35882_27348_54090,"How many states in the continent where Buddhism spread are recognized by the organization that offered possible solutions Arab-Israeli conflict, which Nasser supported?",53 member states,Where did Buddhism spread?,Asia,"India, China, Southeast Asia, and East Africa.","What organization offered possible solutions Arab-Israeli conflict, which Nasser supported?",UN,The United Nations.
3hop2__35882_18393_54090,How many states on the continent where Buddhism spread are recognized by the organization that authorized giving troops the ability to follow the North Korean forces north?,53 member states,Where did Buddhism spread?,Asia,"India, China, Southeast Asia, and parts of Africa.",Who authorized giving troops the ability to follow the North Korean forces north?,the UN,The United States Joint Chiefs of Staff.
3hop2__855892_63595_53125,What agency in the country where United Utilities is based is the equivalent of the one that appoints the members of the public company accounting oversight board?,Financial Services Authority,United Utilities >> country,UK,United Utilities is a UK-based water and waste management company.,who appoints the members of the public company accounting oversight board quizlet,the SEC,"* The Securities and Exchange Commission (SEC)
* The Public Company Accounting Oversight Board (PCAOB) is a private non-profit corporation
* It is funded by member companies through fees paid by their auditors."
3hop2__162189_421553_73761,"Who claimed a homeland in parts of Turkey, the country Shiraz is in, and the country where the Dohuk Dam is located?",Kurdish people,What nation is Shiraz in?,Iran.,Iran,Dohuk Dam >> country,Iraq,Iraq
3hop2__162189_44267_73761,"Who claimed a homeland in parts of turkey, the country who the US fought in desert storm and the nation Shiraz is in?",Kurdish people,What nation is Shiraz in?,Iran.,Iran,who did the us fight in desert storm,Iraq,United States of America (US) and Iraq.
3hop2__89818_157704_4107,What term means an institution like a German Fachhochschule in the country where Antwerp is located and the country where Dutch is spoken?,hogeschool,where are you from if you speak dutch,the Netherlands,"Netherlands, Belgium, Suriname, Aruba, Curaçao, Sint Maarten, and other Caribbean islands.",Where is Antwerp located?,Belgium,Belgium
3hop2__89818_717222_4107,What term means an institution like a German Fachhochschule in the country where Meerbeke is located and the country where Dutch is spoken?,hogeschool,where are you from if you speak dutch,the Netherlands,"Netherlands, Belgium, Suriname, Aruba, Curaçao, Sint Maarten, and other Caribbean islands.",Meerbeke >> country,Belgium,Belgium
3hop2__89818_850628_4107,What term is used to refer to an institution like a German Fachhochschule in the country where Sint-Katelijne-Waver is located and the country that speaks Dutch?,hogeschool,where are you from if you speak dutch,the Netherlands,"Netherlands, Belgium, Suriname, Aruba, Curaçao, Sint Maarten, and other Caribbean islands.",Sint-Katelijne-Waver >> country,Belgium,Belgium
3hop2__89818_761643_4107,"What term is used in the country where Philippeville is found, as well as the nation where Dutch is spoken, to refer to an institution like a German Fachhochschule?",hogeschool,where are you from if you speak dutch,the Netherlands,"Netherlands, Belgium, Suriname, Aruba, Curaçao, Sint Maarten, and other Caribbean islands.",Philippeville >> country,Belgium,Belgium
3hop2__89818_686301_4107,What term is used in the country where Frietmuseum is located and the country where people speak Dutch to refer to an institution like a German Fachhochschule?,hogeschool,where are you from if you speak dutch,the Netherlands,"Netherlands, Belgium, Suriname, Aruba, Curaçao, Sint Maarten",Frietmuseum >> country,Belgium,Belgium
3hop2__22027_70123_63115,The art period in which linear perspective was perfected began in which area of the continent Jacobinism affected?,seemingly in Italy,Which continent did Jacobinism affect?,Europe,Europe,linear perspective was perfected during which art period quizlet,the Renaissance,Renaissance
3hop2__22516_32417_24628,What year did the voters of the state that Raleigh is a capital of once again vote for the party that dominated South Carolina's state legislature?,2008,What state is Raleigh the capital of?,North Carolina,North Carolina,Which party dominated South Carolina's state legislature?,Democrat,Democrat
3hop2__70826_49355_89217,When did the country from which the 13 colonies declared independence take control of the country where the most australopithecus fossils have been found?,1909,where have most fossils of australopithecus been found,South Africa,South Africa and Ethiopia.,who did the 13 colonies declared independence from,Britain,Great Britain
3hop2__103837_49355_89217,"When did the nation from which the 13 colonies declared independence, take control of the country that Nduduzo Makhathini was from?",1909,Where was Nduduzo Makhathini from?,South Africa,South Africa,who did the 13 colonies declared independence from,Britain,Great Britain
3hop2__764770_86841_54023,"When did the first restaurant that the phenomenon of McDonaldization is named after, open in the country that holds the Isle of Wight festival?",1974,McDonaldization >> named after,McDonald's,McDonald's Corporation,where is the isle of wight festival held,England,"Portsmouth, England"
3hop2__29467_132034_73594,What was launched to send Mangalyaan of the country Goa is from to the planet Deuteronilus Mensae is located?,a Polar Satellite Launch Vehicle (PSLV) rocket C25,Where was Goa?,India,Indian Ocean,Where is Deuteronilus Mensae found?,Mars,Mars.
3hop2__29467_132160_73594,The country where Goa is located sent Mangalyaan to the planet Olympus Mons is found by launching what?,a Polar Satellite Launch Vehicle (PSLV) rocket C25,Where was Goa?,India,Indian Ocean,Where is Olympus Mons found?,Mars,Tharsis Bulge in Mars.
3hop2__29467_132098_73594,What rocket from the country containing Goa launched the probe to the planet containing Ladon Valles?,a Polar Satellite Launch Vehicle (PSLV) rocket C25,Where was Goa?,India,Indian Ocean,Where is Ladon Valles found?,Mars,Ladon Valles is located on Mars.
3hop2__29467_132003_73594,What did Goa's country launch to send the mangalyaan to the planet where Arsia Chasmata was found?,a Polar Satellite Launch Vehicle (PSLV) rocket C25,Where was Goa?,India,Indian Ocean,Where is Arsia Chasmata found?,Mars,"Artsa Chasma, also known as Arsia Chasma, is located in Mars."
3hop1__158950_52935_710419,Who was the spouse of the first president who identified as a member of Barack Obama's party in 2008?,Rachel Jackson,What party did Barack Obama belong to in 2008?,Democrat,Democratic Party,who was the first president identified as a Democrat,Andrew Jackson,Andrew Jackson
3hop1__158950_52935_646717,Who is the child of the first president identified in the same party Barack Obama belonged to?,Daniel Smith Donelson,What party did Barack Obama belong to in 2008?,Democrat,Democratic Party,who was the first president identified as a Democrat,Andrew Jackson,Andrew Jackson
3hop1__32417_52935_710419,Who was the spouse of the first president identified as a member of the party which dominated South Carolina's state legislature in 1895?,Rachel Jackson,Which party dominated South Carolina's state legislature?,Democrat,Democrat,who was the first president identified as a Democrat,Andrew Jackson,Andrew Jackson
3hop1__32417_52935_646717,Who was the child of the first president identified as a candidate from the party that dominated South Carolina's state legislature?,Daniel Smith Donelson,Which party dominated South Carolina's state legislature?,Democrat,Democrat,who was the first president identified as a Democrat,Andrew Jackson,Andrew Jackson
3hop1__162189_35178_826724,In what county is Khosrowabad in the capital of the country where Shiraz is?,Pardis County,What nation is Shiraz in?,Iran.,Iran,What city is Iran. 's capital?,Tehran,Tehran.
3hop1__162189_35178_686699,"In which district is Qaleh Now-e Khaleseh, within the capital of the nation that contains Shiraz, located?",Qaleh Now Rural District,What nation is Shiraz in?,Iran.,Iran,What city is Iran. 's capital?,Tehran,Tehran.
3hop1__75408_46321_81955,Who explored the mainland of the continent home to the 2002 World Cup winner?,European conquerors,who won the 2002 world cup in japan,Brazil (,Brazil,Brazil ( is the largest country on which continent,South America,South America
3hop1__75408_46321_43712,When do purple martins migrate to the continent on which the largest country won the 2002 World Cup in Japan?,winter,who won the 2002 world cup in japan,Brazil (,Brazil,Brazil ( is the largest country on which continent,South America,South America
3hop1__75408_46321_93843,When did the continent on which the 2002 World Cup winner is the largest country take the form it has today?,In the last million years since the Late Miocene,who won the 2002 world cup in japan,Brazil (,Brazil,Brazil ( is the largest country on which continent,South America,South America
3hop1__75408_46321_93284,When did the continent on which the largest country won the 2002 World Cup in Japan become a collection of independent states?,the first quarter of the 19th century,who won the 2002 world cup in japan,Brazil (,Brazil,Brazil ( is the largest country on which continent,South America,South America
3hop1__75408_46321_68345,When was the collision between North America and the continent on which the 2002 World Cup winner is located?,as early as 15 million years ago,who won the 2002 world cup in japan,Brazil (,Brazil,Brazil ( is the largest country on which continent,South America,South America
3hop1__75408_46321_87085,Who became known throughout the continent whose largest country won the 2002 world cup as the liberator?,Simón Bolívar,who won the 2002 world cup in japan,Brazil (,Brazil,Brazil ( is the largest country on which continent,South America,South America
3hop1__91116_594903_85185,"Who dropped out of the school that employed the writer of The Significance of the Frontier in American History, and became known by many as the founder of public relations?",Basil Clarke,who wrote the significance of the frontier in american history,Frederick Jackson Turner,Frederick Jackson Turner,Frederick Jackson Turner >> employer,Harvard,Harvard University
3hop1__37727_37586_81010,On what date was the battle of the state founded by the man who also formed the first Baptist group in what is now the U.S.?,"August 29, 1778",Who founded the first Baptist group in what is now the United States?,Roger Williams,The First Baptist Church of New York was founded by Roger Williams in 1639.,What colony was Roger Williams the founder of?,Rhode Island,Rhode Island
3hop1__37727_37586_224276,Who owns the Interstate 95 in the state that was founded by the first Baptist group in US?,Rhode Island Department of Transportation,Who founded the first Baptist group in what is now the United States?,Roger Williams,The First Baptist Church of New York was founded by Roger Williams in 1639.,What colony was Roger Williams the founder of?,Rhode Island,Rhode Island
3hop1__37727_37586_91717,"Who is the General Treasurer of Providence Plantations, and the state that was founded by the individual, who started the first Baptist group in what is now the United States?",Seth Magaziner,Who founded the first Baptist group in what is now the United States?,Roger Williams,The First Baptist Church of New York was founded by Roger Williams in 1639.,What colony was Roger Williams the founder of?,Rhode Island,Rhode Island
3hop1__66475_69948_617898,Who was the spouse of the president of the Russian Republic at the time the country called Russia before the Russian Revolution disintegrated?,Raisa Maximovna Gorbacheva,what was russia called after the russian revolution,the Soviet Union,Soviet Union,who was the president of the russian republic at the time of the disintegration of the Soviet Union,Mikhail Gorbachev,Mikhail Gorbachev
3hop1__68160_69948_617898,Who was married to the Russian Republic's president during the disintegration of the inventors of the world's first satellite?,Raisa Maximovna Gorbacheva,who invented the first satellite in the world,the Soviet Union,"Sputnik 1 was the first artificial satellite to be launched into space by the Soviet Union on October 4, 1957.",who was the president of the russian republic at the time of the disintegration of the Soviet Union,Mikhail Gorbachev,Mikhail Gorbachev
3hop1__79417_69948_617898,Who is the spouse of the president of the Russian republic at the time of the disintegration of the nation being America's primary enemy during the cold war?,Raisa Maximovna Gorbacheva,which nation was america's primary enemy during the cold war,the Soviet Union,Soviet Union,who was the president of the russian republic at the time of the disintegration of the Soviet Union,Mikhail Gorbachev,Mikhail Gorbachev
3hop1__35248_69948_617898,Who was the spouse of the president of the Russian Republic at the time of the disintegration of the union that backed two puppet regimes in/around Iran during WWII?,Raisa Maximovna Gorbacheva,Who backed two puppet regimes in/around Iran during WWII?,the Soviet Union,The United Kingdom and the Soviet Union.,who was the president of the russian republic at the time of the disintegration of the Soviet Union,Mikhail Gorbachev,Mikhail Gorbachev
3hop1__37727_37586_620955,What county is part of the state that was founded by the first Baptist group in the United States?,Kent County,Who founded the first Baptist group in what is now the United States?,Roger Williams,The First Baptist Church of New York was founded by Roger Williams in 1639.,What colony was Roger Williams the founder of?,Rhode Island,Rhode Island
3hop1__37727_37586_782367,In which country is the Episcopal Diocese of the state founded as a colony by the founder of the first Baptist group in what is now the U.S.?,United States of America,Who founded the first Baptist group in what is now the United States?,Roger Williams,The First Baptist Church of New York was founded by Roger Williams in 1639.,What colony was Roger Williams the founder of?,Rhode Island,Rhode Island
3hop1__756136_5960_90069,What is the unit of currency in the part of the United Kingdom where Bloody Friday is located?,pound sterling,Bloody Friday >> location,Belfast,"The Bloody Friday incident occurred in Belfast, Northern Ireland on April 5, 1972.",What part of the United Kingdom is Belfast located in?,Northern Ireland,Northern Ireland
3hop1__756136_5960_35392,When did the border between Ireland and the part of the U.K. that experienced Bloody Friday become a free-travel area?,1997,Bloody Friday >> location,Belfast,Belfast,What part of the United Kingdom is Belfast located in?,Northern Ireland,Northern Ireland
3hop1__801682_192919_16121,What university is found in the city that headquarters the company that owns Endless.com?,University of Washington,Endless.com >> owned by,Amazon,Amazon,Amazon >> headquarters location,Seattle,"Seattle, Washington"
3hop1__801682_192919_16066,How many theater companies does the city where the owner of Endless.com located have in residence?,around 100,Endless.com >> owned by,Amazon,Amazon,Amazon >> headquarters location,Seattle,"Seattle, Washington"
3hop1__145302_99691_35202,The Achaemenid Empire expanded into what part of the continent on which Trinh T. Minh-ha was born?,Central Asia,Where was Trinh T. Minh-ha born?,Hanoi,"Hanoi, Vietnam",What continent is Hanoi found on?,Asia,Asia
3hop1__145302_99691_28721,In what year was a project announced to connect Alaska with the continent which contains the birth city of Trinh T. Minh-ha?,2011,Where was Trinh T. Minh-ha born?,Hanoi,"Hanoi, Vietnam",What continent is Hanoi found on?,Asia,Asia
3hop1__830282_99691_35202,The Achaemenid Empire expanded into what part of the continent where Nguyen Van Nghi was born?,Central Asia,Nguyen Van Nghi >> place of birth,Hanoi,Hanoi,What continent is Hanoi found on?,Asia,Asia
3hop1__830282_99691_28721,There was a proposal to connect rural Alaska to the continent where Nguyen Van Nghi was born. What year was this project announced?,2011,Nguyen Van Nghi >> place of birth,Hanoi,Hanoi,What continent is Hanoi found on?,Asia,Asia
3hop1__654083_299916_7375,when did the country that developed the F-117 adopt Daylight Saving Time?,1918,F-117 Nighthawk >> manufacturer,Lockheed,Lockheed Martin,Lockheed MQM-105 Aquila >> country,the United States,United States
3hop1__30465_459267_34205,"Who wants to open the border between Armenia and the country that contained religious buildings commissioned by the Ottoman dynasty, some of which were housed inside al-Qarawiyin University?",Turkish business lobby,What religious buildings were housed inside al-Qarawiyin University?,mosques,Mosques and madrasas.,mosques commissioned by the Ottoman dynasty >> country,Turkey,Turkey
3hop1__32971_459267_34205,Who wants the border between the country that buildings where Quran copies where kept for those who could not afford their own commissioned by the Ottoman dynasty and Armenia opened?,Turkish business lobby,Where were Quran copies kept for those who could not afford their own?,mosques,Mosques and madrasas.,mosques commissioned by the Ottoman dynasty >> country,Turkey,Turkey
3hop1__60406_72477_196273,What political party did the person who brokered the purchase of Louisiana for the country where m&m chocolate comes from belong to?,Democratic-Republican Party,where does m & m chocolate come from,the United States,United States of America,who brokered the purchase of louisiana for the United States,Thomas Jefferson,Thomas Jefferson.
3hop1__9080_72477_196273,The person who brokered the purchase of louisiana for the country that took over the Marshall Islands in the second world war was a member of which political party?,Democratic-Republican Party,Who took over the Marshall Islands in the second world war?,the United States,The United States.,who brokered the purchase of louisiana for the United States,Thomas Jefferson,Thomas Jefferson and James Monroe.
3hop1__90728_91799_12463,What are the notes issued by the monetary policy maker in the country America was called after the Revolutionary War?,obligations of the United States,what was america called after the revolutionary war,the United States,United States of America,which organization sets monetary policy for the United States,the Federal Reserve,Federal Reserve System
3hop1__90728_91799_73100,There is an organization that sets the monetary policy of the country which received its current name after the American revolutionary war. When did that organization start quantitative easing?,during the Great Depression of the 1930s,what was america called after the revolutionary war,the United States,The United States of America,which organization sets monetary policy for the United States,the Federal Reserve,Federal Reserve System
3hop1__17268_91799_12463,What are the notes issued by the organization that sets monetary policy for the country who regards Israel as its most reliable partner in the Middle East?,obligations of the United States,Who regards Israel as it's most reliable partner in the Middle East?,The United States,United States.,which organization sets monetary policy for The United States,the Federal Reserve,Federal Reserve System
3hop1__17268_91799_73100,When was quantitative easing started by the organization setting monetary policy for the country considered its most reliable partner in the Middle East by Israel?,during the Great Depression of the 1930s,Who regards Israel as it's most reliable partner in the Middle East?,The United States,United States.,which organization sets monetary policy for The United States,the Federal Reserve,Federal Reserve System
3hop1__53235_762096_90300,"When does it start to snow in the place of death of Feodor I, who was formerly of the largest country in europe by square miles?",the beginning of November,what is the largest country in europe by square miles,Russia *,Russia,Feodor I of Russia * >> place of death,Moscow,Moscow
3hop1__53235_762096_518118,"Where was Blessed John, of the city where Feodor I of the largest country in Europe died, the Fool-For-Christ born?",Vologda,what is the largest country in europe by square miles,Russia *,Russia,Feodor I of Russia * >> place of death,Moscow,Moscow
3hop1__106139_81195_59314,Where does the columbia river meet the body of water that provides warm moist air over the andes mountains in the country where Choripan orignated?,Columbia Bar,What country did Choripán originate?,Argentina,Argentina,where does the warm moist air mass over the andes mountains in Argentina come from,the Pacific Ocean,The warm moist air mass comes from the Pacific Ocean to the west and the Atlantic Ocean to the east.
3hop1__106139_81195_67444,Who was the first European in America to see the source of the warm moist air mass over the Andes in the country Choripan comes from?,Spaniard Vasco Núñez de Balboa,What country did Choripán originate?,Argentina,Argentina,where does the warm moist air mass over the andes mountains in Argentina come from,the Pacific Ocean,The warm moist air mass comes from the Pacific Ocean to the west and the Antarctic cold front to the east.
3hop1__2486_65293_48285,How close is the Wrigley Field to the where the city Kanye West lived as a child get its drinking water from?,less than a mile to the east,Where did Kanye West live as a child?,Chicago,Chicago.,where does Chicago get its drinking water from,Lake Michigan,"The Chicago Water System is a municipal water system that provides drinking water to the city of Chicago and surrounding areas. The main source of the water is Lake Michigan, with approximately 90% of the city's water coming from this source."
3hop1__131633_66618_440465,What position is held by the republican candidate running for governor in the state where the Pere Marquette River is located?,Michigan Attorney General,Which state is Pere Marquette River located?,Michigan,Michigan,who are the republican candidates running for governor in Michigan,Bill Schuette,"As of my knowledge cutoff in March 2023, the Republican candidates running for Governor in Michigan were:

1. Greg Ryan
2. Bill Schuette
3. Bill Levitt"
3hop1__131837_66618_440465,What position was held by the republican gubernatorial candidate from the state where Washtenaw Community College is located?,Michigan Attorney General,Which state is Washtenaw Community College located?,Michigan,Michigan,who are the republican candidates running for governor in Michigan,Bill Schuette,"As of my knowledge cutoff in March 2023, the Republican candidates running for Governor in Michigan were:

1. Greg Matta
2. Bill Schuette
3. Jack White"
3hop1__129398_66618_440465,What position was held by the Republican candidate for governor in the state where Mackinaw State Forest is located?,Michigan Attorney General,In which state is Mackinaw State Forest located?,Michigan,Michigan,who are the republican candidates running for governor in Michigan,Bill Schuette,"As of my knowledge cutoff in March 2023, the Republican candidates running for Governor in Michigan were:

1. Greg Matta
2. Bill Schuette
3. Bill Levitt"
3hop1__130002_66618_440465,What position was held by the Republican candidate for governor of the state where Huron Island Light is located?,Michigan Attorney General,What is the name of the state where Huron Island Light is located?,Michigan,"St. Clair County, Michigan",who are the republican candidates running for governor in Michigan,Bill Schuette,"As of my knowledge cutoff in March 2023, the Republican candidates running for Governor of Michigan were:

1. Greg Matta
2. Bill Schuette
3. Bill Levitt"
3hop1__131642_66618_440465,What position was held by the Republican candidate running for governor in the state Plum Hollow Country Club is located?,Michigan Attorney General,Which state is Plum Hollow Country Club located?,Michigan,Michigan,who are the republican candidates running for governor in Michigan,Bill Schuette,"As of my knowledge cutoff in March 2023, the Republican candidates running for Governor in Michigan were:

1. Greg Matta
2. Bill Schuette
3. Bill Levitt"
3hop1__46253_22372_27337,Who was sent to the country where the organization that gave Britain the right to rule Palestine is located?,Mohieddin,who gave britain the right to rule palestine,the League of Nations,The United Kingdom was given the right to rule Palestine by the League of Nations (1920) and later by the United States (1947).,Where is the League of Nations located?,Switzerland,"Geneva, Switzerland"
3hop1__30348_348668_856982,"What is the Margaraviate of the country where the Botanical Garden of the school where Hayek got his doctorates is located, an instance of?",march,Where did Hayek acquire his doctorates?,University of Vienna,University of Vienna and University of Oxford,Botanical Garden of University of Vienna >> country,Austria,Austria
3hop1__222048_348668_856982,Margraviate of the country having Botanical Garden of the university attended by Hans Koller is an instance of what?,march,Hans Koller >> educated at,University of Vienna,University of Vienna,Botanical Garden of University of Vienna >> country,Austria,Austria
3hop1__222048_348668_782779,Who was the child of Maria Leopoldina of the Hans Koller's university's botanical garden's country?,Pedro II,Hans Koller >> educated at,University of Vienna,University of Vienna,Botanical Garden of University of Vienna >> country,Austria,Austria
3hop1__20673_720466_80004,Who picks the prime minister in the country where the British Prime Minister in 1982 is a citizen?,Monarch of the United Kingdom,Who was the British Prime Minister in 1982?,Margaret Thatcher,Margaret Thatcher,Margaret Thatcher >> country of citizenship,United Kingdom,United Kingdom
3hop1__326177_58005_126090,Who is the Premier of the country that shares a border with the country where the Deoksancheon river flows?,Pak Pong-ju,Deoksancheon >> country,South Korea,South Korea,what are the neighboring countries of South Korea,North Korea,"North Korea, China, Japan, Taiwan"
3hop1__326177_58005_18308,Who did the Soviets send to Deoksancheon's country's neighboring country?,Soviet generals,Deoksancheon >> country,South Korea,South Korea,what are the neighboring countries of South Korea,North Korea,"North Korea, China, Japan, Taiwan, and Russia."
3hop1__326177_58005_75534,Who is the prime minister of the country neighboring the country Deoksancheon is located?,Pak Pong - ju,Deoksancheon >> country,South Korea,South Korea,what are the neighboring countries of South Korea,North Korea,"North Korea, China, Japan, Taiwan, and Mongolia."
3hop1__326177_58005_51880,What is the climate like in the country that neighbors the country where Deoksancheon is located?,a combination of a continental climate and an oceanic climate,Deoksancheon >> country,South Korea,South Korea,what are the neighboring countries of South Korea,North Korea,"North Korea, China, Japan, Taiwan"
3hop1__326177_58005_18475,When did the country that neighbors the nation where Deoksancheon can be found call an end to the armistice?,13 March 2013,Deoksancheon >> country,South Korea,South Korea,what are the neighboring countries of South Korea,North Korea,"North Korea, China, Japan, Taiwan"
3hop1__326177_58005_87052,What is the largest football in the world called in the country that neighbors the country Deoksancheon is located?,"The Rungrado 1st of May Stadium, also known as the May Day Stadium",Deoksancheon >> country,South Korea,South Korea,what are the neighboring countries of South Korea,North Korea,"North Korea, Japan, China, Russia, and Taiwan."
3hop1__326177_58005_44955,Who led a successful Marxist revolution in the country neighboring the country where Deoksancheon is located?,Alexandra Kim,Deoksancheon >> country,South Korea,South Korea,what are the neighboring countries of South Korea,North Korea,"North Korea, China, Japan, Taiwan, and Mongolia."
3hop1__326177_58005_85523,When did the neighboring country of where Deoksancheon is located conduct its first nuclear test?,"October 9, 2006",Deoksancheon >> country,South Korea,South Korea,what are the neighboring countries of South Korea,North Korea,"North Korea, China, Japan, Taiwan, and Mongolia."
3hop1__429162_58005_126090,What was in charge of the country neighboring the country where Bokjusan is located?,Pak Pong-ju,Bokjusan >> country,South Korea,South Korea,what are the neighboring countries of South Korea,North Korea,"North Korea, China, Japan, Taiwan"
3hop1__357856_548045_159613,When did Alanders rejoin the country where the Embassy of France is located in the same city as Leksaksmuseet?,December 1917,Leksaksmuseet >> location,Stockholm,"Stockholm, Sweden","Embassy of France, Stockholm >> country",Sweden,Sweden
3hop1__357856_548045_64745,When did Swedish become the official language of the country where the Embassy of France is in the same city as Leksaksmuseet?,20th century,Leksaksmuseet >> location,Stockholm,"Stockholm, Sweden","Embassy of France, Stockholm >> country",Sweden,Sweden
3hop1__145929_548045_159613,When did Alanders rejoin the country where the Embassy of France is located in the city Christer Strömholm died?,December 1917,In what city did Christer Strömholm die?,Stockholm,Stockholm,"Embassy of France, Stockholm >> country",Sweden,Sweden
3hop1__145929_548045_64745,When did swedish become the official language of the country that contains the Embassy of France in the city where Christer Strömholm died?,20th century,In what city did Christer Strömholm die?,Stockholm,Stockholm,"Embassy of France, Stockholm >> country",Sweden,Sweden
3hop1__146755_548045_159613,When did Alanders go back to the country where the Embassy of France is located in the city Emil forselius died?,December 1917,What city did Emil Forselius live when he died?,Stockholm,Stockholm,"Embassy of France, Stockholm >> country",Sweden,Sweden
3hop1__146755_548045_64745,When did Swedish become the official language of the country an Embassy of France is located in the city Emil Forselius died?,20th century,What city did Emil Forselius live when he died?,Stockholm,Stockholm,"Embassy of France, Stockholm >> country",Sweden,Sweden
3hop1__67506_439667_40232,How many inhabitants live in the area that was the birthplace for the actress who plays Pepper Potts in Iron Man 1?,12 million,who plays pepper potts in iron man 1,Gwyneth Paltrow,Gwyneth Paltrow,Gwyneth Paltrow >> place of birth,Los Angeles,"Los Angeles, California"
3hop1__465026_35178_826724,"Khosrowabad, located in the capitol of the country the Kamareh District is found in, is in what county?",Pardis County,Kamareh District >> country,Iran,Iran,What city is Iran 's capital?,Tehran,Tehran.
3hop1__465026_35178_686699,Which district contains Qaleh Now-e Khaleseh in the capital of the country having Kamareh District?,Qaleh Now Rural District,Kamareh District >> country,Iran,Iran,What city is Iran 's capital?,Tehran,Tehran
3hop1__103167_35178_826724,In which county is Khosrowabad located in the capitol of the country Sultan Husayn was in?,Pardis County,What country was Sultan Husayn in?,Iran,Iran,What city is Iran 's capital?,Tehran,Tehran
3hop1__103167_35178_686699,Qaleh Now-e Khaleseh in the capital of the country Sultan Husayn is from is located in what district?,Qaleh Now Rural District,What country was Sultan Husayn in?,Iran,Iran,What city is Iran 's capital?,Tehran,Tehran.
3hop1__159993_74189_12463,What are the notes issued by the current central bank of the country that conducted the Castle Bravo test?,obligations of the United States,What country conducted the Castle Bravo test?,United States,United States,the current central bank of United States is,Federal Reserve,Federal Reserve System
3hop1__159993_74189_73100,When did the current central bank of the country that conducted the Castle Bravo test start quantitative easing?,during the Great Depression of the 1930s,What country conducted the Castle Bravo test?,United States,United States,the current central bank of United States is,Federal Reserve,Federal Reserve
3hop1__161436_74189_12463,What notes are issued by the current central bank of the country Peterson is a top authority of a subject in?,obligations of the United States,What nation is Peterson a top authority of a subject in?,United States,United States,the current central bank of United States is,Federal Reserve,Federal Reserve System
3hop1__161436_74189_73100,When did the current central bank of the country Peterson is a top authority of a subject in start quantitative easing?,during the Great Depression of the 1930s,What nation is Peterson a top authority of a subject in?,United States,United States,the current central bank of United States is,Federal Reserve,Federal Reserve System
3hop1__161436_84068_12463,What notes are issued by the controller of monetary policy in the nation Peterson is top authority of a subject in?,obligations of the United States,What nation is Peterson a top authority of a subject in?,United States,United States,who controls the monetary policy in United States,the Federal Reserve,Federal Reserve System
3hop1__161436_84068_73100,When did the controller of monetary policy in the country Peterson is a top authority of a subject in start quantitative easing?,during the Great Depression of the 1930s,What nation is Peterson a top authority of a subject in?,United States,United States,who controls the monetary policy in United States,the Federal Reserve,Federal Reserve System
3hop1__104732_50615_480870,Who is the child of the person who ruled Qiu Shihua's country of citizenship during the Tianamen Square protests of 1989?,Deng Pufang,Which country's citizen was Qiu Shihua?,China,China,who ruled China during the tiananmen square protests of 1989,Deng Xiaoping,"Mao Zedong's successor, Deng Xiaoping, and later Jiang Zemin."
3hop1__104732_50615_789589,"Who is the spouse of the man who ruled the country of citizenship of Qiu Shihua, during the Tiananmen Square protests of 1989?",Zhuo Lin,Which country's citizen was Qiu Shihua?,China,China,who ruled China during the tiananmen square protests of 1989,Deng Xiaoping,"Mao Zedong's successor, Deng Xiaoping."
3hop1__35485_50615_480870,Who is the child of the person who ruled the country from which very expensive wallpaper was imported during the Tiananmen Square protests of 1989?,Deng Pufang,Where was very expensive wallpaper imported from?,China,"India and China were common sources of high-quality, expensive wallpaper at one time.",who ruled China during the tiananmen square protests of 1989,Deng Xiaoping,"Mao Zedong's successor, Deng Xiaoping."
3hop1__35485_50615_789589,Who is the spouse of the ruler of the country very expensive wallpaper is imported from during the Tiananmen Square protests of 1989?,Zhuo Lin,Where was very expensive wallpaper imported from?,China,India and China were common sources of high-quality wallpaper at that time.,who ruled China during the tiananmen square protests of 1989,Deng Xiaoping,"Mao Zedong's successor, Deng Xiaoping."
3hop1__603146_50615_789589,Who is the child of the person who ruled the country Lenovo is based in during the Tiananmen Square protest in 1989?,Zhuo Lin,Lenovo >> country,China,China,who ruled China during the tiananmen square protests of 1989,Deng Xiaoping,"Mao Zedong's successor, Deng Xiaoping."
3hop1__151117_466051_82685,In which part of the state where the Albany Law Review is published is Rochester located?,western New York,What is the publisher of Albany Law Review?,Albany Law School,Albany Law School,Albany Law School >> located in the administrative territorial entity,New York,New York State University
3hop1__671512_466051_82685,"For the state that produces the Albany Law Review, what region is Rochester in?",western New York,Albany Law Review >> publisher,Albany Law School,Albany Law School,Albany Law School >> located in the administrative territorial entity,New York,Albany Law School is located in the Capital District of New York State.
3hop1__160178_8995_82685,"What part of the state, that Tito visited when he saw the international organization that has North Korea as a member, is Rochester in?",western New York,What was Norh Korea a member of?,UN,The United Nations.,What American state did Tito visit when he saw the UN ?,New York,New York
3hop1__160178_8995_43551,What is the population of Utica in the state Tito visited when he saw the organization North Korea was a member of?,"60,652",What was Norh Korea a member of?,UN,The United Nations.,What American state did Tito visit when he saw the UN ?,New York,New York
3hop1__160178_8995_51040,"In 2016, when did it snow in the state that Tito visited when he saw the organization that North Korea was a member of?","January 22 to January 24, 2016",What was Norh Korea a member of?,UN,The United Nations.,What American state did Tito visit when he saw the UN ?,New York,New York
3hop1__161709_56750_44492,Where did the plane crash in the largest river in the state that lies to the east of Lake Ontario?,off Midtown Manhattan,What state lies to the east of Lake Ontario?,New York,New York,what is the largest river in New York,Hudson River,The Hudson River
3hop1__161709_56750_1891,"How many meters is Riverbank State Park elevated above the largest river, in the state that lies to the east of Lake Ontario?",21,What state lies to the east of Lake Ontario?,New York,New York,what is the largest river in New York,Hudson River,The Hudson River
3hop1__1706_56750_44492,In what part of the largest river located in the city that the English called New Amsterdam after its capture did the plane crash?,off Midtown Manhattan,What did the English call New Amsterdam after its capture?,New York,New York.,what is the largest river in New York,Hudson River,The Hudson River
3hop1__1706_56750_1891,How many meters is Riverbank State Park elevated above the largest river in the state known as New Amsterdam prior to capture by the English?,21,What did the English call New Amsterdam after its capture?,New York,New York.,what is the largest river in New York,Hudson River,The Hudson River
3hop1__75339_677201_1751,In what year was slavery eliminated in the state containing the island where the novel Great Gatsby took place?,1827,where does the novel the great gatsby take place,Long Island,"Long Island, New York.",Long Island >> located in the administrative territorial entity,New York,Northeastern New York
3hop1__53592_66733_33264,What happened when the ruler during the first world war of the largest country in Asia was removed from power?,the Russian Provisional Government was established.,what is the largest country in the asia,Russia,Russia,name the ruler of Russia during first world war,Nicholas II,Nicholas II
3hop1__50406_66733_33264,What happened after the ruler of the world's biggest diamond producer lost power during World War I?,the Russian Provisional Government was established.,who produces the most diamonds in the world,Russia,Russia,name the ruler of Russia during first world war,Nicholas II,Nicholas II
3hop1__815157_66733_33264,What happened when the ruler of the country Olenegorsk is located during WWI was removed from power?,the Russian Provisional Government was established.,Olenegorsk >> country,Russia,Russia,name the ruler of Russia during first world war,Nicholas II,Nicholas II
3hop1__161789_66733_33264,What happened upon the removal from power of the WWI ruler of the country that Ulyanovsk Oblast is a subject of?,the Russian Provisional Government was established.,Which country is U;yanovsk subject to?,Russia,Russia,name the ruler of Russia during first world war,Nicholas II,Nicholas II
3hop1__104719_66733_33264,What happened when the person who ruled Oleg Bogayev's country during the first world war was removed from power?,the Russian Provisional Government was established.,Which country's citizen was Oleg Bogayev?,Russia,Russia,name the ruler of Russia during first world war,Nicholas II,Nicholas II
3hop1__104604_66733_33264,What happened when the ruler of Aleksandr Feklistov's country during WWI was removed from power?,the Russian Provisional Government was established.,Which country's citizen was Aleksandr Feklistov?,Russia,Russia,name the ruler of Russia during first world war,Nicholas II,Nicholas II
3hop1__61493_66733_33264,What happened when the ruler of the site of 2018's World Cup during WWI was removed from power?,the Russian Provisional Government was established.,in 2018 where is the world cup going to be,Russia,Russia.,name the ruler of Russia during first world war,Nicholas II,Nicholas II
3hop1__85051_102348_83428,"When did the first immigrants from the nation that the developer of the printing method that aided the growth of literacy, arrive in America?",In the 1670s,who developed a method of printing that greatly stimulated the growth of literacy,Johannes Gutenberg,Johannes Gutenberg,To which country does Johannes Gutenberg belong as its citizen?,Germany,Germany
3hop1__35466_72872_59284,"Where did the country who won the 2014 event, that the FIFA Considerations Cups is usually considered a warm-up for, finish in the 2006 World Cup?",third place,The FIFA Confederations Cups is usually considered a warm-up for what?,FIFA World Cup,The World Cup.,who won the last FIFA World Cup held in 2014,Germany,Germany
3hop1__40127_29217_62962,When did marriage become a sacrament in the church of the most predominant religion in the country where Normandy is located?,1184,In what country is Normandy located?,France,France,What is the most predominant religion in France ?,Roman Catholic,Roman Catholicism
3hop1__33198_29217_62962,when did marriage become a sacrament in the church of the most predominant religion in the country where the revolutions began?,1184,In what country did the revolutions begin?,France,France,What is the most predominant religion in France ?,Roman Catholic,Roman Catholicism
3hop1__33198_29217_759627,Where is the Diocese of Evansville that is part of the most predominant religion in the country where the revolutions began located?,Archdiocese of Indianapolis,In what country did the revolutions begin?,France,France,What is the most predominant religion in France ?,Roman Catholic,Roman Catholicism
3hop1__160535_29217_62962,When did marriage become a sacrament in the most predominant religion in the country that owns Saint-Domingue?,1184,Which country owns Saint-Domingue?,France,France,What is the most predominant religion in France ?,Roman Catholic,Roman Catholicism
4hop1__75408_46321_1955_73755,What's the most popular sport in the country that provided the most legal immigrants in 2013 in the continent for the country that won the 2002 World Cup in Japan?,Futbol,who won the 2002 world cup in japan,Brazil (,Brazil,Brazil ( is the largest country on which continent,South America,South America
4hop1__75408_46321_1955_64754,The largest country on this continent won the 2002 World Cup in Japan. What type of government is in the country that provided the most legal immigrants in 2013 from the continent?,"four - yearly elected presidential, unicameral representative democracy",who won the 2002 world cup in japan,Brazil (,Brazil,Brazil ( is the largest country on which continent,South America,South America
4hop1__75408_46321_1955_53157,When did the country on the continent whose largest country won Japan's 2002 world cup and provided the most legal immigrants in 2013 change to USD?,"March 13, 2000",who won the 2002 world cup in japan,Brazil (,Brazil,Brazil ( is the largest country on which continent,South America,South America
4hop1__75408_46321_1955_90328,"Of all the countries in the 2002 World Cup winner's continent, the one providing the most legal immigrants in 2013 had a 2017 presidential election won by whom?",Lenín Moreno,who won the 2002 world cup in japan,Brazil (,Brazil,Brazil ( is the largest country on which continent,South America,South America
4hop1__75408_46321_1955_417709,The largest country on this continent won the 2002 World Cup in Japan. Where is the headquarters of Avianca in the country that provided the most legal immigrants in 2013 from the continent?,Quito,who won the 2002 world cup in japan,Brazil (,Brazil,Brazil ( is the largest country on which continent,South America,South America
4hop1__131225_85073_830682_68600,"A singer had an album named after their live performance in a city in the Boulder Dam Hotel's state. When was their ""Way Down"" album released?","August 16, 1977",Which state is Boulder Dam Hotel located?,Nevada,Nevada,what is the name of the large city in southeastern Nevada,Las Vegas,Las Vegas
4hop1__131661_85073_830682_68600,When was way down by the performer of Live in the large city southeastern of the US state having Pyramid Lake Fault Zone released?,"August 16, 1977",Which state is Pyramid Lake Fault Zone located?,Nevada,Nevada,what is the name of the large city in southeastern Nevada,Las Vegas,Las Vegas
4hop1__13225_22372_375457_49140,"What was the 2018 population of the host of the 1920 Summer Olympics, that involved the country housing the organization that Congress refused to let the US join?","11,420,163",Congress refused to allow the US to join what organization?,the League of Nations,The League of Nations.,Where is the League of Nations located?,Switzerland,"Geneva, Switzerland"
4hop1__46253_22372_375457_49140,"What was the 2018 population of the host country for the 1920 Summer Olympics, that featured the nation formerly housing the organization that gave Britain the right to rule Palestine?","11,420,163",who gave britain the right to rule palestine,the League of Nations,The United Kingdom was given the right to rule Palestine by the League of Nations (1919-1920) and later by the United States (1947).,Where is the League of Nations located?,Switzerland,"Geneva, Switzerland"
4hop1__160178_8995_56750_44492,Where did the plane crash in the largest river in the state Tito visited when he saw the organization North Korea belongs to?,off Midtown Manhattan,What was Norh Korea a member of?,UN,The United Nations.,What American state did Tito visit when he saw the UN ?,New York,New York
4hop1__160178_8995_56750_1891,How many meters is Riverbank State Park above the largest river in the state Tito visited when he saw the organization North Korea is a member of?,21,What was Norh Korea a member of?,UN,The United Nations.,What American state did Tito visit when he saw the UN ?,New York,New York
4hop1__35260_8995_56750_44492,Where in the largest river in the state where Tito saw the organization which mediated the truce ending the Iran-Iraq War?,off Midtown Manhattan,Who mediated the truce which ended the Iran-Iraq War?,the UN,The United Nations Security Council.,What American state did Tito visit when he saw the the UN ?,New York,New York
4hop1__35260_8995_56750_1891,How many meters above the largest river in the state Tito saw when he visited the organization that mediated the truce ending the Iran-Iraq War is Riverbank State Park?,21,Who mediated the truce which ended the Iran-Iraq War?,the UN,The United Nations Security Council.,What American state did Tito visit when he saw the the UN ?,New York,New York
4hop1__27348_8995_56750_44492,Where did the plane crash in the largest river in the state Tito visited when he saw the organization offering possible solutions Arab-Israeli conflict supported by Nasser?,off Midtown Manhattan,"What organization offered possible solutions Arab-Israeli conflict, which Nasser supported?",UN,The United Nations.,What American state did Tito visit when he saw the UN ?,New York,New York
4hop1__18393_8995_56750_44492,Where did Flight 1549 crash in the largest river in the state that Tito visited when he went to the organization that authorized troops to follow North Korean forces north?,off Midtown Manhattan,Who authorized giving troops the ability to follow the North Korean forces north?,the UN,The United States Joint Chiefs of Staff.,What American state did Tito visit when he saw the the UN ?,New York,New York
4hop2__35882_81195_91861_124556,Who fathered the leader of the first expedition to reach the continent where Buddhism spread by sailing across the ocean that supplies the warm air mass over the Argentinian Andes.,Estêvão da Gama,Where did Buddhism spread?,Asia,"India, China, Southeast Asia, and East Africa.",where does the warm moist air mass over the andes mountains in argentina come from,the Pacific Ocean,The warm moist air mass comes from the Pacific Ocean to the west and the Antarctic cold air to the east.
4hop2__725032_81195_91861_124556,"Who fathered the man that led the first expedition to reach the continent containing Bengaluru, by sailing west across the area that provides the warm moist air over the Andes?",Estêvão da Gama,Bengaluru >> continent,Asia,Asia,where does the warm moist air mass over the andes mountains in argentina come from,the Pacific Ocean,The warm moist air mass comes from the Pacific Ocean to the west and the Antarctic cold front to the east.
4hop2__773503_81195_91861_124556,Who fathered the leader of the first expedition to reach Hyderabad's continent by sailing west across the source of the warm moist air mass over the Andes in Argentina?,Estêvão da Gama,Hyderabad >> continent,Asia,Asia,where does the warm moist air mass over the andes mountains in argentina come from,the Pacific Ocean,The warm moist air mass comes from the Pacific Ocean to the west and the Antarctic cold pool to the east.
4hop2__207997_81195_91861_124556,It is possible to reach the continent that includes Kyambedu by sailing across the ocean closest to the Andes. Who was the father of the first man to do so?,Estêvão da Gama,Koyambedu >> continent,Asia,Asia,where does the warm moist air mass over the andes mountains in argentina come from,the Pacific Ocean,The warm moist air mass comes from the Pacific Ocean to the west and the Antarctic cold front to the east.
4hop2__99813_81195_91861_124556,Who fathered the leader of the first expedition to reach Vadodara's continent by sailing across the ocean that supplies the warm moist air mass over the Argentinian Andes?,Estêvão da Gama,On what continent can Vadodara be found?,Asia,Asia,where does the warm moist air mass over the andes mountains in argentina come from,the Pacific Ocean,The warm moist air mass comes from the Pacific Ocean to the west and the Antarctic cold front to the east.
4hop2__205028_81195_91861_124556,Who fathered the leader of the first expedition to reach Hanoi's continent by sailing west across the source of the warm moist air mass over the Andes?,Estêvão da Gama,Hanoi >> continent,Asia,Asia,where does the warm moist air mass over the andes mountains in argentina come from,the Pacific Ocean,"The warm moist air mass comes from the Pacific Ocean to the east of South America, specifically from the equatorial region."
4hop2__66475_53235_57802_311656,"The first leader of Europe's largest country, following the collapse of the union of republics that was formed as a result of the Russian revolution, died in what city?",Moscow,what was russia called after the russian revolution,the Soviet Union,Soviet Union,what is the largest country in europe by square miles,Russia *,Russia
4hop2__42089_53235_57802_311656,What is the death city of the leader of the largest country in Europe by square miles after collapse of the socialist state deploying its army into Afghanistan in 1979?,Moscow,Who deployed its army into Afghanistan in 1979?,the Soviet Union,The Soviet Union.,what is the largest country in europe by square miles,Russia *,Russia
4hop2__68160_53235_57802_311656,What is the death city of the leader of the largest country in Europe by square miles after the collapse of the state inventing the first satellite in the world?,Moscow,who invented the first satellite in the world,the Soviet Union,"Sputnik 1 was the first artificial satellite to be launched into Earth's orbit by the Soviet Union on October 4, 1957.",what is the largest country in europe by square miles,Russia *,Russia
4hop2__53235_66475_57802_311656,What is the place of death for the person who became leader of Europe's larges country by square miles after it collapsed after the Russian revolution?,Moscow,what is the largest country in europe by square miles,Russia *,Russia,what was russia called after the russian revolution,the Soviet Union,Soviet Union
4hop2__53235_42089_57802_311656,What is the place of death of the leader of the largest European country in square miles after the collapse of the country who deployed its army into Afghanistan in 1979?,Moscow,what is the largest country in europe by square miles,Russia *,Russia,Who deployed its army into Afghanistan in 1979?,the Soviet Union,The Soviet Union.
4hop2__53235_68160_57802_311656,Where did the man who became leader of the largest European country after the collapse of the nation that invented the world's first satellite die?,Moscow,what is the largest country in europe by square miles,Russia *,Russia,who invented the first satellite in the world,the Soviet Union,"Sputnik 1 was the first artificial satellite to be launched into Earth's orbit by the Soviet Union on October 4, 1957."
4hop2__53235_79417_57802_311656,What is the place of death of the leader of the largest country in Europe by square miles after the collapse of America's main rival during the Cold War?,Moscow,what is the largest country in europe by square miles,Russia *,Russia,which nation was america's primary enemy during the cold war,the Soviet Union,Soviet Union
4hop2__10725_83398_484788_21082,How many Jews live in the continent which contains a government where phonology is popular and a country where the Dutch reformed church came from?,1.4 million,Where is government phonology popular?,"the United Kingdom,",United States and United Kingdom.,where does the dutch reformed church come from,the Netherlands,The Dutch Reformed Church originated in the Netherlands during the 16th century.
4hop2__10725_83398_484788_80242,When did the Black Death arrive in the continent with the Dutch Reform church's country and the country where government phonology is popular?,1347,Where is government phonology popular?,"the United Kingdom,",United States and United Kingdom.,where does the dutch reformed church come from,the Netherlands,The Dutch Reformed Church originated in the Netherlands during the 16th century.
4hop2__10725_83398_484788_851470,Who broadcast the evening news TV show about the continent of the country where government phonology is popular and the country where the Dutch reform church comes from?,CNBC Europe,Where is government phonology popular?,"the United Kingdom,",United States and United Kingdom.,where does the dutch reformed church come from,the Netherlands,The Dutch Reformed Church originated in the Netherlands during the 16th century.
4hop3__100331_46089_61674_1952,A region is the middle leg of the journey from England to the continent having Togo to the Americas. What nation provided the most legal immigrants to the US city filming the tv show Gotham in this region?,the Dominican Republic,The continent that Togo is on is what?,Africa,West Africa,the middle leg of the journey from england to Africa to the americas,the Caribbean,Caribbean
4hop3__99279_46089_61674_1952,The middle leg of the journey from England to Mafadi's continent to the Americas in a sea region. Which nation from this region provided the most legal immigrants to the city where Gotham was filmed?,the Dominican Republic,What continent is Mafadi on?,Africa,Africa,the middle leg of the journey from england to Africa to the americas,the Caribbean,Caribbean
4hop3__564093_46089_61674_1952,What nation provided the most legal immigrants to where Gotham is filmed in the region that was the middle leg of the journey from England to Azania's location to America?,the Dominican Republic,Azania >> location,Africa,South Africa,the middle leg of the journey from england to Africa to the americas,the Caribbean,Caribbean
4hop3__10725_484788_15766_63115,The era during which methods originated that children were taught to memorize facts started in what area of the continent where the mouth of the Tikhaya Sosna is located?,seemingly in Italy,Where is government phonology popular?,"the United Kingdom,",United States and United Kingdom.,"the United Kingdom, of the Netherlands >> continent",Europe,Europe
4hop3__55666_362455_28338_160498,What are the biggest terrorist attacks by the group with which Bush said the war on terror begins against the country where Black Friday originated?,the 9/11 attacks,where did they come up with black friday,Philadelphia,The concept of Black Friday originated in Philadelphia in the early 1950s.,"Federal Detention Center, Philadelphia >> country",the United States,United States
4hop3__5752_362455_28338_160498,What are the biggest terrorist attacks by the group with which Bush said the war on terror begins against the country where where the 1876 Centennial Exposition took place?,the 9/11 attacks,In what city was the 1876 Centennial Exposition?,Philadelphia,Philadelphia,"Federal Detention Center, Philadelphia >> country",the United States,United States
4hop3__101172_75897_8509_19700,How many people starting the great migration of the Slavs live in the country being the colonial holding in the continent having Purus River and governed by Portugal?,5 million,Which continent is Purus River in?,South America,South America,what was the colonial holding in South America that was governed by portugal,Brazil,Brazil
4hop3__81733_75897_8509_19700,How many people who started the great migration of the Slavs live in the colonial holding governed by Portugal in the continent where purple martins go in the winter?,5 million,where do purple martins go for the winter,South America,They migrate to Central and South America.,what was the colonial holding in South America that was governed by portugal,Brazil,Brazil
4hop3__358018_75897_8509_19700,How many people who started the great migration of the Slavs live in the colony in the continent Beagle Channel is located that was governed by Portugal?,5 million,Beagle Channel >> continent,South America,South America,what was the colonial holding in South America that was governed by portugal,Brazil,Brazil
4hop3__100784_75897_8509_19700,"How many of the people who started the great migration of the Slavs live in the the former colonial holding, found on the same continent as Tungurahua, that was governed by Portugal?",5 million,What continent is Tungurahua found on?,South America,South America,what was the colonial holding in South America that was governed by portugal,Brazil,Brazil
4hop3__207199_38788_25582_21116,How many people whose name new students were once called by others live in the South American country discovered by the country where Evora is located?,"196,000-600,000",Évora >> country,Portugal,Portugal,What South American country did Portugal discover?,Brazil,Brazil
4hop3__323263_38788_25582_21116,New students were once called members of a religious group. How many followers of that religion live in the South American country discovered by the country containing Sagres civil parish?,"196,000-600,000",Sagres >> country,Portugal,Portugal,What South American country did Portugal discover?,Brazil,Brazil
4hop3__136684_38788_25582_21116,New students were once referred to as members of a religious group. How many members of that group live in the South American country discovered by Os Lusíadas's country.,"196,000-600,000",Which place is Os Lusíadas in?,Portugal,Portugal,What South American country did Portugal discover?,Brazil,Brazil
4hop3__106705_38788_25582_21116,How many of the people that new students were once called by others live in the South American country discovered by the nation that released Os Lusíadas?,"196,000-600,000",What country released Os Lusíadas?,Portugal,Portugal,What South American country did Portugal discover?,Brazil,Brazil
4hop3__101722_38788_25582_21116,How many people whose name new students were once called by others live in the place discovered by the country home to Diogo Rodrigues?,"196,000-600,000",In which country did Diogo Rodrigues live?,Portugal,Portugal,What South American country did Portugal discover?,Brazil,Brazil
4hop3__69818_38788_25582_21116,How many people whose name new students were once called by others live in the South American country discovered by the colonizer of Macao?,"196,000-600,000",macao was a colony of what european country,Portugal,Portugal,What South American country did Portugal discover?,Brazil,Brazil
4hop3__101745_38788_25582_21116,How many people whose name new students were once called by others live in the South American country discovered by the home of Ilidio Vale?,"196,000-600,000",In which country did Ilídio Vale live?,Portugal,Portugal,What South American country did Portugal discover?,Brazil,Brazil
4hop3__43051_38788_25582_21116,How many people with the name others once used to call new students live in the country discovered by the colonizer of Angola and Mozambique?,"196,000-600,000",angola and mozambique were once colonies of which country,Portugal,Portugal,What South American country did Portugal discover?,Brazil,Brazil
4hop3__44699_38788_25582_21116,How many people whose name new students were once called by others live in the South American country discovered by the country Cristiano Ronaldo plays for?,"196,000-600,000",cristiano ronaldo what country does he play for,Portugal,Portugal,What South American country did Portugal discover?,Brazil,Brazil
4hop3__9664_38788_25582_21116,How many of the people that new student were once called live in the South American country discovered by the country that left Guinae-Bissau in 1974?,"196,000-600,000",What country left Guinea-Bissau in 1974?,Portugal,Portugal,What South American country did Portugal discover?,Brazil,Brazil
2hop__51228_87085,"Who became known as The Liberator, in the continent that the equator runs through the northern part of?",Simón Bolívar,the equator runs through the northern part of the continent of,South America,South America,who became known throughout South America as the liberator,Simón Bolívar,Simón Bolívar.
2hop__106409_161232,When did Newfoundland become part of the country where The Death of a Lumberjack was produced?,1949,Which was the country for The Death of a Lumberjack?,Canada,Canada,When did Newfoundland become part of Canada ?,1949,"October 31, 1949"
2hop__33922_68175,"In 1823, what emperor was overthrown in the country that the US bought land from in the Gadsden Purchase?",Agustín de Iturbide,Where did the US buy land from in the Gadsden Purchase?,Mexico,Mexico,who was the emperor of Mexico who was overthrown in 1823,Agustín de Iturbide,Agustín de Iturbide
2hop__52715_51677,Which leader oversaw the end of apartheid in the country that hosted the 2010 World Cup?,Mandela,where was the world cup held in 2010,South Africa,South Africa.,apartheid ended in South Africa during the presidency of,Mandela,Nelson Mandela.
2hop__78806_93820,"When did the country the name Kavanaugh comes from, gain its independence from England?",1922,what country does the name kavanaugh come from,Ireland,Ireland,when did Ireland gain its independence from england,1922,1919-1922
2hop__67233_79379,How old do you have to be to purchase alcohol in the place where Uncle Tom's Cabin takes place?,21,where does uncle tom's cabin take place,Kentucky,Kentucky.,how old do you have to be to buy alcohol in Kentucky,21,21 years old.
2hop__92470_90942,"When were the subways built in the city where ""Sex and the City"" takes place?","October 27, 1904",where did they live in sex and the city,New York City,New York City.,when were the subways built in New York City,"October 27, 1904","The first underground line was opened on October 27, 1904; the second was opened on April 30, 1913; and the third was opened on May 1, 1932."
2hop__31942_72062,What specialized agency is the public health division of the organization that recognized the sovereignty of the Republic of Cyprus?,The World Health Organization (WHO),What organization recognizes the sovereignty of the Republic of Cyprus?,The United Nations,The United Nations.,the specialized agency that serves as the public health division of The United Nations is,The World Health Organization (WHO),World Health Organization (WHO).
2hop__158048_46674,Which nation was not part of the U.N. allied military force in the country where taekwondo is originally from?,North Korea,Where was taekwondo originally from?,Korea,Korea,which nation was not part of the united nations allied military force in Korea,North Korea,North Korea
2hop__158735_85166,What was the cause of the black death in the area containing Spain?,The bacterium Yersinia pestis,Where is Spain primarily located?,Europe,Southwest Europe,what was the cause of the black death in Europe,The bacterium Yersinia pestis,"The Black Death was caused by the bubonic plague bacterium, Yersinia pestis, which was transmitted to humans through the bites of infected fleas that lived on rats and other rodents."
2hop__18468_85523,when did the country now owning Kaesong conduct its first nuclear test?,"October 9, 2006",Where is the capital city of Kaesong now located?,North Korea,Kaesong was relocated to Pyongyang in North Korea.,when did North Korea conduct its first nuclear test,"October 9, 2006","October 9, 2006"
2hop__131025_83296,What is the tallest bridge in the state where the Star City Bridge is located?,the New River Gorge Bridge,What state is Star City Bridge located?,West Virginia,West Virginia,what is the tallest bridge in West Virginia,the New River Gorge Bridge,New River Gorge Bridge
2hop__84597_92927,What U.S. state forms the western boundary of the state where area code 406 is located?,Idaho,where is area code 406 located in usa,Montana,In Montana.,what us state forms the western boundary of Montana,Idaho,Idaho
2hop__104567_56424,"In 1306, who was the king of the country René Panhard was in?",Philip IV,Which country was René Panhard in?,France,France,who was the king of France in 1306,Philip IV,Philip IV
2hop__162184_90692,When did the refugee crisis start in the continent of Volga River?,2015,In what continent is the Volga River located?,Europe,Europe,when did the refugee crisis in Europe start,2015,2015-2016
2hop__50578_77638,When was the Excalibur built in the city which holds the World Series of Poker?,1990,where does the world series of poker take place,Las Vegas,"Las Vegas, Nevada.",when was the excalibur built in Las Vegas,1990,There is no record of a ship called Excalibur being built in Las Vegas. The Excalibur Hotel and Casino in Las Vegas was opened in 1990.
2hop__3026_77638,When was the Excalibur built in the city where the contestants performed additional rounds in the 10th and 11th seasons?,1990,In what city did contestants perform an additional round in seasons ten and eleven?,Las Vegas,Las Vegas,when was the excalibur built in Las Vegas,1990,"There is no record of an ""Escalibur"" being built in Las Vegas. The original Excalibur hotel and casino was opened in 1990 by Steve Wynn at the Las Vegas Strip."
2hop__137077_47237,What is the largest cathedral in the state Third Watch was recorded in?,St. Patrick's Cathedral,Which place is Third Watch in?,New York City,New York City Police Department,what is the largest cathedral in New York City,St. Patrick's Cathedral,St. Patrick's Cathedral
2hop__129629_31248,What is the elevation of the highest point of the state where Tellico Reservoir is located?,"6,643 feet",In which state is Tellico Reservoir located?,Tennessee,Tennessee,What is the elevation of Tennessee 's highest point?,"6,643 feet","Tennessee's highest point is Clingmans Dome, which has an elevation of 6,643 feet (2,024 meters)."
2hop__20961_85304,Which article of the document giving Congress limited power to enact statutes states it is the supreme law of the land?,"Article VI, Clause 2",What gives Congress limited power to enact statutes?,the Constitution,"Article I, Section 7 of the United States Constitution.",which article states the the Constitution is the supreme law of land,"Article VI, Clause 2","Article VI, Clause 2."
2hop__157772_44126,When did the first country mentioned gain independence and establish a unified government?,1922,What is the first country mentioned?,Ireland,Ireland,when did Ireland gain independence and establish a unified government,1922,1919-1922
2hop__100331_85374,What is the southern tip of the continent where Togo is located named?,Cape Agulhas,The continent that Togo is on is what?,Africa,West Africa,what is the name of the southern tip of Africa,Cape Agulhas,Cape Agulhas.
